DATE,DAY_OF_THE_WEEK,MONTH,SEASON,ACTIVITY_steps,ACTIVITY_distance,ACTIVITY_soft,ACTIVITY_moderate,ACTIVITY_intense,ACTIVITY_hr_average,ACTIVITY_hr_min,ACTIVITY_hr_max,SLEEP_totalsleeptime,SLEEP_durationtosleep,SLEEP_hr_average,SLEEP_hr_min,SLEEP_hr_max,SLEEP_wakeupcount,SLEEP_wakeupduration
06.07.21,1,6,0,9574.0,9132.0,10501.0,5280.0,0.0,88.0,9.0,182.0,22020.0,120.0,73.0,60.0,88.0,2.0,1080.0
07.07.21,2,6,0,4949.0,3417.0,13498.0,541.0,0.0,78.0,62.0,121.0,30780.0,1200.0,63.0,54.0,109.0,1.0,3120.0
08.07.21,3,6,0,7090.0,5453.0,9000.0,3420.0,0.0,81.0,49.0,135.0,29760.0,120.0,62.0,51.0,81.0,0.0,120.0
09.07.21,4,6,0,15078.0,11598.0,11223.0,8879.0,0.0,88.0,60.0,168.0,30060.0,420.0,63.0,54.0,78.0,1.0,900.0
10.07.21,5,6,0,1037.0,852.0,4500.0,240.0,0.0,77.0,60.0,150.0,34560.0,120.0,64.0,54.0,89.0,1.0,1080.0
11.07.21,6,6,0,18417.0,14005.0,11582.0,8881.0,0.0,107.0,57.0,177.0,31320.0,120.0,68.0,55.0,93.0,2.0,1260.0
12.07.21,0,6,0,4687.0,3620.0,9540.0,1801.0,0.0,84.0,52.0,172.0,15420.0,120.0,67.0,57.0,77.0,2.0,1020.0
13.07.21,1,6,0,5063.0,4044.0,10200.0,900.0,3420.0,87.0,54.0,160.0,27600.0,120.0,66.0,56.0,89.0,1.0,540.0
14.07.21,2,6,0,10591.0,8205.0,11580.0,4500.0,0.0,82.0,49.0,177.0,24120.0,180.0,66.0,57.0,109.0,2.0,2940.0
15.07.21,3,6,0,3829.0,2907.0,8341.0,1379.0,0.0,78.0,53.0,123.0,31440.0,120.0,62.0,54.0,73.0,1.0,960.0
16.07.21,4,6,0,6700.0,4987.0,12662.0,2099.0,0.0,85.0,54.0,164.0,24540.0,180.0,62.0,55.0,84.0,0.0,180.0
17.07.21,5,6,0,14666.0,11482.0,4616.0,10381.0,0.0,94.0,58.0,125.0,30300.0,120.0,71.0,58.0,114.0,2.0,1800.0
18.07.21,6,6,0,9406.0,7809.0,6661.0,4140.0,4920.0,91.0,53.0,173.0,36660.0,120.0,73.0,60.0,116.0,3.0,4380.0
19.07.21,0,6,0,6132.0,4746.0,9180.0,3240.0,0.0,89.0,68.0,178.0,26520.0,120.0,69.0,59.0,118.0,5.0,3600.0
20.07.21,1,6,0,11074.0,8554.0,14342.0,5639.0,720.0,89.0,64.0,172.0,28020.0,120.0,68.0,58.0,93.0,2.0,1080.0
21.07.21,2,6,0,3411.0,2726.0,8160.0,1140.0,900.0,85.0,43.0,183.0,28380.0,180.0,66.0,58.0,89.0,0.0,300.0
22.07.21,3,6,0,24905.0,19044.0,11220.0,13500.0,4080.0,96.0,62.0,175.0,27060.0,120.0,70.0,60.0,83.0,2.0,600.0
23.07.21,4,6,0,7150.0,6034.0,7980.0,3660.0,1980.0,82.0,61.0,171.0,,,,,,,
24.07.21,5,6,0,7172.0,5538.0,7861.0,4320.0,0.0,83.0,58.0,120.0,42960.0,120.0,64.0,54.0,85.0,1.0,480.0
25.07.21,6,6,0,1555.0,1503.0,7801.0,0.0,3720.0,88.0,46.0,163.0,31380.0,120.0,64.0,56.0,76.0,0.0,540.0
26.07.21,0,6,0,5637.0,4229.0,13683.0,1980.0,0.0,84.0,61.0,104.0,24720.0,120.0,60.0,42.0,83.0,3.0,1860.0
27.07.21,1,6,0,8046.0,6011.0,6541.0,3660.0,0.0,83.0,49.0,162.0,40920.0,120.0,61.0,53.0,82.0,3.0,1140.0
28.07.21,2,6,0,5957.0,4463.0,6001.0,3060.0,0.0,58.0,54.0,62.0,32160.0,120.0,64.0,54.0,80.0,5.0,2280.0
29.07.21,3,6,0,1473.0,1084.0,4560.0,420.0,0.0,83.0,56.0,168.0,39300.0,120.0,61.0,50.0,94.0,3.0,4200.0
30.07.21,4,6,0,1849.0,1440.0,6480.0,660.0,0.0,75.0,45.0,110.0,35040.0,120.0,63.0,52.0,86.0,3.0,2580.0
31.07.21,5,6,0,15412.0,11640.0,15602.0,6960.0,0.0,89.0,54.0,172.0,23400.0,120.0,61.0,52.0,77.0,4.0,1440.0
01.08.21,6,7,0,13234.0,9768.0,16320.0,3420.0,2280.0,90.0,60.0,209.0,30780.0,120.0,59.0,54.0,67.0,1.0,660.0
02.08.21,0,7,0,2837.0,1991.0,11761.0,60.0,0.0,78.0,59.0,119.0,12840.0,120.0,68.0,58.0,84.0,0.0,780.0
03.08.21,1,7,0,1835.0,1270.0,8461.0,0.0,0.0,80.0,62.0,106.0,37380.0,120.0,62.0,52.0,96.0,0.0,360.0
04.08.21,2,7,0,3871.0,2695.0,12603.0,180.0,0.0,92.0,66.0,191.0,34680.0,120.0,63.0,54.0,93.0,4.0,3060.0
05.08.21,3,7,0,6648.0,4572.0,18663.0,240.0,0.0,87.0,60.0,114.0,31380.0,120.0,61.0,53.0,78.0,0.0,660.0
06.08.21,4,7,0,6779.0,4655.0,14220.0,781.0,0.0,88.0,63.0,173.0,17280.0,120.0,66.0,54.0,85.0,0.0,300.0
07.08.21,5,7,0,2651.0,1831.0,10560.0,0.0,0.0,86.0,61.0,170.0,34500.0,120.0,67.0,56.0,80.0,0.0,120.0
08.08.21,6,7,0,3430.0,2376.0,13562.0,60.0,0.0,88.0,54.0,129.0,30780.0,120.0,66.0,55.0,81.0,1.0,540.0
09.08.21,0,7,0,5755.0,3953.0,18481.0,240.0,0.0,91.0,60.0,123.0,27180.0,120.0,66.0,54.0,90.0,1.0,1320.0
10.08.21,1,7,0,5712.0,3951.0,15540.0,660.0,0.0,91.0,65.0,120.0,30780.0,120.0,65.0,56.0,90.0,1.0,900.0
11.08.21,2,7,0,2692.0,1851.0,12482.0,180.0,0.0,94.0,63.0,186.0,28800.0,120.0,71.0,62.0,112.0,3.0,2100.0
12.08.21,3,7,0,7325.0,5001.0,19500.0,420.0,0.0,92.0,51.0,162.0,26880.0,120.0,68.0,55.0,119.0,2.0,1620.0
13.08.21,4,7,0,6998.0,4749.0,15841.0,960.0,0.0,85.0,53.0,117.0,27420.0,120.0,67.0,62.0,76.0,0.0,120.0
14.08.21,5,7,0,10129.0,7141.0,17642.0,1980.0,0.0,90.0,71.0,170.0,24720.0,120.0,68.0,55.0,107.0,2.0,1140.0
15.08.21,6,7,0,2787.0,1987.0,12720.0,300.0,0.0,77.0,55.0,120.0,11100.0,120.0,75.0,70.0,81.0,0.0,120.0
16.08.21,0,7,0,4309.0,3257.0,10020.0,1440.0,0.0,84.0,63.0,111.0,27480.0,120.0,64.0,57.0,93.0,0.0,540.0
17.08.21,1,7,0,4784.0,3284.0,9961.0,0.0,5460.0,86.0,62.0,158.0,28620.0,120.0,71.0,58.0,94.0,3.0,2040.0
18.08.21,2,7,0,3184.0,2240.0,10440.0,0.0,3120.0,92.0,51.0,188.0,29100.0,120.0,64.0,58.0,73.0,2.0,1320.0
19.08.21,3,7,0,3708.0,2546.0,12781.0,60.0,0.0,83.0,57.0,118.0,24840.0,120.0,65.0,58.0,83.0,0.0,180.0
20.08.21,4,7,0,4662.0,3205.0,14403.0,0.0,0.0,84.0,65.0,111.0,25680.0,240.0,66.0,59.0,89.0,1.0,720.0
21.08.21,5,7,0,4165.0,2924.0,15243.0,60.0,600.0,88.0,66.0,173.0,20700.0,300.0,64.0,53.0,99.0,1.0,900.0
22.08.21,6,7,0,4102.0,2891.0,12300.0,420.0,0.0,87.0,51.0,121.0,18660.0,120.0,77.0,63.0,108.0,1.0,300.0
23.08.21,0,7,0,9934.0,6786.0,15538.0,3181.0,0.0,83.0,45.0,163.0,,,,,,,
24.08.21,1,7,0,5723.0,5306.0,5400.0,4020.0,0.0,80.0,46.0,157.0,42300.0,120.0,63.0,59.0,71.0,1.0,1080.0
25.08.21,2,7,0,5835.0,4229.0,12419.0,1381.0,0.0,84.0,59.0,153.0,38160.0,120.0,55.0,49.0,64.0,0.0,180.0
26.08.21,3,7,0,2367.0,1714.0,9240.0,420.0,0.0,78.0,55.0,179.0,25440.0,120.0,63.0,54.0,114.0,2.0,1260.0
27.08.21,4,7,0,2223.0,2388.0,6300.0,0.0,2580.0,80.0,54.0,201.0,40080.0,120.0,61.0,52.0,86.0,2.0,1140.0
28.08.21,5,7,0,10421.0,8772.0,7440.0,6240.0,0.0,82.0,59.0,170.0,35100.0,120.0,62.0,54.0,76.0,2.0,540.0
29.08.21,6,7,0,1320.0,970.0,4200.0,60.0,1860.0,82.0,53.0,167.0,44040.0,120.0,62.0,53.0,107.0,3.0,4440.0
30.08.21,0,7,0,892.0,620.0,5700.0,0.0,0.0,76.0,45.0,107.0,32760.0,120.0,59.0,52.0,77.0,1.0,780.0
31.08.21,1,7,0,1093.0,799.0,5341.0,60.0,0.0,60.0,53.0,75.0,38580.0,120.0,61.0,53.0,75.0,1.0,600.0
01.09.21,2,8,0,9910.0,7821.0,6240.0,6120.0,0.0,78.0,62.0,125.0,32160.0,120.0,59.0,54.0,70.0,2.0,1440.0
02.09.21,3,8,0,6614.0,4988.0,5400.0,3840.0,0.0,,,,36780.0,120.0,62.0,55.0,85.0,4.0,1620.0
03.09.21,4,8,0,1038.0,730.0,5941.0,0.0,0.0,75.0,60.0,112.0,31260.0,900.0,61.0,53.0,76.0,2.0,2460.0
04.09.21,5,8,0,698.0,505.0,4140.0,0.0,0.0,76.0,54.0,125.0,34620.0,180.0,62.0,50.0,112.0,2.0,2460.0
05.09.21,6,8,0,4449.0,3596.0,7263.0,2640.0,0.0,84.0,66.0,114.0,34800.0,240.0,62.0,54.0,100.0,3.0,1741.0
06.09.21,0,8,0,6525.0,4784.0,7501.0,3240.0,0.0,,,,11160.0,120.0,73.0,61.0,85.0,0.0,480.0
07.09.21,1,8,0,5232.0,3972.0,7440.0,2580.0,0.0,78.0,55.0,165.0,,,,,,,
08.09.21,2,8,0,9599.0,7242.0,10620.0,3841.0,0.0,98.0,56.0,156.0,30600.0,120.0,67.0,58.0,87.0,0.0,180.0
09.09.21,3,8,0,12128.0,9706.0,3600.0,8700.0,0.0,68.0,59.0,91.0,36540.0,120.0,65.0,59.0,73.0,3.0,1080.0
10.09.21,4,8,0,763.0,540.0,4622.0,0.0,0.0,84.0,61.0,194.0,36120.0,120.0,68.0,56.0,112.0,2.0,1680.0
11.09.21,5,8,0,18792.0,14968.0,6840.0,11760.0,0.0,101.0,62.0,176.0,36060.0,120.0,67.0,58.0,108.0,2.0,1260.0
12.09.21,6,8,0,14467.0,10870.0,12961.0,6300.0,0.0,86.0,65.0,173.0,,,,,,,
13.09.21,0,8,0,18601.0,14350.0,9659.0,10801.0,0.0,92.0,59.0,172.0,31680.0,120.0,65.0,50.0,110.0,1.0,720.0
14.09.21,1,8,0,4839.0,3932.0,5340.0,3060.0,0.0,76.0,63.0,94.0,36000.0,120.0,64.0,55.0,95.0,1.0,900.0
15.09.21,2,8,0,9897.0,7418.0,15422.0,3720.0,0.0,91.0,63.0,166.0,28140.0,120.0,64.0,55.0,80.0,1.0,840.0
16.09.21,3,8,0,7208.0,5318.0,8519.0,2701.0,0.0,64.0,57.0,109.0,36360.0,120.0,65.0,57.0,82.0,5.0,2640.0
17.09.21,4,8,0,13974.0,10861.0,10918.0,7741.0,0.0,82.0,59.0,167.0,20159.0,121.0,62.0,54.0,72.0,0.0,181.0
18.09.21,5,8,0,,,,,,,,,34020.0,120.0,60.0,54.0,70.0,4.0,1860.0
19.09.21,6,8,0,691.0,487.0,4200.0,0.0,0.0,75.0,41.0,116.0,39480.0,120.0,58.0,53.0,84.0,1.0,720.0
20.09.21,0,8,0,612.0,434.0,4200.0,0.0,0.0,75.0,48.0,120.0,32520.0,240.0,59.0,52.0,88.0,1.0,1620.0
21.09.21,1,8,0,3401.0,2647.0,6722.0,1139.0,0.0,78.0,48.0,133.0,26880.0,120.0,59.0,53.0,77.0,3.0,1020.0
22.09.21,2,8,1,5698.0,4667.0,6000.0,3300.0,0.0,83.0,56.0,140.0,31680.0,120.0,61.0,54.0,93.0,1.0,540.0
23.09.21,3,8,1,7255.0,5367.0,9840.0,2520.0,0.0,82.0,54.0,162.0,20940.0,120.0,63.0,53.0,100.0,1.0,1080.0
24.09.21,4,8,1,9252.0,7226.0,4321.0,6180.0,0.0,76.0,61.0,110.0,41040.0,120.0,63.0,55.0,95.0,0.0,600.0
25.09.21,5,8,1,9944.0,7363.0,12960.0,4200.0,0.0,83.0,55.0,127.0,21300.0,120.0,67.0,55.0,94.0,0.0,300.0
26.09.21,6,8,1,10372.0,7742.0,12540.0,4261.0,0.0,88.0,66.0,116.0,22560.0,120.0,70.0,55.0,122.0,0.0,660.0
27.09.21,0,8,1,7178.0,5047.0,11281.0,1980.0,0.0,84.0,63.0,172.0,26040.0,120.0,67.0,55.0,114.0,2.0,720.0
28.09.21,1,8,1,11027.0,8482.0,12601.0,4981.0,660.0,88.0,53.0,131.0,27540.0,120.0,62.0,52.0,73.0,0.0,240.0
29.09.21,2,8,1,10526.0,7880.0,10080.0,4740.0,0.0,82.0,64.0,171.0,28620.0,120.0,60.0,53.0,71.0,0.0,120.0
30.09.21,3,8,1,7519.0,5955.0,8100.0,4080.0,0.0,83.0,42.0,124.0,26400.0,120.0,63.0,54.0,76.0,0.0,120.0
01.10.21,4,9,1,8020.0,6335.0,8101.0,4379.0,0.0,84.0,60.0,175.0,37320.0,120.0,71.0,58.0,92.0,0.0,120.0
02.10.21,5,9,1,707.0,504.0,4920.0,0.0,0.0,83.0,59.0,140.0,34560.0,120.0,71.0,60.0,109.0,2.0,2040.0
03.10.21,6,9,1,3188.0,2483.0,6661.0,1260.0,0.0,83.0,63.0,126.0,31380.0,120.0,71.0,57.0,95.0,2.0,1560.0
04.10.21,0,9,1,8785.0,6818.0,8462.0,4080.0,0.0,86.0,52.0,152.0,24240.0,120.0,70.0,60.0,111.0,0.0,180.0
05.10.21,1,9,1,7651.0,5568.0,11461.0,2640.0,0.0,81.0,46.0,147.0,26820.0,120.0,68.0,59.0,75.0,0.0,300.0
06.10.21,2,9,1,5625.0,4310.0,7860.0,2280.0,0.0,77.0,57.0,162.0,21900.0,120.0,67.0,58.0,85.0,1.0,420.0
07.10.21,3,9,1,3696.0,2709.0,9000.0,1200.0,0.0,75.0,55.0,125.0,23220.0,120.0,64.0,56.0,84.0,1.0,300.0
08.10.21,4,9,1,1570.0,1113.0,11520.0,0.0,0.0,78.0,60.0,117.0,33360.0,120.0,65.0,58.0,89.0,3.0,1920.0
09.10.21,5,9,1,5985.0,4641.0,10080.0,2520.0,0.0,83.0,59.0,112.0,32220.0,120.0,60.0,52.0,76.0,3.0,1080.0
10.10.21,6,9,1,1478.0,1067.0,7620.0,0.0,1740.0,84.0,58.0,112.0,31980.0,720.0,62.0,52.0,85.0,3.0,4020.0
11.10.21,0,9,1,8891.0,7264.0,11520.0,4080.0,1200.0,90.0,56.0,190.0,19080.0,120.0,61.0,55.0,71.0,1.0,720.0
12.10.21,1,9,1,7794.0,5817.0,16861.0,2640.0,0.0,108.0,68.0,125.0,21000.0,120.0,70.0,59.0,85.0,0.0,300.0
13.10.21,2,9,1,4014.0,3037.0,6361.0,1500.0,0.0,80.0,63.0,96.0,33420.0,120.0,66.0,55.0,95.0,1.0,1260.0
14.10.21,3,9,1,5329.0,4057.0,9902.0,1860.0,0.0,82.0,50.0,176.0,20760.0,120.0,69.0,60.0,98.0,1.0,1860.0
15.10.21,4,9,1,511.0,351.0,3360.0,0.0,0.0,83.0,49.0,103.0,15660.0,120.0,73.0,65.0,81.0,2.0,1200.0
16.10.21,5,9,1,722.0,519.0,5821.0,0.0,0.0,81.0,38.0,124.0,37500.0,120.0,65.0,54.0,90.0,1.0,900.0
17.10.21,6,9,1,942.0,662.0,5280.0,0.0,0.0,77.0,57.0,113.0,32400.0,120.0,61.0,56.0,91.0,0.0,180.0
18.10.21,0,9,1,3874.0,3083.0,7860.0,1500.0,0.0,83.0,60.0,165.0,24600.0,120.0,61.0,52.0,70.0,1.0,300.0
19.10.21,1,9,1,4253.0,3117.0,9120.0,720.0,1980.0,85.0,55.0,180.0,25860.0,120.0,58.0,52.0,67.0,1.0,420.0
20.10.21,2,9,1,3441.0,2778.0,6960.0,1440.0,0.0,76.0,42.0,119.0,27480.0,120.0,61.0,55.0,70.0,0.0,120.0
21.10.21,3,9,1,15204.0,11524.0,6840.0,8820.0,0.0,83.0,49.0,166.0,30240.0,120.0,58.0,53.0,78.0,1.0,720.0
22.10.21,4,9,1,16006.0,12289.0,13861.0,8760.0,1200.0,97.0,57.0,176.0,21000.0,120.0,63.0,56.0,76.0,1.0,720.0
23.10.21,5,9,1,14933.0,11317.0,8280.0,8520.0,540.0,91.0,64.0,169.0,14520.0,120.0,61.0,55.0,70.0,3.0,600.0
24.10.21,6,9,1,7804.0,5846.0,6539.0,3901.0,0.0,81.0,59.0,117.0,39240.0,120.0,66.0,55.0,98.0,1.0,1860.0
25.10.21,0,9,1,690.0,497.0,4261.0,0.0,0.0,82.0,43.0,157.0,32940.0,120.0,61.0,54.0,80.0,4.0,5160.0
26.10.21,1,9,1,7100.0,5375.0,12902.0,2159.0,660.0,86.0,45.0,154.0,22380.0,120.0,60.0,54.0,76.0,0.0,120.0
27.10.21,2,9,1,9127.0,7295.0,8400.0,4380.0,2280.0,84.0,59.0,174.0,28320.0,120.0,65.0,57.0,80.0,0.0,120.0
28.10.21,3,9,1,4018.0,3360.0,5463.0,2160.0,0.0,73.0,45.0,117.0,27960.0,120.0,60.0,54.0,68.0,1.0,1440.0
29.10.21,4,9,1,15074.0,12242.0,8101.0,8700.0,0.0,88.0,57.0,134.0,31320.0,120.0,65.0,54.0,107.0,0.0,180.0
30.10.21,5,9,1,6486.0,4803.0,8459.0,2281.0,0.0,64.0,53.0,84.0,29580.0,120.0,67.0,53.0,95.0,1.0,480.0
31.10.21,6,9,1,7876.0,9104.0,9960.0,3720.0,0.0,94.0,61.0,171.0,38520.0,120.0,71.0,59.0,155.0,3.0,1380.0
01.11.21,0,10,1,5116.0,3973.0,7381.0,2040.0,0.0,85.0,45.0,152.0,30720.0,840.0,66.0,57.0,76.0,1.0,1020.0
02.11.21,1,10,1,5152.0,3994.0,10140.0,1560.0,0.0,85.0,51.0,122.0,27120.0,120.0,66.0,56.0,78.0,1.0,660.0
03.11.21,2,10,1,8523.0,6431.0,10979.0,4081.0,0.0,,,,24240.0,120.0,68.0,59.0,85.0,0.0,120.0
04.11.21,3,10,1,13242.0,10012.0,11881.0,6960.0,0.0,80.0,46.0,123.0,21600.0,360.0,69.0,57.0,82.0,1.0,540.0
05.11.21,4,10,1,16314.0,12205.0,15060.0,6959.0,0.0,85.0,41.0,147.0,25680.0,120.0,60.0,52.0,73.0,1.0,360.0
06.11.21,5,10,1,15775.0,12620.0,12720.0,7380.0,3540.0,92.0,66.0,145.0,35640.0,120.0,65.0,51.0,81.0,1.0,780.0
07.11.21,6,10,1,10539.0,8049.0,8102.0,5100.0,1440.0,81.0,60.0,150.0,25680.0,120.0,63.0,51.0,107.0,1.0,3660.0
08.11.21,0,10,1,15603.0,12321.0,10980.0,7620.0,1680.0,93.0,68.0,164.0,21180.0,120.0,64.0,53.0,81.0,0.0,120.0
09.11.21,1,10,1,6685.0,5117.0,8280.0,2640.0,0.0,77.0,61.0,125.0,43080.0,120.0,63.0,48.0,102.0,3.0,3300.0
10.11.21,2,10,1,813.0,598.0,6120.0,0.0,0.0,76.0,45.0,150.0,31800.0,120.0,62.0,53.0,78.0,1.0,480.0
11.11.21,3,10,1,8515.0,6134.0,16440.0,2580.0,600.0,89.0,63.0,127.0,20760.0,180.0,61.0,48.0,72.0,0.0,180.0
12.11.21,4,10,1,7697.0,6016.0,8220.0,3840.0,0.0,80.0,52.0,107.0,26460.0,120.0,62.0,52.0,106.0,1.0,3420.0
13.11.21,5,10,1,10223.0,7868.0,11220.0,4080.0,0.0,,,,25440.0,120.0,64.0,54.0,84.0,0.0,240.0
14.11.21,6,10,1,5777.0,4416.0,6001.0,2820.0,0.0,79.0,67.0,86.0,31440.0,180.0,68.0,58.0,87.0,0.0,240.0
15.11.21,0,10,1,6568.0,4914.0,9000.0,2580.0,0.0,80.0,66.0,111.0,21000.0,120.0,69.0,60.0,77.0,0.0,120.0
16.11.21,1,10,1,4068.0,3143.0,7201.0,1620.0,0.0,75.0,57.0,135.0,23400.0,120.0,60.0,52.0,119.0,1.0,1080.0
17.11.21,2,10,1,9861.0,8011.0,10201.0,4380.0,780.0,84.0,52.0,182.0,26820.0,120.0,62.0,54.0,75.0,0.0,180.0
18.11.21,3,10,1,7843.0,5782.0,12840.0,2820.0,0.0,,,,25260.0,180.0,63.0,56.0,77.0,1.0,420.0
19.11.21,4,10,1,8935.0,7016.0,11132.0,3900.0,660.0,81.0,44.0,140.0,33360.0,120.0,67.0,58.0,96.0,5.0,1620.0
20.11.21,5,10,1,5833.0,4258.0,10979.0,1560.0,0.0,82.0,63.0,122.0,42480.0,120.0,64.0,51.0,80.0,0.0,360.0
21.11.21,6,10,1,761.0,534.0,5221.0,0.0,0.0,78.0,62.0,115.0,34620.0,120.0,63.0,56.0,102.0,1.0,300.0
22.11.21,0,10,1,10532.0,8434.0,8942.0,5519.0,0.0,79.0,60.0,159.0,17700.0,120.0,67.0,58.0,83.0,2.0,2100.0
23.11.21,1,10,1,9012.0,7090.0,7260.0,4500.0,0.0,79.0,51.0,137.0,34620.0,120.0,65.0,57.0,79.0,1.0,660.0
24.11.21,2,10,1,6410.0,4912.0,9961.0,2160.0,0.0,84.0,63.0,156.0,29220.0,120.0,72.0,59.0,94.0,1.0,300.0
25.11.21,3,10,1,5368.0,4025.0,8820.0,1560.0,0.0,83.0,64.0,137.0,28920.0,120.0,65.0,58.0,89.0,2.0,900.0
26.11.21,4,10,1,13842.0,10755.0,11460.0,7019.0,0.0,85.0,51.0,124.0,15480.0,120.0,69.0,60.0,83.0,2.0,840.0
27.11.21,5,10,1,5339.0,3982.0,8220.0,2040.0,0.0,92.0,59.0,202.0,40800.0,120.0,71.0,59.0,86.0,2.0,1080.0
28.11.21,6,10,1,1261.0,889.0,6721.0,0.0,0.0,81.0,53.0,123.0,37020.0,120.0,73.0,61.0,120.0,2.0,2400.0
29.11.21,0,10,1,6752.0,5113.0,9660.0,2700.0,0.0,86.0,54.0,138.0,26340.0,120.0,71.0,62.0,81.0,0.0,120.0
30.11.21,1,10,1,7457.0,6277.0,5761.0,4440.0,0.0,83.0,58.0,122.0,28260.0,120.0,66.0,56.0,77.0,1.0,480.0
01.12.21,2,11,1,6084.0,4442.0,12420.0,1380.0,1440.0,,,,25020.0,120.0,73.0,66.0,83.0,0.0,120.0
02.12.21,3,11,1,3526.0,2686.0,6481.0,1260.0,0.0,81.0,45.0,149.0,28560.0,120.0,70.0,61.0,83.0,1.0,480.0
03.12.21,4,11,1,5621.0,4593.0,7260.0,2640.0,0.0,78.0,63.0,108.0,33300.0,180.0,65.0,58.0,79.0,0.0,180.0
04.12.21,5,11,1,6930.0,5192.0,12721.0,2040.0,0.0,90.0,54.0,154.0,23040.0,120.0,66.0,59.0,104.0,0.0,240.0
05.12.21,6,11,1,5322.0,4219.0,9121.0,2160.0,0.0,82.0,45.0,130.0,21420.0,120.0,70.0,64.0,81.0,2.0,1260.0
06.12.21,0,11,1,4514.0,3470.0,7200.0,1620.0,0.0,81.0,57.0,163.0,30240.0,120.0,65.0,55.0,134.0,0.0,120.0
07.12.21,1,11,1,11271.0,8788.0,9120.0,4980.0,0.0,84.0,60.0,135.0,29220.0,120.0,62.0,54.0,88.0,1.0,1320.0
08.12.21,2,11,1,6450.0,5166.0,8642.0,2760.0,0.0,78.0,50.0,115.0,25440.0,120.0,60.0,51.0,81.0,0.0,120.0
09.12.21,3,11,1,5368.0,4575.0,7381.0,2821.0,0.0,80.0,43.0,167.0,38940.0,120.0,57.0,51.0,65.0,0.0,180.0
10.12.21,4,11,1,12604.0,10176.0,9420.0,5880.0,0.0,89.0,57.0,188.0,24120.0,120.0,57.0,46.0,69.0,0.0,180.0
11.12.21,5,11,1,9069.0,7243.0,8581.0,4560.0,0.0,78.0,54.0,148.0,21960.0,180.0,65.0,58.0,76.0,1.0,360.0
12.12.21,6,11,1,11618.0,9203.0,7919.0,6181.0,0.0,86.0,61.0,168.0,29580.0,120.0,61.0,49.0,76.0,2.0,1020.0
13.12.21,0,11,1,5692.0,4343.0,9959.0,1560.0,540.0,77.0,62.0,176.0,28200.0,120.0,65.0,55.0,77.0,1.0,1200.0
14.12.21,1,11,1,3330.0,2528.0,6780.0,1140.0,0.0,78.0,53.0,145.0,28500.0,120.0,61.0,54.0,71.0,1.0,840.0
15.12.21,2,11,1,6656.0,5377.0,6900.0,2700.0,1020.0,75.0,45.0,115.0,28260.0,240.0,60.0,52.0,73.0,0.0,240.0
16.12.21,3,11,1,3746.0,2712.0,6840.0,1020.0,0.0,76.0,47.0,164.0,21960.0,120.0,58.0,55.0,70.0,0.0,120.0
17.12.21,4,11,1,571.0,399.0,4140.0,0.0,0.0,70.0,51.0,110.0,12180.0,120.0,61.0,51.0,107.0,0.0,300.0
18.12.21,5,11,1,,,,,,,,,,,,,,,
19.12.21,6,11,1,3363.0,2403.0,9180.0,480.0,0.0,84.0,63.0,119.0,,,,,,,
20.12.21,0,11,1,13422.0,10328.0,17762.0,4440.0,0.0,91.0,47.0,147.0,24420.0,240.0,70.0,59.0,92.0,2.0,960.0
21.12.21,1,11,2,8481.0,6850.0,5760.0,4740.0,0.0,78.0,58.0,174.0,30720.0,1440.0,62.0,55.0,104.0,0.0,1440.0
22.12.21,2,11,2,9438.0,7568.0,4800.0,5340.0,0.0,79.0,45.0,123.0,35280.0,120.0,68.0,57.0,100.0,1.0,1740.0
23.12.21,3,11,2,6790.0,5534.0,8640.0,3480.0,0.0,89.0,58.0,173.0,28380.0,120.0,61.0,55.0,87.0,1.0,360.0
24.12.21,4,11,2,12322.0,9834.0,7920.0,6960.0,0.0,81.0,53.0,137.0,29700.0,120.0,61.0,54.0,84.0,0.0,180.0
25.12.21,5,11,2,573.0,394.0,3660.0,0.0,0.0,88.0,52.0,128.0,43920.0,120.0,62.0,55.0,95.0,1.0,900.0
26.12.21,6,11,2,542.0,382.0,2820.0,0.0,0.0,81.0,58.0,116.0,40020.0,120.0,64.0,56.0,76.0,0.0,240.0
27.12.21,0,11,2,934.0,660.0,8100.0,0.0,0.0,78.0,65.0,119.0,37020.0,120.0,62.0,57.0,78.0,3.0,1980.0
28.12.21,1,11,2,752.0,537.0,7680.0,0.0,0.0,79.0,52.0,116.0,42060.0,120.0,62.0,54.0,83.0,1.0,840.0
29.12.21,2,11,2,12367.0,9577.0,8220.0,6300.0,0.0,87.0,55.0,177.0,33720.0,120.0,60.0,54.0,70.0,0.0,120.0
30.12.21,3,11,2,4220.0,3181.0,13320.0,1380.0,0.0,86.0,52.0,200.0,29460.0,120.0,64.0,52.0,111.0,3.0,4200.0
31.12.21,4,11,2,3331.0,2527.0,9780.0,600.0,3720.0,86.0,43.0,186.0,37800.0,120.0,62.0,51.0,79.0,1.0,660.0
01.01.22,5,0,2,6135.0,4462.0,6540.0,3060.0,0.0,68.0,52.0,196.0,32640.0,120.0,57.0,51.0,67.0,1.0,300.0
02.01.22,6,0,2,828.0,586.0,4680.0,0.0,0.0,75.0,61.0,90.0,34680.0,600.0,57.0,52.0,67.0,3.0,2160.0
03.01.22,0,0,2,2860.0,2329.0,5040.0,1320.0,0.0,76.0,61.0,120.0,31260.0,180.0,60.0,52.0,85.0,3.0,2340.0
04.01.22,1,0,2,5470.0,3947.0,7680.0,2520.0,0.0,81.0,41.0,122.0,22980.0,660.0,64.0,56.0,85.0,1.0,1680.0
05.01.22,2,0,2,6787.0,5128.0,8460.0,2640.0,2160.0,91.0,62.0,178.0,39660.0,120.0,60.0,52.0,82.0,2.0,1320.0
06.01.22,3,0,2,3747.0,2616.0,11580.0,240.0,0.0,75.0,58.0,146.0,29760.0,120.0,62.0,56.0,71.0,5.0,1800.0
07.01.22,4,0,2,3962.0,2838.0,10020.0,960.0,0.0,73.0,55.0,102.0,31140.0,120.0,59.0,53.0,67.0,1.0,600.0
08.01.22,5,0,2,5563.0,4193.0,6360.0,2460.0,0.0,75.0,53.0,160.0,20940.0,120.0,60.0,42.0,98.0,1.0,2700.0
09.01.22,6,0,2,5430.0,4060.0,6480.0,2820.0,0.0,76.0,57.0,130.0,28980.0,120.0,62.0,55.0,82.0,1.0,1020.0
10.01.22,0,0,2,3857.0,2821.0,6240.0,1620.0,0.0,75.0,52.0,146.0,21360.0,120.0,59.0,54.0,70.0,0.0,120.0
11.01.22,1,0,2,3812.0,2956.0,9480.0,900.0,0.0,73.0,55.0,173.0,20760.0,180.0,60.0,51.0,70.0,0.0,480.0
12.01.22,2,0,2,931.0,672.0,4800.0,0.0,0.0,73.0,57.0,108.0,42540.0,120.0,59.0,54.0,86.0,3.0,1080.0
13.01.22,3,0,2,955.0,665.0,4980.0,0.0,0.0,74.0,54.0,174.0,21420.0,120.0,58.0,53.0,74.0,0.0,180.0
14.01.22,4,0,2,5049.0,4215.0,7080.0,2880.0,0.0,80.0,63.0,128.0,23640.0,240.0,63.0,54.0,73.0,1.0,720.0
15.01.22,5,0,2,585.0,423.0,3840.0,0.0,0.0,80.0,57.0,114.0,51240.0,120.0,67.0,56.0,96.0,0.0,420.0
16.01.22,6,0,2,801.0,564.0,5100.0,0.0,0.0,74.0,47.0,114.0,28020.0,420.0,67.0,57.0,86.0,1.0,600.0
17.01.22,0,0,2,4457.0,3551.0,8280.0,1980.0,600.0,84.0,56.0,162.0,22020.0,120.0,63.0,54.0,83.0,0.0,2280.0
18.01.22,1,0,2,859.0,644.0,4680.0,0.0,0.0,77.0,57.0,164.0,27000.0,120.0,69.0,58.0,91.0,2.0,900.0
19.01.22,2,0,2,5172.0,3859.0,9059.0,1920.0,0.0,77.0,52.0,186.0,,,,,,,
20.01.22,3,0,2,5903.0,4352.0,7981.0,2220.0,0.0,84.0,52.0,139.0,28680.0,120.0,64.0,56.0,80.0,2.0,1560.0
21.01.22,4,0,2,763.0,550.0,4560.0,0.0,0.0,78.0,49.0,100.0,40980.0,120.0,66.0,59.0,96.0,1.0,600.0
22.01.22,5,0,2,8949.0,7006.0,9780.0,4200.0,0.0,94.0,49.0,169.0,37200.0,120.0,67.0,59.0,86.0,1.0,480.0
23.01.22,6,0,2,1106.0,815.0,6720.0,0.0,0.0,81.0,49.0,130.0,42360.0,540.0,64.0,57.0,97.0,2.0,1200.0
24.01.22,0,0,2,5363.0,3936.0,10980.0,1320.0,600.0,85.0,57.0,162.0,29040.0,120.0,67.0,55.0,82.0,0.0,240.0
25.01.22,1,0,2,12720.0,10316.0,8401.0,7560.0,0.0,82.0,44.0,146.0,29700.0,840.0,64.0,54.0,79.0,1.0,1500.0
26.01.22,2,0,2,6393.0,4816.0,11700.0,2400.0,0.0,82.0,45.0,149.0,34080.0,120.0,64.0,56.0,74.0,1.0,1020.0
27.01.22,3,0,2,3188.0,2310.0,8640.0,780.0,0.0,78.0,61.0,162.0,30540.0,120.0,67.0,56.0,89.0,1.0,1260.0
28.01.22,4,0,2,5998.0,4334.0,14519.0,1381.0,1380.0,86.0,47.0,172.0,21780.0,120.0,60.0,55.0,70.0,1.0,540.0
29.01.22,5,0,2,3968.0,2813.0,10500.0,660.0,0.0,75.0,48.0,140.0,25920.0,120.0,61.0,55.0,86.0,1.0,660.0
30.01.22,6,0,2,3958.0,3015.0,4860.0,2280.0,0.0,74.0,54.0,117.0,27000.0,120.0,62.0,55.0,74.0,2.0,1140.0
31.01.22,0,0,2,4321.0,3213.0,10441.0,1320.0,0.0,76.0,44.0,139.0,18780.0,120.0,63.0,51.0,94.0,1.0,420.0
01.02.22,1,1,2,2165.0,1644.0,6900.0,420.0,540.0,78.0,49.0,129.0,34380.0,120.0,62.0,52.0,71.0,3.0,720.0
02.02.22,2,1,2,1470.0,1053.0,9180.0,0.0,0.0,78.0,60.0,167.0,20580.0,1140.0,63.0,55.0,81.0,1.0,1380.0
03.02.22,3,1,2,11559.0,8974.0,7921.0,6060.0,0.0,88.0,58.0,162.0,,,,,,,
04.02.22,4,1,2,5841.0,4554.0,7500.0,3120.0,0.0,83.0,49.0,148.0,30060.0,120.0,68.0,59.0,78.0,1.0,1140.0
05.02.22,5,1,2,7693.0,5782.0,8041.0,3360.0,0.0,85.0,67.0,145.0,23940.0,240.0,66.0,57.0,75.0,0.0,240.0
06.02.22,6,1,2,4845.0,3652.0,5880.0,2040.0,0.0,80.0,45.0,142.0,42540.0,120.0,70.0,57.0,98.0,4.0,2700.0
07.02.22,0,1,2,6225.0,4721.0,6961.0,2520.0,0.0,88.0,68.0,157.0,14880.0,180.0,71.0,62.0,77.0,0.0,180.0
08.02.22,1,1,2,4963.0,3743.0,4980.0,2340.0,0.0,88.0,46.0,149.0,22080.0,120.0,71.0,60.0,82.0,1.0,1260.0
09.02.22,2,1,2,7711.0,5959.0,6540.0,4200.0,0.0,90.0,50.0,168.0,27780.0,120.0,79.0,66.0,91.0,1.0,1080.0
10.02.22,3,1,2,16213.0,12039.0,10260.0,7740.0,0.0,94.0,53.0,159.0,15060.0,120.0,76.0,68.0,109.0,0.0,120.0
11.02.22,4,1,2,8400.0,6193.0,11220.0,2580.0,0.0,91.0,48.0,149.0,35100.0,120.0,74.0,61.0,123.0,3.0,5220.0
12.02.22,5,1,2,10711.0,8545.0,8400.0,6660.0,0.0,88.0,61.0,155.0,33600.0,120.0,76.0,62.0,96.0,7.0,3060.0
13.02.22,6,1,2,16036.0,12933.0,6480.0,10980.0,0.0,90.0,38.0,179.0,36360.0,120.0,67.0,57.0,82.0,2.0,540.0
14.02.22,0,1,2,9120.0,6798.0,12299.0,2820.0,0.0,88.0,48.0,186.0,23580.0,120.0,71.0,59.0,90.0,3.0,1680.0
15.02.22,1,1,2,10548.0,8342.0,9900.0,5100.0,0.0,85.0,61.0,125.0,28800.0,120.0,72.0,63.0,90.0,2.0,1260.0
16.02.22,2,1,2,11992.0,9516.0,9000.0,7320.0,0.0,89.0,61.0,142.0,21720.0,120.0,70.0,63.0,94.0,2.0,1920.0
17.02.22,3,1,2,3317.0,2313.0,11880.0,420.0,0.0,89.0,64.0,168.0,26520.0,120.0,72.0,61.0,85.0,2.0,1260.0
18.02.22,4,1,2,8750.0,6598.0,12720.0,3420.0,0.0,84.0,48.0,160.0,23820.0,120.0,74.0,62.0,96.0,0.0,240.0
19.02.22,5,1,2,4865.0,3424.0,13681.0,300.0,0.0,90.0,41.0,172.0,23880.0,120.0,75.0,58.0,121.0,3.0,2040.0
20.02.22,6,1,2,13505.0,10418.0,12660.0,5160.0,0.0,99.0,64.0,172.0,38160.0,180.0,74.0,60.0,119.0,4.0,2880.0
21.02.22,0,1,2,9866.0,7934.0,7381.0,5521.0,0.0,89.0,56.0,162.0,22620.0,120.0,77.0,61.0,100.0,1.0,2100.0
22.02.22,1,1,2,1361.0,950.0,5700.0,120.0,0.0,76.0,60.0,131.0,36240.0,240.0,69.0,62.0,95.0,1.0,420.0
23.02.22,2,1,2,11804.0,9403.0,7860.0,6060.0,0.0,89.0,45.0,149.0,33420.0,120.0,61.0,48.0,100.0,1.0,660.0
24.02.22,3,1,2,10655.0,9051.0,7619.0,6300.0,0.0,88.0,56.0,161.0,29940.0,120.0,60.0,53.0,82.0,0.0,120.0
25.02.22,4,1,2,4823.0,3549.0,11400.0,1320.0,0.0,86.0,53.0,144.0,33120.0,120.0,60.0,50.0,69.0,1.0,1560.0
26.02.22,5,1,2,5864.0,4135.0,20760.0,420.0,0.0,91.0,57.0,159.0,18600.0,120.0,63.0,52.0,84.0,0.0,120.0
27.02.22,6,1,2,11488.0,8913.0,10019.0,7140.0,0.0,82.0,54.0,175.0,32160.0,120.0,69.0,55.0,82.0,1.0,780.0
28.02.22,0,1,2,7919.0,6033.0,9060.0,3300.0,0.0,81.0,57.0,175.0,28500.0,1020.0,68.0,57.0,81.0,0.0,1080.0
01.03.22,1,2,2,7328.0,5712.0,9181.0,2880.0,0.0,80.0,50.0,165.0,36180.0,180.0,58.0,48.0,67.0,0.0,600.0
02.03.22,2,2,2,3658.0,2955.0,4500.0,1620.0,0.0,76.0,47.0,135.0,28500.0,900.0,58.0,51.0,82.0,1.0,900.0
03.03.22,3,2,2,6964.0,5804.0,4140.0,4320.0,0.0,85.0,57.0,167.0,31380.0,120.0,61.0,52.0,85.0,0.0,2400.0
04.03.22,4,2,2,7612.0,5979.0,7741.0,4380.0,0.0,86.0,55.0,195.0,30000.0,120.0,61.0,52.0,93.0,1.0,660.0
05.03.22,5,2,2,7107.0,5518.0,5580.0,4260.0,0.0,75.0,56.0,183.0,40560.0,300.0,62.0,51.0,87.0,4.0,4680.0
06.03.22,6,2,2,8809.0,6653.0,5580.0,5040.0,0.0,80.0,57.0,123.0,36420.0,120.0,63.0,54.0,81.0,3.0,840.0
07.03.22,0,2,2,4285.0,3466.0,8160.0,1620.0,720.0,78.0,42.0,131.0,25320.0,120.0,60.0,55.0,74.0,5.0,2280.0
08.03.22,1,2,2,4814.0,3611.0,8820.0,1620.0,0.0,83.0,48.0,171.0,32400.0,120.0,62.0,54.0,81.0,4.0,960.0
09.03.22,2,2,2,3662.0,2792.0,6720.0,1560.0,0.0,79.0,54.0,177.0,23880.0,120.0,67.0,55.0,82.0,3.0,1560.0
10.03.22,3,2,2,7555.0,5578.0,9360.0,3300.0,0.0,79.0,57.0,137.0,29100.0,120.0,62.0,52.0,78.0,1.0,300.0
11.03.22,4,2,2,10544.0,8175.0,10260.0,4980.0,0.0,86.0,45.0,179.0,33180.0,120.0,68.0,57.0,89.0,6.0,3660.0
12.03.22,5,2,2,570.0,399.0,3180.0,0.0,0.0,72.0,47.0,100.0,41040.0,120.0,64.0,57.0,91.0,1.0,420.0
13.03.22,6,2,2,707.0,494.0,3540.0,0.0,0.0,76.0,54.0,114.0,35880.0,120.0,63.0,53.0,115.0,3.0,1920.0
14.03.22,0,2,2,5319.0,3978.0,7440.0,1800.0,0.0,83.0,46.0,146.0,28260.0,120.0,70.0,55.0,103.0,2.0,1080.0
15.03.22,1,2,2,3489.0,2606.0,6720.0,1200.0,0.0,80.0,60.0,142.0,31140.0,180.0,72.0,58.0,100.0,5.0,2640.0
16.03.22,2,2,2,3682.0,2947.0,6360.0,1620.0,0.0,81.0,47.0,173.0,34140.0,180.0,69.0,57.0,104.0,2.0,960.0
17.03.22,3,2,2,7954.0,6542.0,13320.0,4140.0,0.0,94.0,58.0,151.0,16320.0,120.0,69.0,60.0,78.0,2.0,480.0
18.03.22,4,2,2,9915.0,7800.0,9419.0,4801.0,0.0,78.0,53.0,170.0,13980.0,120.0,64.0,54.0,87.0,1.0,1080.0
19.03.22,5,2,2,8938.0,6668.0,7920.0,4260.0,0.0,84.0,61.0,130.0,38400.0,120.0,64.0,55.0,85.0,4.0,2040.0
20.03.22,6,2,3,8417.0,6597.0,6840.0,4620.0,0.0,64.0,56.0,86.0,29220.0,120.0,62.0,56.0,90.0,0.0,180.0
21.03.22,0,2,3,7648.0,6117.0,7921.0,3900.0,0.0,77.0,57.0,157.0,25080.0,120.0,66.0,54.0,81.0,6.0,2760.0
22.03.22,1,2,3,3930.0,3018.0,5880.0,1500.0,0.0,74.0,54.0,144.0,28800.0,120.0,58.0,50.0,70.0,2.0,780.0
23.03.22,2,2,3,7023.0,4961.0,10139.0,2100.0,0.0,78.0,47.0,112.0,27120.0,120.0,55.0,50.0,64.0,0.0,180.0
24.03.22,3,2,3,6477.0,4885.0,9180.0,2460.0,2520.0,61.0,53.0,97.0,26880.0,120.0,58.0,53.0,69.0,1.0,540.0
25.03.22,4,2,3,10321.0,7628.0,14161.0,4260.0,4020.0,89.0,60.0,144.0,28860.0,480.0,61.0,55.0,78.0,0.0,1080.0
26.03.22,5,2,3,8052.0,5811.0,12660.0,2640.0,1800.0,88.0,55.0,144.0,36000.0,120.0,63.0,54.0,78.0,5.0,1980.0
27.03.22,6,2,3,1217.0,846.0,6540.0,0.0,0.0,76.0,54.0,108.0,32940.0,120.0,62.0,53.0,78.0,1.0,720.0
28.03.22,0,2,3,13102.0,10064.0,7680.0,6780.0,0.0,61.0,55.0,81.0,26580.0,120.0,58.0,55.0,69.0,0.0,240.0
29.03.22,1,2,3,8273.0,6464.0,11760.0,3480.0,0.0,83.0,60.0,179.0,20760.0,120.0,60.0,53.0,68.0,1.0,300.0
30.03.22,2,2,3,7829.0,6467.0,7140.0,4320.0,0.0,61.0,54.0,91.0,31800.0,120.0,63.0,54.0,77.0,1.0,360.0
31.03.22,3,2,3,11259.0,9155.0,7620.0,5880.0,0.0,92.0,67.0,173.0,31200.0,120.0,66.0,57.0,87.0,1.0,720.0
01.04.22,4,3,3,4250.0,3014.0,9480.0,360.0,1260.0,,,,25440.0,120.0,70.0,58.0,115.0,1.0,480.0
02.04.22,5,3,3,2642.0,1900.0,6840.0,540.0,0.0,83.0,55.0,107.0,40260.0,120.0,62.0,53.0,85.0,7.0,6420.0
03.04.22,6,3,3,911.0,641.0,5280.0,0.0,0.0,78.0,55.0,120.0,35940.0,120.0,61.0,54.0,82.0,1.0,300.0
04.04.22,0,3,3,5569.0,4495.0,9361.0,2760.0,0.0,82.0,53.0,179.0,13800.0,120.0,63.0,60.0,71.0,0.0,120.0
05.04.22,1,3,3,5799.0,4508.0,7740.0,2520.0,600.0,87.0,57.0,163.0,31980.0,120.0,67.0,56.0,98.0,3.0,3720.0
06.04.22,2,3,3,10216.0,8008.0,10440.0,5460.0,600.0,84.0,53.0,173.0,15600.0,120.0,74.0,64.0,80.0,0.0,120.0
07.04.22,3,3,3,8996.0,7207.0,4560.0,5340.0,0.0,85.0,48.0,168.0,35940.0,120.0,67.0,56.0,83.0,3.0,2880.0
08.04.22,4,3,3,3535.0,2483.0,15540.0,180.0,780.0,81.0,54.0,152.0,19920.0,120.0,61.0,52.0,72.0,0.0,120.0
09.04.22,5,3,3,14405.0,11623.0,3600.0,10080.0,0.0,99.0,62.0,137.0,44820.0,120.0,65.0,56.0,91.0,9.0,4020.0
10.04.22,6,3,3,4657.0,3474.0,7860.0,1920.0,0.0,95.0,57.0,130.0,36960.0,120.0,75.0,64.0,136.0,1.0,1260.0
11.04.22,0,3,3,9577.0,7555.0,6660.0,5340.0,0.0,90.0,46.0,202.0,23760.0,120.0,62.0,55.0,104.0,1.0,900.0
12.04.22,1,3,3,1017.0,716.0,6120.0,0.0,0.0,87.0,36.0,181.0,27480.0,240.0,84.0,69.0,115.0,4.0,2400.0
13.04.22,2,3,3,1484.0,1038.0,8100.0,0.0,0.0,83.0,50.0,111.0,28020.0,120.0,73.0,66.0,92.0,2.0,1260.0
14.04.22,3,3,3,7531.0,6038.0,8340.0,3540.0,0.0,91.0,52.0,144.0,31860.0,120.0,67.0,56.0,83.0,2.0,840.0
15.04.22,4,3,3,18367.0,13463.0,21720.0,7380.0,0.0,90.0,59.0,162.0,,,,,,,
16.04.22,5,3,3,8991.0,6206.0,17521.0,720.0,0.0,81.0,64.0,157.0,28260.0,1260.0,75.0,64.0,86.0,1.0,1620.0
17.04.22,6,3,3,15381.0,11886.0,10860.0,8340.0,0.0,89.0,60.0,181.0,35340.0,120.0,68.0,52.0,87.0,1.0,900.0
18.04.22,0,3,3,10516.0,8031.0,12720.0,4440.0,0.0,90.0,66.0,139.0,32160.0,180.0,67.0,58.0,79.0,0.0,240.0
19.04.22,1,3,3,13509.0,10412.0,11520.0,6900.0,0.0,84.0,48.0,166.0,30000.0,180.0,67.0,59.0,86.0,0.0,240.0
20.04.22,2,3,3,12859.0,9893.0,9060.0,6600.0,0.0,81.0,56.0,144.0,23700.0,120.0,61.0,52.0,71.0,0.0,120.0
21.04.22,3,3,3,822.0,579.0,3840.0,0.0,0.0,71.0,51.0,135.0,46680.0,120.0,62.0,55.0,72.0,1.0,1260.0
06.07.21,1,6,0,10378.0,8590.0,13500.0,2881.0,3000.0,48.0,45.0,53.0,28800.0,120.0,49.0,43.0,57.0,0.0,480.0
07.07.21,2,6,0,15234.0,14374.0,16742.0,1860.0,3300.0,85.0,55.0,199.0,26400.0,180.0,48.0,43.0,57.0,1.0,840.0
08.07.21,3,6,0,15553.0,13203.0,16777.0,4920.0,2460.0,81.0,49.0,163.0,24720.0,120.0,53.0,46.0,67.0,1.0,1080.0
09.07.21,4,6,0,15872.0,12990.0,16322.0,4619.0,1320.0,75.0,53.0,199.0,26160.0,180.0,47.0,40.0,56.0,0.0,240.0
10.07.21,5,6,0,14422.0,10776.0,24662.0,2760.0,1560.0,79.0,39.0,128.0,33000.0,120.0,49.0,41.0,56.0,1.0,600.0
11.07.21,6,6,0,16519.0,12840.0,15002.0,7620.0,0.0,76.0,49.0,151.0,26340.0,180.0,65.0,48.0,81.0,1.0,1140.0
12.07.21,0,6,0,15065.0,14987.0,15361.0,1980.0,4080.0,79.0,48.0,194.0,27240.0,120.0,46.0,40.0,75.0,1.0,480.0
13.07.21,1,6,0,13422.0,11828.0,16621.0,2700.0,1500.0,69.0,51.0,173.0,25860.0,360.0,47.0,42.0,54.0,1.0,780.0
14.07.21,2,6,0,12051.0,9965.0,20099.0,3061.0,1680.0,71.0,44.0,164.0,,,,,,,
15.07.21,3,6,0,14127.0,11589.0,25021.0,4500.0,0.0,69.0,45.0,172.0,28380.0,120.0,48.0,41.0,63.0,0.0,180.0
16.07.21,4,6,0,10276.0,7618.0,27362.0,1380.0,0.0,63.0,45.0,107.0,33840.0,120.0,48.0,40.0,63.0,1.0,1500.0
17.07.21,5,6,0,11546.0,10149.0,14040.0,1440.0,3300.0,79.0,49.0,187.0,34740.0,120.0,48.0,41.0,68.0,2.0,1440.0
18.07.21,6,6,0,12862.0,10133.0,20761.0,720.0,4500.0,46.0,41.0,54.0,32340.0,120.0,48.0,43.0,59.0,1.0,840.0
19.07.21,0,6,0,14383.0,12067.0,18719.0,1681.0,2880.0,70.0,50.0,182.0,28320.0,240.0,45.0,41.0,54.0,0.0,240.0
20.07.21,1,6,0,13820.0,11725.0,17399.0,2160.0,3240.0,70.0,44.0,163.0,29040.0,120.0,46.0,41.0,53.0,0.0,120.0
21.07.21,2,6,0,14355.0,12651.0,15362.0,2040.0,3360.0,75.0,50.0,180.0,25020.0,120.0,47.0,40.0,73.0,0.0,3780.0
22.07.21,3,6,0,12164.0,9728.0,16801.0,5160.0,0.0,72.0,49.0,170.0,16380.0,120.0,,,,0.0,120.0
23.07.21,4,6,0,11624.0,11323.0,11219.0,2100.0,3240.0,65.0,42.0,201.0,,,,,,,
24.07.21,5,6,0,13524.0,11367.0,21122.0,1560.0,3360.0,59.0,39.0,170.0,26280.0,240.0,45.0,40.0,57.0,1.0,960.0
25.07.21,6,6,0,13412.0,9856.0,30182.0,360.0,0.0,74.0,45.0,141.0,28500.0,120.0,42.0,40.0,50.0,0.0,120.0
26.07.21,0,6,0,14394.0,12721.0,16802.0,2100.0,3720.0,68.0,39.0,186.0,25380.0,180.0,44.0,41.0,50.0,0.0,360.0
27.07.21,1,6,0,10199.0,7748.0,21778.0,2700.0,0.0,67.0,45.0,137.0,23880.0,120.0,44.0,39.0,57.0,1.0,420.0
28.07.21,2,6,0,14074.0,12807.0,17520.0,1441.0,3719.0,76.0,45.0,188.0,26640.0,120.0,45.0,41.0,54.0,1.0,900.0
29.07.21,3,6,0,14199.0,11811.0,16321.0,2100.0,3600.0,75.0,46.0,188.0,24360.0,180.0,47.0,41.0,88.0,2.0,1140.0
30.07.21,4,6,0,15461.0,13658.0,18120.0,2700.0,4020.0,76.0,48.0,180.0,30540.0,180.0,47.0,43.0,59.0,1.0,780.0
31.07.21,5,6,0,11017.0,10157.0,13801.0,0.0,4021.0,73.0,51.0,186.0,31860.0,120.0,48.0,42.0,95.0,1.0,720.0
01.08.21,6,7,0,13302.0,10227.0,22441.0,2460.0,1740.0,71.0,44.0,156.0,25320.0,120.0,43.0,39.0,49.0,1.0,600.0
02.08.21,0,7,0,8611.0,7599.0,13741.0,120.0,2400.0,77.0,43.0,180.0,,,,,,,
03.08.21,1,7,0,9320.0,7089.0,17223.0,2820.0,0.0,67.0,51.0,125.0,15480.0,120.0,52.0,46.0,80.0,6.0,3180.0
04.08.21,2,7,0,10056.0,8077.0,22380.0,600.0,2220.0,47.0,43.0,63.0,35760.0,120.0,46.0,39.0,59.0,4.0,2220.0
05.08.21,3,7,0,14227.0,11077.0,22082.0,4620.0,0.0,80.0,51.0,172.0,24420.0,180.0,42.0,38.0,48.0,0.0,300.0
06.08.21,4,7,0,10692.0,8031.0,7863.0,5100.0,0.0,69.0,39.0,164.0,,,,,,,
07.08.21,5,7,0,13403.0,10117.0,19679.0,4501.0,0.0,69.0,48.0,120.0,28920.0,120.0,49.0,41.0,65.0,1.0,1080.0
08.08.21,6,7,0,15394.0,12196.0,17401.0,5940.0,0.0,72.0,55.0,107.0,22080.0,120.0,53.0,44.0,68.0,0.0,540.0
09.08.21,0,7,0,25511.0,20681.0,17341.0,12780.0,0.0,88.0,57.0,183.0,26820.0,180.0,45.0,39.0,55.0,0.0,420.0
10.08.21,1,7,0,13001.0,10395.0,17820.0,5220.0,0.0,70.0,46.0,177.0,29400.0,120.0,45.0,40.0,55.0,1.0,960.0
11.08.21,2,7,0,10812.0,8209.0,24898.0,2160.0,0.0,70.0,50.0,166.0,22860.0,180.0,47.0,40.0,63.0,1.0,1500.0
12.08.21,3,7,0,14868.0,12169.0,14041.0,7321.0,0.0,74.0,54.0,119.0,24060.0,180.0,45.0,40.0,52.0,0.0,360.0
13.08.21,4,7,0,14229.0,12486.0,21840.0,2340.0,2580.0,82.0,53.0,198.0,24000.0,180.0,50.0,42.0,64.0,0.0,180.0
14.08.21,5,7,0,18228.0,15651.0,21781.0,3840.0,2340.0,84.0,47.0,190.0,28020.0,120.0,60.0,47.0,82.0,1.0,1200.0
15.08.21,6,7,0,13439.0,12048.0,13921.0,2340.0,3780.0,71.0,44.0,198.0,,,,,,,
16.08.21,0,7,0,17815.0,16473.0,14522.0,6360.0,2220.0,78.0,53.0,180.0,24360.0,660.0,52.0,42.0,71.0,1.0,960.0
17.08.21,1,7,0,10034.0,9090.0,10680.0,4500.0,2400.0,65.0,40.0,179.0,27780.0,120.0,48.0,42.0,55.0,0.0,300.0
18.08.21,2,7,0,13874.0,13368.0,13560.0,3360.0,3960.0,78.0,44.0,195.0,26460.0,120.0,45.0,41.0,51.0,1.0,840.0
19.08.21,3,7,0,15730.0,12741.0,16741.0,7020.0,0.0,72.0,53.0,125.0,21840.0,120.0,47.0,43.0,55.0,1.0,1080.0
20.08.21,4,7,0,17197.0,16383.0,18479.0,2341.0,4320.0,80.0,50.0,197.0,25980.0,120.0,45.0,40.0,53.0,0.0,120.0
21.08.21,5,7,0,13940.0,10904.0,29939.0,3001.0,0.0,78.0,57.0,132.0,27540.0,240.0,49.0,44.0,60.0,0.0,660.0
22.08.21,6,7,0,6555.0,5012.0,16621.0,1620.0,0.0,61.0,43.0,146.0,31080.0,120.0,47.0,43.0,53.0,0.0,240.0
23.08.21,0,7,0,14227.0,14527.0,9961.0,2221.0,4200.0,65.0,41.0,199.0,25200.0,120.0,45.0,39.0,65.0,0.0,180.0
24.08.21,1,7,0,10701.0,8573.0,16020.0,2761.0,2340.0,72.0,46.0,186.0,24660.0,240.0,43.0,40.0,48.0,1.0,1080.0
25.08.21,2,7,0,13195.0,12765.0,13981.0,1860.0,4320.0,76.0,48.0,193.0,28740.0,120.0,44.0,40.0,63.0,1.0,420.0
26.08.21,3,7,0,18822.0,18518.0,14221.0,6240.0,3780.0,79.0,49.0,196.0,20820.0,120.0,47.0,42.0,82.0,1.0,300.0
27.08.21,4,7,0,17511.0,14857.0,17040.0,7920.0,0.0,74.0,42.0,177.0,23940.0,120.0,48.0,43.0,53.0,0.0,120.0
28.08.21,5,7,0,13924.0,12651.0,20521.0,839.0,3660.0,80.0,44.0,183.0,27600.0,120.0,45.0,41.0,50.0,0.0,120.0
29.08.21,6,7,0,10221.0,7743.0,22680.0,1861.0,0.0,76.0,49.0,174.0,25860.0,120.0,69.0,58.0,104.0,4.0,4680.0
30.08.21,0,7,0,11285.0,10831.0,16142.0,899.0,3480.0,67.0,46.0,190.0,27000.0,120.0,46.0,41.0,82.0,0.0,120.0
31.08.21,1,7,0,15200.0,12615.0,14220.0,6540.0,2459.0,71.0,50.0,174.0,24540.0,120.0,45.0,41.0,54.0,0.0,120.0
01.09.21,2,8,0,15168.0,11669.0,32580.0,3360.0,0.0,86.0,43.0,169.0,22200.0,120.0,47.0,44.0,56.0,0.0,660.0
02.09.21,3,8,0,12875.0,12394.0,14460.0,2722.0,2880.0,72.0,47.0,190.0,25740.0,120.0,60.0,50.0,80.0,0.0,420.0
03.09.21,4,8,0,15106.0,11822.0,25261.0,4980.0,0.0,80.0,49.0,172.0,27180.0,120.0,47.0,41.0,57.0,0.0,360.0
04.09.21,5,8,0,14380.0,12556.0,19562.0,2220.0,1620.0,74.0,41.0,200.0,28020.0,180.0,46.0,40.0,59.0,0.0,300.0
05.09.21,6,8,0,9584.0,7389.0,19802.0,3481.0,0.0,72.0,49.0,174.0,35160.0,120.0,47.0,40.0,61.0,0.0,180.0
06.09.21,0,8,0,17627.0,17128.0,14460.0,3660.0,3840.0,82.0,43.0,194.0,24240.0,120.0,46.0,42.0,54.0,0.0,240.0
07.09.21,1,8,0,17333.0,15748.0,9121.0,6960.0,3180.0,75.0,48.0,193.0,21060.0,120.0,54.0,46.0,62.0,0.0,300.0
08.09.21,2,8,0,12821.0,11433.0,16261.0,3300.0,1980.0,83.0,54.0,195.0,22140.0,120.0,53.0,46.0,82.0,2.0,960.0
09.09.21,3,8,0,16417.0,16346.0,12422.0,4440.0,4020.0,74.0,52.0,183.0,22320.0,120.0,51.0,43.0,60.0,1.0,780.0
10.09.21,4,8,0,18523.0,14820.0,19501.0,7500.0,0.0,69.0,52.0,134.0,23700.0,120.0,52.0,44.0,64.0,1.0,600.0
11.09.21,5,8,0,23435.0,18152.0,28982.0,6420.0,0.0,89.0,51.0,165.0,30960.0,120.0,45.0,40.0,66.0,1.0,1740.0
12.09.21,6,8,0,10755.0,10379.0,13438.0,2101.0,2940.0,76.0,52.0,194.0,30180.0,180.0,50.0,45.0,60.0,0.0,540.0
13.09.21,0,8,0,12484.0,12407.0,15660.0,1200.0,4020.0,70.0,40.0,189.0,23100.0,120.0,,,,1.0,780.0
14.09.21,1,8,0,16697.0,15824.0,13081.0,4020.0,4080.0,78.0,45.0,198.0,25680.0,120.0,44.0,40.0,78.0,0.0,480.0
15.09.21,2,8,0,12733.0,10794.0,14579.0,4801.0,1920.0,87.0,51.0,195.0,28620.0,120.0,46.0,40.0,60.0,2.0,1200.0
16.09.21,3,8,0,18259.0,16660.0,11219.0,6300.0,3775.0,73.0,40.0,189.0,21240.0,240.0,53.0,43.0,65.0,0.0,240.0
17.09.21,4,8,0,19407.0,16784.0,19920.0,5821.0,1320.0,80.0,50.0,183.0,28380.0,240.0,44.0,40.0,50.0,0.0,360.0
18.09.21,5,8,0,20413.0,17144.0,20763.0,11040.0,0.0,68.0,46.0,111.0,,,,,,,
19.09.21,6,8,0,19193.0,15881.0,17701.0,9120.0,0.0,75.0,45.0,155.0,26160.0,240.0,56.0,46.0,92.0,1.0,1080.0
20.09.21,0,8,0,22173.0,12320.0,12420.0,3540.0,2231.0,78.0,50.0,194.0,26220.0,120.0,42.0,39.0,49.0,1.0,780.0
21.09.21,1,8,0,18636.0,15848.0,12300.0,11160.0,0.0,44.0,40.0,60.0,32160.0,120.0,46.0,40.0,64.0,2.0,1320.0
22.09.21,2,8,1,13306.0,10940.0,15481.0,3960.0,3621.0,75.0,51.0,175.0,28620.0,120.0,43.0,39.0,56.0,2.0,1140.0
23.09.21,3,8,1,22459.0,18329.0,14579.0,11807.0,0.0,77.0,45.0,185.0,28860.0,120.0,44.0,39.0,55.0,2.0,1140.0
24.09.21,4,8,1,16012.0,13162.0,14581.0,8460.0,0.0,68.0,51.0,105.0,25020.0,120.0,49.0,44.0,61.0,2.0,1440.0
25.09.21,5,8,1,15528.0,14011.0,19743.0,2579.0,3484.0,71.0,47.0,193.0,25260.0,120.0,44.0,40.0,56.0,1.0,300.0
26.09.21,6,8,1,14019.0,11714.0,13202.0,5400.0,2540.0,73.0,46.0,167.0,25020.0,120.0,48.0,45.0,57.0,0.0,180.0
27.09.21,0,8,1,14322.0,14416.0,10741.0,3960.0,3663.0,79.0,46.0,192.0,24840.0,240.0,46.0,40.0,51.0,0.0,240.0
28.09.21,1,8,1,11339.0,9490.0,13622.0,8281.0,3602.0,73.0,49.0,186.0,23340.0,120.0,47.0,42.0,53.0,0.0,300.0
29.09.21,2,8,1,12249.0,10260.0,12541.0,5399.0,0.0,68.0,46.0,114.0,25020.0,120.0,46.0,41.0,53.0,0.0,300.0
30.09.21,3,8,1,13095.0,12921.0,13440.0,3660.0,3311.0,73.0,49.0,189.0,29400.0,120.0,47.0,42.0,55.0,1.0,1260.0
01.10.21,4,9,1,8434.0,6622.0,13981.0,2280.0,0.0,72.0,46.0,122.0,22140.0,120.0,51.0,45.0,60.0,0.0,540.0
02.10.21,5,9,1,17582.0,16388.0,14640.0,3600.0,4268.0,82.0,53.0,198.0,24960.0,120.0,50.0,44.0,58.0,0.0,120.0
03.10.21,6,9,1,14927.0,11798.0,16141.0,5940.0,0.0,67.0,47.0,114.0,21240.0,180.0,53.0,45.0,64.0,0.0,180.0
04.10.21,0,9,1,12564.0,11800.0,13501.0,1079.0,4375.0,75.0,41.0,196.0,27900.0,120.0,43.0,39.0,56.0,2.0,1620.0
05.10.21,1,9,1,15762.0,13957.0,14820.0,3000.0,3816.0,75.0,46.0,195.0,31620.0,120.0,49.0,41.0,75.0,4.0,2100.0
06.10.21,2,9,1,21829.0,17555.0,17460.0,9420.0,0.0,73.0,54.0,173.0,25860.0,120.0,48.0,42.0,83.0,1.0,1620.0
07.10.21,3,9,1,13753.0,9117.0,12780.0,6180.0,0.0,70.0,51.0,113.0,25200.0,120.0,47.0,41.0,54.0,0.0,240.0
08.10.21,4,9,1,18228.0,14957.0,18663.0,6841.0,5351.0,75.0,50.0,190.0,25260.0,120.0,50.0,44.0,75.0,1.0,1200.0
09.10.21,5,9,1,16231.0,13018.0,17940.0,7081.0,0.0,75.0,48.0,164.0,28200.0,180.0,58.0,47.0,75.0,1.0,1080.0
10.10.21,6,9,1,14799.0,12413.0,18420.0,3241.0,2690.0,78.0,52.0,188.0,25920.0,180.0,47.0,41.0,65.0,0.0,420.0
11.10.21,0,9,1,12040.0,11034.0,13441.0,1380.0,6845.0,77.0,41.0,187.0,23160.0,120.0,49.0,42.0,59.0,1.0,840.0
12.10.21,1,9,1,12099.0,11771.0,11581.0,4551.0,4224.0,71.0,50.0,181.0,26040.0,240.0,52.0,44.0,61.0,1.0,960.0
13.10.21,2,9,1,12217.0,10500.0,13502.0,6259.0,2779.0,72.0,41.0,187.0,26760.0,180.0,51.0,45.0,93.0,0.0,540.0
14.10.21,3,9,1,13011.0,10690.0,12543.0,5459.0,0.0,67.0,43.0,143.0,22980.0,180.0,46.0,42.0,53.0,0.0,180.0
15.10.21,4,9,1,18432.0,16843.0,15961.0,3480.0,5021.0,76.0,46.0,202.0,25319.0,181.0,44.0,39.0,50.0,0.0,601.0
16.10.21,5,9,1,17601.0,14409.0,17461.0,7979.0,0.0,68.0,45.0,115.0,24540.0,120.0,56.0,51.0,69.0,1.0,1380.0
17.10.21,6,9,1,15658.0,12615.0,12901.0,7140.0,596.0,67.0,43.0,176.0,29880.0,120.0,47.0,44.0,60.0,0.0,600.0
18.10.21,0,9,1,12166.0,12676.0,10140.0,1920.0,4943.0,66.0,39.0,199.0,23701.0,120.0,43.0,39.0,52.0,1.0,959.0
19.10.21,1,9,1,11085.0,9961.0,12362.0,1499.0,2304.0,70.0,43.0,188.0,25020.0,240.0,44.0,40.0,52.0,0.0,360.0
20.10.21,2,9,1,14059.0,13458.0,14460.0,2820.0,3788.0,71.0,45.0,180.0,25920.0,120.0,45.0,40.0,51.0,2.0,1260.0
21.10.21,3,9,1,13048.0,10420.0,9720.0,6660.0,0.0,66.0,48.0,152.0,25080.0,180.0,47.0,42.0,57.0,2.0,1140.0
22.10.21,4,9,1,11859.0,10867.0,12963.0,3960.0,3137.0,66.0,42.0,174.0,29340.0,120.0,46.0,40.0,59.0,0.0,480.0
23.10.21,5,9,1,10861.0,8347.0,18300.0,2880.0,0.0,71.0,52.0,171.0,29760.0,120.0,60.0,50.0,89.0,2.0,1260.0
24.10.21,6,9,1,13678.0,10222.0,11461.0,7119.0,0.0,69.0,45.0,179.0,31920.0,900.0,43.0,39.0,57.0,1.0,1080.0
25.10.21,0,9,1,16450.0,15473.0,11821.0,5220.0,3448.0,70.0,47.0,191.0,22740.0,120.0,44.0,41.0,54.0,1.0,1680.0
26.10.21,1,9,1,12066.0,12023.0,8580.0,3060.0,3989.0,71.0,43.0,198.0,27240.0,120.0,43.0,38.0,53.0,1.0,780.0
27.10.21,2,9,1,12170.0,10175.0,11281.0,6129.0,3430.0,71.0,45.0,184.0,28140.0,120.0,48.0,42.0,56.0,0.0,240.0
28.10.21,3,9,1,14014.0,10134.0,6960.0,1980.0,4222.0,77.0,47.0,202.0,26940.0,120.0,44.0,40.0,51.0,1.0,1020.0
29.10.21,4,9,1,12024.0,11221.0,14822.0,1679.0,2801.0,74.0,45.0,184.0,26100.0,120.0,47.0,44.0,55.0,0.0,120.0
30.10.21,5,9,1,25387.0,20829.0,20341.0,14175.0,0.0,83.0,49.0,174.0,20580.0,180.0,60.0,46.0,106.0,1.0,1200.0
31.10.21,6,9,1,11065.0,14584.0,9182.0,4680.0,1805.0,60.0,39.0,170.0,27420.0,120.0,52.0,45.0,95.0,1.0,960.0
01.11.21,0,10,1,27416.0,22508.0,10562.0,14023.0,0.0,74.0,42.0,185.0,28200.0,120.0,44.0,41.0,50.0,0.0,180.0
02.11.21,1,10,1,12103.0,11631.0,13621.0,1500.0,4312.0,69.0,44.0,186.0,27540.0,120.0,47.0,40.0,90.0,1.0,1620.0
03.11.21,2,10,1,12117.0,11113.0,12360.0,3540.0,3606.0,67.0,44.0,168.0,27720.0,120.0,44.0,39.0,50.0,0.0,180.0
04.11.21,3,10,1,15170.0,12333.0,14342.0,6420.0,0.0,67.0,48.0,137.0,22920.0,120.0,43.0,41.0,48.0,0.0,180.0
05.11.21,4,10,1,12211.0,12076.0,9300.0,2580.0,4546.0,68.0,44.0,174.0,27060.0,120.0,51.0,45.0,74.0,0.0,420.0
06.11.21,5,10,1,11963.0,10838.0,12780.0,2640.0,2511.0,71.0,44.0,176.0,26820.0,120.0,46.0,41.0,56.0,0.0,120.0
07.11.21,6,10,1,7614.0,2913.0,4800.0,1200.0,4283.0,64.0,45.0,155.0,30540.0,120.0,46.0,41.0,59.0,0.0,780.0
08.11.21,0,10,1,12197.0,9850.0,16861.0,3900.0,900.0,71.0,45.0,152.0,27000.0,120.0,47.0,41.0,78.0,0.0,1620.0
09.11.21,1,10,1,13208.0,13333.0,11640.0,2760.0,4386.0,71.0,44.0,185.0,25440.0,120.0,43.0,40.0,52.0,0.0,300.0
10.11.21,2,10,1,13179.0,11091.0,10080.0,4740.0,3869.0,42.0,40.0,47.0,25679.0,121.0,45.0,40.0,57.0,1.0,421.0
11.11.21,3,10,1,13010.0,11788.0,12181.0,3780.0,1445.0,73.0,42.0,183.0,26340.0,120.0,44.0,39.0,51.0,1.0,720.0
12.11.21,4,10,1,15753.0,13618.0,12121.0,6960.0,5345.0,69.0,45.0,170.0,25920.0,120.0,49.0,42.0,62.0,1.0,720.0
13.11.21,5,10,1,14945.0,11770.0,18059.0,4620.0,120.0,,,,31140.0,180.0,49.0,45.0,61.0,0.0,540.0
14.11.21,6,10,1,7159.0,5675.0,14521.0,2280.0,0.0,69.0,49.0,162.0,29520.0,180.0,62.0,48.0,101.0,3.0,2220.0
15.11.21,0,10,1,12265.0,12359.0,11127.0,2880.0,4681.0,66.0,41.0,198.0,27840.0,120.0,45.0,41.0,55.0,1.0,1380.0
16.11.21,1,10,1,14994.0,13965.0,13380.0,3120.0,3121.0,71.0,41.0,186.0,25020.0,120.0,45.0,41.0,51.0,0.0,241.0
17.11.21,2,10,1,11388.0,10263.0,12781.0,4260.0,3618.0,66.0,44.0,163.0,26160.0,120.0,50.0,43.0,63.0,1.0,1140.0
18.11.21,3,10,1,15217.0,12682.0,8460.0,8580.0,0.0,69.0,50.0,161.0,23100.0,120.0,47.0,40.0,61.0,0.0,180.0
19.11.21,4,10,1,15147.0,13914.0,11760.0,5040.0,2430.0,44.0,41.0,50.0,33900.0,120.0,46.0,41.0,54.0,2.0,1440.0
20.11.21,5,10,1,12697.0,9593.0,17641.0,4140.0,0.0,85.0,49.0,146.0,30480.0,240.0,63.0,53.0,76.0,0.0,240.0
21.11.21,6,10,1,13703.0,10835.0,12239.0,6781.0,0.0,75.0,48.0,138.0,28380.0,120.0,53.0,47.0,62.0,1.0,1080.0
22.11.21,0,10,1,12073.0,11158.0,12963.0,5100.0,3660.0,72.0,48.0,170.0,26100.0,120.0,53.0,44.0,100.0,1.0,840.0
23.11.21,1,10,1,11226.0,10428.0,9240.0,3360.0,4029.0,68.0,43.0,168.0,27420.0,300.0,51.0,42.0,60.0,1.0,960.0
24.11.21,2,10,1,14632.0,12688.0,11523.0,6120.0,2521.0,76.0,43.0,173.0,26400.0,240.0,45.0,40.0,56.0,1.0,660.0
25.11.21,3,10,1,12179.0,9989.0,13322.0,5340.0,60.0,59.0,58.0,61.0,27000.0,120.0,48.0,43.0,56.0,1.0,480.0
26.11.21,4,10,1,11271.0,8865.0,16924.0,3360.0,0.0,57.0,45.0,68.0,25380.0,120.0,52.0,43.0,82.0,1.0,840.0
27.11.21,5,10,1,12392.0,10403.0,17580.0,2760.0,3345.0,76.0,50.0,156.0,25260.0,1020.0,55.0,48.0,71.0,1.0,1740.0
28.11.21,6,10,1,6280.0,5080.0,14461.0,1620.0,0.0,70.0,55.0,133.0,28140.0,120.0,68.0,52.0,83.0,0.0,120.0
29.11.21,0,10,1,12308.0,11543.0,12540.0,2100.0,3996.0,72.0,46.0,192.0,27060.0,180.0,50.0,46.0,73.0,1.0,660.0
30.11.21,1,10,1,15813.0,13592.0,14462.0,4619.0,2278.0,81.0,54.0,183.0,27180.0,120.0,49.0,41.0,57.0,0.0,720.0
01.12.21,2,11,1,12853.0,10499.0,16442.0,4079.0,3631.0,75.0,44.0,122.0,23100.0,180.0,54.0,44.0,67.0,2.0,1560.0
02.12.21,3,11,1,15723.0,12782.0,13740.0,4620.0,3670.0,73.0,45.0,187.0,26760.0,900.0,56.0,47.0,91.0,5.0,5040.0
03.12.21,4,11,1,11630.0,9376.0,17882.0,3480.0,0.0,,,,24120.0,120.0,52.0,45.0,72.0,0.0,120.0
04.12.21,5,11,1,7305.0,6859.0,12602.0,2400.0,3641.0,72.0,48.0,178.0,31200.0,120.0,53.0,44.0,92.0,0.0,180.0
05.12.21,6,11,1,13552.0,10640.0,8821.0,6455.0,0.0,69.0,47.0,186.0,27780.0,120.0,48.0,44.0,53.0,0.0,120.0
06.12.21,0,11,1,12190.0,11927.0,12242.0,2280.0,4461.0,73.0,50.0,195.0,32100.0,120.0,46.0,40.0,54.0,1.0,720.0
07.12.21,1,11,1,14114.0,13547.0,11460.0,4080.0,4505.0,74.0,42.0,194.0,26040.0,120.0,47.0,42.0,64.0,1.0,480.0
08.12.21,2,11,1,11390.0,9746.0,10021.0,4560.0,3721.0,68.0,44.0,173.0,28500.0,120.0,53.0,45.0,66.0,1.0,840.0
09.12.21,3,11,1,17852.0,16066.0,17340.0,4020.0,4261.0,74.0,41.0,197.0,23760.0,120.0,47.0,42.0,55.0,0.0,240.0
10.12.21,4,11,1,11656.0,8641.0,18840.0,2280.0,0.0,71.0,51.0,185.0,24240.0,180.0,58.0,49.0,68.0,0.0,360.0
11.12.21,5,11,1,15759.0,11989.0,21899.0,5042.0,0.0,86.0,56.0,56.0,27600.0,120.0,49.0,43.0,63.0,4.0,1200.0
12.12.21,6,11,1,12283.0,10226.0,13620.0,5340.0,0.0,74.0,62.0,95.0,25020.0,120.0,53.0,47.0,64.0,0.0,120.0
13.12.21,0,11,1,13861.0,12789.0,14702.0,2040.0,3683.0,75.0,49.0,185.0,30060.0,120.0,60.0,46.0,115.0,1.0,1080.0
14.12.21,1,11,1,15588.0,12903.0,13381.0,6900.0,0.0,68.0,43.0,174.0,22620.0,120.0,48.0,44.0,54.0,0.0,120.0
15.12.21,2,11,1,12173.0,11114.0,10200.0,3660.0,4164.0,68.0,45.0,186.0,27540.0,120.0,48.0,42.0,58.0,2.0,1440.0
16.12.21,3,11,1,12510.0,10804.0,12780.0,4500.0,3610.0,69.0,50.0,162.0,27480.0,240.0,49.0,42.0,87.0,0.0,3240.0
17.12.21,4,11,1,8119.0,6468.0,17039.0,1501.0,960.0,70.0,47.0,169.0,29040.0,120.0,48.0,41.0,65.0,0.0,480.0
18.12.21,5,11,1,11591.0,9428.0,14760.0,6583.0,0.0,71.0,48.0,168.0,27720.0,120.0,49.0,46.0,61.0,0.0,360.0
19.12.21,6,11,1,9490.0,7225.0,17581.0,2945.0,0.0,77.0,50.0,179.0,30300.0,120.0,52.0,46.0,62.0,1.0,780.0
20.12.21,0,11,1,12247.0,12074.0,12660.0,2160.0,4739.0,73.0,46.0,187.0,30240.0,120.0,45.0,40.0,58.0,1.0,480.0
21.12.21,1,11,2,17163.0,16109.0,13201.0,9240.0,4273.0,76.0,46.0,171.0,25560.0,240.0,47.0,42.0,57.0,1.0,1020.0
22.12.21,2,11,2,16090.0,14491.0,19020.0,2521.0,3011.0,74.0,48.0,180.0,26640.0,120.0,45.0,40.0,62.0,1.0,720.0
23.12.21,3,11,2,10734.0,7995.0,19199.0,3781.0,0.0,72.0,54.0,142.0,17940.0,120.0,51.0,43.0,57.0,1.0,900.0
24.12.21,4,11,2,12454.0,13008.0,21541.0,240.0,3904.0,78.0,46.0,181.0,23520.0,120.0,54.0,44.0,71.0,2.0,780.0
25.12.21,5,11,2,12515.0,9303.0,21841.0,2400.0,85.0,69.0,35.0,114.0,37680.0,120.0,44.0,39.0,59.0,1.0,780.0
26.12.21,6,11,2,11852.0,12594.0,15961.0,240.0,4203.0,74.0,50.0,180.0,34500.0,120.0,45.0,40.0,65.0,4.0,3300.0
27.12.21,0,11,2,13081.0,13966.0,12480.0,1920.0,4683.0,74.0,49.0,186.0,30900.0,180.0,44.0,39.0,56.0,1.0,660.0
28.12.21,1,11,2,13809.0,10250.0,21002.0,3300.0,0.0,71.0,40.0,125.0,23160.0,120.0,47.0,41.0,57.0,0.0,300.0
29.12.21,2,11,2,15050.0,13822.0,23579.0,1320.0,2884.0,77.0,46.0,184.0,33240.0,180.0,44.0,39.0,54.0,0.0,480.0
30.12.21,3,11,2,13014.0,14233.0,11163.0,3658.0,3997.0,72.0,47.0,173.0,31200.0,120.0,48.0,42.0,60.0,2.0,1680.0
31.12.21,4,11,2,13489.0,13272.0,20942.0,900.0,4433.0,79.0,54.0,173.0,30660.0,120.0,53.0,46.0,65.0,1.0,1440.0
01.01.22,5,0,2,12055.0,9200.0,13802.0,3900.0,900.0,68.0,46.0,108.0,29940.0,780.0,43.0,39.0,66.0,1.0,1020.0
02.01.22,6,0,2,12486.0,13304.0,11819.0,1200.0,4367.0,69.0,45.0,189.0,24060.0,120.0,43.0,39.0,48.0,0.0,360.0
03.01.22,0,0,2,13483.0,14316.0,13680.0,1375.0,4515.0,74.0,48.0,184.0,27900.0,120.0,46.0,41.0,62.0,0.0,240.0
04.01.22,1,0,2,13032.0,13777.0,18000.0,360.0,4281.0,73.0,44.0,201.0,28860.0,480.0,49.0,42.0,97.0,2.0,1320.0
05.01.22,2,0,2,11023.0,8397.0,20642.0,840.0,1822.0,79.0,49.0,172.0,26100.0,180.0,47.0,39.0,60.0,0.0,240.0
06.01.22,3,0,2,12026.0,13302.0,10980.0,2160.0,4244.0,72.0,50.0,179.0,27660.0,120.0,48.0,41.0,62.0,2.0,1200.0
07.01.22,4,0,2,12359.0,9498.0,16320.0,3599.0,0.0,67.0,47.0,104.0,27960.0,120.0,45.0,41.0,53.0,1.0,660.0
08.01.22,5,0,2,13335.0,14123.0,17700.0,300.0,4102.0,73.0,45.0,182.0,34140.0,120.0,47.0,40.0,66.0,0.0,660.0
09.01.22,6,0,2,13273.0,13715.0,13200.0,900.0,4295.0,70.0,44.0,187.0,24180.0,120.0,46.0,40.0,94.0,0.0,300.0
10.01.22,0,0,2,12048.0,11282.0,18959.0,361.0,3114.0,77.0,48.0,183.0,26100.0,120.0,45.0,39.0,90.0,0.0,180.0
11.01.22,1,0,2,13530.0,14234.0,18061.0,1140.0,4505.0,80.0,49.0,190.0,26760.0,180.0,49.0,42.0,91.0,1.0,540.0
12.01.22,2,0,2,13529.0,10410.0,16801.0,2880.0,3718.0,73.0,49.0,174.0,28380.0,120.0,44.0,39.0,52.0,1.0,660.0
13.01.22,3,0,2,12021.0,9060.0,20040.0,3240.0,0.0,69.0,43.0,156.0,27180.0,120.0,44.0,41.0,55.0,1.0,1320.0
14.01.22,4,0,2,12359.0,11492.0,10682.0,300.0,3952.0,76.0,40.0,177.0,27720.0,240.0,45.0,40.0,66.0,0.0,780.0
15.01.22,5,0,2,13732.0,4745.0,15544.0,840.0,0.0,66.0,45.0,82.0,,,,,,,
16.01.22,6,0,2,8429.0,6706.0,14581.0,2880.0,0.0,64.0,46.0,109.0,,,,,,,
17.01.22,0,0,2,15617.0,14197.0,20822.0,2040.0,3934.0,73.0,38.0,184.0,33000.0,180.0,43.0,39.0,54.0,0.0,660.0
18.01.22,1,0,2,12008.0,10816.0,10680.0,3780.0,3955.0,72.0,41.0,187.0,26640.0,660.0,48.0,43.0,61.0,0.0,960.0
19.01.22,2,0,2,14516.0,13643.0,11581.0,3240.0,4398.0,77.0,45.0,191.0,27420.0,120.0,46.0,41.0,55.0,2.0,960.0
20.01.22,3,0,2,12105.0,9560.0,18721.0,4080.0,60.0,76.0,49.0,199.0,25560.0,120.0,49.0,42.0,56.0,0.0,120.0
21.01.22,4,0,2,11897.0,11462.0,13561.0,2220.0,4282.0,73.0,45.0,190.0,28140.0,180.0,47.0,41.0,62.0,3.0,1320.0
22.01.22,5,0,2,13015.0,10544.0,11701.0,6300.0,0.0,68.0,42.0,139.0,34740.0,300.0,48.0,40.0,58.0,0.0,420.0
23.01.22,6,0,2,16941.0,15502.0,9480.0,10967.0,0.0,67.0,39.0,184.0,32100.0,120.0,44.0,39.0,58.0,0.0,360.0
24.01.22,0,0,2,12263.0,10967.0,12841.0,2400.0,3944.0,78.0,42.0,185.0,32160.0,180.0,42.0,39.0,65.0,0.0,300.0
25.01.22,1,0,2,13189.0,13074.0,10500.0,3480.0,4690.0,68.0,35.0,190.0,25440.0,120.0,44.0,40.0,57.0,0.0,300.0
26.01.22,2,0,2,14818.0,14025.0,12303.0,4320.0,4395.0,70.0,42.0,178.0,27480.0,120.0,44.0,40.0,51.0,0.0,360.0
27.01.22,3,0,2,12588.0,10173.0,15001.0,3240.0,3312.0,75.0,46.0,195.0,28800.0,120.0,47.0,42.0,51.0,0.0,180.0
28.01.22,4,0,2,14278.0,13254.0,10680.0,4740.0,3342.0,68.0,44.0,192.0,27000.0,120.0,46.0,43.0,50.0,0.0,120.0
29.01.22,5,0,2,13716.0,10615.0,16441.0,5640.0,116.0,70.0,46.0,168.0,31920.0,120.0,49.0,41.0,86.0,0.0,120.0
30.01.22,6,0,2,11213.0,9092.0,13322.0,6239.0,0.0,,,,32820.0,120.0,44.0,40.0,78.0,0.0,180.0
31.01.22,0,0,2,13235.0,12182.0,12600.0,4920.0,7333.0,69.0,43.0,184.0,24900.0,120.0,42.0,37.0,56.0,0.0,540.0
01.02.22,1,1,2,13425.0,12609.0,10440.0,3960.0,4163.0,71.0,44.0,200.0,24120.0,180.0,43.0,39.0,48.0,0.0,180.0
02.02.22,2,1,2,13158.0,12195.0,10440.0,2520.0,4453.0,77.0,48.0,195.0,25800.0,120.0,46.0,41.0,59.0,0.0,780.0
03.02.22,3,1,2,12114.0,9754.0,12842.0,4860.0,1806.0,65.0,46.0,185.0,24360.0,120.0,48.0,42.0,62.0,0.0,300.0
04.02.22,4,1,2,12614.0,11979.0,13142.0,2100.0,4789.0,75.0,47.0,196.0,27660.0,120.0,47.0,41.0,68.0,0.0,120.0
05.02.22,5,1,2,16578.0,13528.0,18663.0,7716.0,0.0,54.0,47.0,70.0,23040.0,120.0,48.0,42.0,82.0,0.0,300.0
06.02.22,6,1,2,12280.0,9058.0,13139.0,4207.0,0.0,77.0,41.0,194.0,29820.0,120.0,46.0,40.0,69.0,1.0,540.0
07.02.22,0,1,2,14334.0,13139.0,13140.0,3240.0,4135.0,70.0,42.0,186.0,25500.0,120.0,45.0,42.0,54.0,1.0,900.0
08.02.22,1,1,2,13542.0,12542.0,12420.0,2520.0,4035.0,70.0,47.0,187.0,26880.0,120.0,46.0,41.0,53.0,1.0,1080.0
09.02.22,2,1,2,17889.0,17293.0,12181.0,4740.0,8306.0,83.0,47.0,198.0,25860.0,960.0,50.0,44.0,57.0,0.0,1260.0
10.02.22,3,1,2,11036.0,10380.0,10922.0,2341.0,3520.0,71.0,46.0,182.0,23100.0,120.0,48.0,42.0,54.0,0.0,120.0
11.02.22,4,1,2,11418.0,9214.0,17284.0,3900.0,60.0,72.0,44.0,168.0,23760.0,120.0,46.0,41.0,56.0,0.0,720.0
12.02.22,5,1,2,20043.0,15868.0,21481.0,7499.0,1500.0,71.0,47.0,96.0,27300.0,120.0,53.0,45.0,73.0,1.0,720.0
13.02.22,6,1,2,11926.0,9304.0,15959.0,3781.0,1500.0,72.0,48.0,112.0,24180.0,120.0,58.0,47.0,82.0,1.0,3120.0
14.02.22,0,1,2,11041.0,9774.0,15659.0,3781.0,4206.0,70.0,42.0,186.0,26640.0,120.0,43.0,39.0,60.0,1.0,900.0
15.02.22,1,1,2,14103.0,12878.0,9661.0,7140.0,4221.0,71.0,46.0,192.0,23160.0,120.0,43.0,39.0,53.0,2.0,1200.0
16.02.22,2,1,2,12096.0,10330.0,14400.0,3720.0,2703.0,70.0,46.0,166.0,26580.0,120.0,47.0,42.0,58.0,2.0,960.0
17.02.22,3,1,2,11162.0,10801.0,12241.0,2280.0,3664.0,72.0,49.0,186.0,29160.0,120.0,48.0,43.0,69.0,0.0,120.0
18.02.22,4,1,2,5987.0,4571.0,17100.0,840.0,0.0,77.0,44.0,201.0,28620.0,120.0,48.0,42.0,70.0,0.0,240.0
19.02.22,5,1,2,12114.0,11630.0,9960.0,4800.0,4008.0,86.0,44.0,188.0,26160.0,180.0,65.0,49.0,117.0,1.0,900.0
20.02.22,6,1,2,12161.0,9266.0,8820.0,5081.0,4537.0,69.0,44.0,199.0,30960.0,120.0,50.0,46.0,59.0,2.0,2340.0
21.02.22,0,1,2,12485.0,11967.0,12960.0,6120.0,3894.0,69.0,46.0,165.0,27840.0,180.0,46.0,41.0,56.0,1.0,1200.0
22.02.22,1,1,2,13251.0,12680.0,13380.0,3780.0,3462.0,71.0,42.0,191.0,22320.0,120.0,48.0,45.0,55.0,0.0,480.0
23.02.22,2,1,2,15432.0,12901.0,15481.0,6600.0,0.0,75.0,43.0,143.0,28440.0,120.0,50.0,42.0,68.0,1.0,720.0
24.02.22,3,1,2,14164.0,13773.0,10799.0,4681.0,3966.0,75.0,50.0,193.0,27660.0,120.0,55.0,48.0,72.0,2.0,1200.0
25.02.22,4,1,2,12049.0,11468.0,8101.0,5640.0,4027.0,74.0,44.0,177.0,28260.0,120.0,49.0,43.0,76.0,0.0,1860.0
26.02.22,5,1,2,14588.0,13551.0,17642.0,1920.0,72802.0,72.0,45.0,185.0,24120.0,780.0,49.0,44.0,55.0,1.0,1320.0
27.02.22,6,1,2,15327.0,12332.0,10321.0,7101.0,69640.0,80.0,51.0,179.0,37980.0,120.0,46.0,42.0,57.0,1.0,1560.0
28.02.22,0,1,2,19719.0,17237.0,19563.0,3420.0,4947.0,70.0,47.0,202.0,24060.0,120.0,46.0,41.0,56.0,0.0,420.0
01.03.22,1,2,2,16760.0,14075.0,17820.0,7260.0,60.0,73.0,49.0,147.0,21420.0,180.0,48.0,41.0,53.0,0.0,180.0
02.03.22,2,2,2,13593.0,13425.0,15001.0,2460.0,4909.0,71.0,52.0,192.0,24720.0,240.0,50.0,41.0,113.0,1.0,840.0
03.03.22,3,2,2,14094.0,10954.0,23639.0,3660.0,0.0,80.0,44.0,119.0,30120.0,120.0,46.0,41.0,60.0,0.0,480.0
04.03.22,4,2,2,12323.0,11429.0,9900.0,4920.0,3896.0,70.0,48.0,170.0,28320.0,180.0,53.0,42.0,94.0,0.0,720.0
05.03.22,5,2,2,20391.0,16381.0,14820.0,9840.0,0.0,67.0,46.0,129.0,29340.0,120.0,43.0,39.0,85.0,1.0,1200.0
06.03.22,6,2,2,16807.0,13495.0,10860.0,8540.0,0.0,61.0,43.0,170.0,29640.0,120.0,47.0,40.0,98.0,1.0,420.0
07.03.22,0,2,2,13524.0,12311.0,12360.0,3238.0,3799.0,73.0,42.0,190.0,29640.0,180.0,41.0,38.0,51.0,0.0,660.0
08.03.22,1,2,2,12122.0,10193.0,15120.0,3720.0,2577.0,68.0,48.0,169.0,22860.0,120.0,46.0,44.0,50.0,0.0,180.0
09.03.22,2,2,2,12229.0,11682.0,9841.0,2700.0,4357.0,80.0,45.0,211.0,29220.0,120.0,47.0,41.0,54.0,1.0,1260.0
10.03.22,3,2,2,15257.0,12368.0,16801.0,6361.0,540.0,73.0,47.0,178.0,22800.0,120.0,52.0,43.0,65.0,1.0,840.0
11.03.22,4,2,2,11406.0,8664.0,29881.0,1080.0,0.0,84.0,50.0,115.0,28260.0,120.0,47.0,41.0,62.0,0.0,420.0
12.03.22,5,2,2,19781.0,15862.0,15241.0,9316.0,0.0,74.0,37.0,174.0,29100.0,240.0,62.0,48.0,85.0,3.0,2220.0
13.03.22,6,2,2,12402.0,10305.0,7621.0,7575.0,0.0,74.0,45.0,154.0,38640.0,120.0,46.0,42.0,59.0,1.0,300.0
14.03.22,0,2,2,19053.0,18285.0,13201.0,6660.0,4243.0,77.0,44.0,187.0,24660.0,120.0,45.0,39.0,53.0,0.0,240.0
15.03.22,1,2,2,12038.0,12135.0,12720.0,3180.0,4545.0,74.0,53.0,190.0,21900.0,120.0,51.0,46.0,57.0,1.0,660.0
16.03.22,2,2,2,11950.0,9879.0,14221.0,5700.0,0.0,,,,25020.0,120.0,46.0,41.0,57.0,1.0,720.0
17.03.22,3,2,2,14385.0,12348.0,10081.0,5820.0,3606.0,69.0,51.0,173.0,21660.0,180.0,49.0,43.0,56.0,0.0,360.0
18.03.22,4,2,2,7648.0,5932.0,15842.0,1621.0,0.0,66.0,42.0,91.0,28380.0,120.0,48.0,42.0,70.0,1.0,1140.0
19.03.22,5,2,2,13101.0,11024.0,11281.0,6377.0,0.0,76.0,45.0,187.0,33060.0,120.0,44.0,40.0,60.0,3.0,2520.0
20.03.22,6,2,3,9829.0,7632.0,12000.0,4080.0,0.0,67.0,43.0,115.0,34680.0,180.0,46.0,39.0,75.0,1.0,1200.0
21.03.22,0,2,3,12673.0,11615.0,18359.0,1021.0,3875.0,47.0,40.0,74.0,27300.0,120.0,45.0,40.0,54.0,2.0,1080.0
22.03.22,1,2,3,14564.0,13803.0,18001.0,2701.0,4370.0,58.0,42.0,88.0,23820.0,120.0,49.0,42.0,61.0,0.0,540.0
23.03.22,2,2,3,14244.0,13183.0,14460.0,2940.0,4039.0,81.0,51.0,187.0,26940.0,120.0,53.0,41.0,65.0,1.0,1980.0
24.03.22,3,2,3,15408.0,12922.0,11280.0,7920.0,0.0,72.0,42.0,172.0,20160.0,120.0,55.0,44.0,79.0,0.0,300.0
25.03.22,4,2,3,17343.0,15157.0,22261.0,3601.0,2878.0,88.0,41.0,202.0,29220.0,120.0,46.0,41.0,59.0,1.0,720.0
26.03.22,5,2,3,21252.0,16259.0,35763.0,4200.0,0.0,83.0,52.0,171.0,23700.0,240.0,63.0,49.0,93.0,0.0,240.0
27.03.22,6,2,3,10415.0,7707.0,21600.0,2640.0,0.0,74.0,45.0,118.0,19320.0,240.0,66.0,55.0,86.0,2.0,1860.0
28.03.22,0,2,3,15053.0,14681.0,9301.0,5339.0,4620.0,79.0,47.0,194.0,29880.0,120.0,45.0,39.0,59.0,1.0,1440.0
29.03.22,1,2,3,12268.0,11443.0,17161.0,4200.0,4506.0,71.0,44.0,157.0,21600.0,120.0,50.0,44.0,63.0,0.0,300.0
30.03.22,2,2,3,15152.0,14156.0,17100.0,3960.0,3909.0,72.0,49.0,189.0,24720.0,240.0,46.0,41.0,63.0,1.0,1680.0
31.03.22,3,2,3,14989.0,12257.0,15599.0,6541.0,0.0,70.0,47.0,187.0,23760.0,180.0,46.0,42.0,53.0,1.0,660.0
01.04.22,4,3,3,15888.0,12696.0,26280.0,4260.0,0.0,,,,23040.0,180.0,46.0,42.0,53.0,0.0,300.0
02.04.22,5,3,3,12963.0,9830.0,40142.0,1200.0,0.0,,,,25800.0,120.0,48.0,42.0,54.0,0.0,120.0
03.04.22,6,3,3,22187.0,18020.0,13203.0,11706.0,0.0,82.0,37.0,183.0,29940.0,120.0,50.0,44.0,61.0,2.0,1260.0
04.04.22,0,3,3,16169.0,14623.0,14401.0,3780.0,4689.0,73.0,46.0,197.0,23460.0,120.0,,,,0.0,120.0
05.04.22,1,3,3,18288.0,15221.0,13920.0,8459.0,0.0,67.0,47.0,120.0,21960.0,120.0,47.0,43.0,53.0,0.0,300.0
06.04.22,2,3,3,12083.0,11712.0,13920.0,1560.0,4606.0,68.0,45.0,181.0,27960.0,120.0,43.0,39.0,47.0,0.0,120.0
07.04.22,3,3,3,14313.0,13479.0,11700.0,5101.0,3919.0,72.0,42.0,165.0,24240.0,120.0,50.0,44.0,59.0,1.0,720.0
08.04.22,4,3,3,13115.0,11092.0,15002.0,5819.0,1200.0,70.0,48.0,169.0,24540.0,900.0,47.0,41.0,82.0,1.0,1200.0
09.04.22,5,3,3,19429.0,16711.0,26401.0,4380.0,2987.0,95.0,58.0,206.0,28560.0,120.0,50.0,44.0,80.0,1.0,1440.0
10.04.22,6,3,3,12798.0,10003.0,19323.0,5159.0,0.0,72.0,54.0,110.0,27360.0,120.0,57.0,46.0,79.0,1.0,1020.0
11.04.22,0,3,3,16670.0,15147.0,13619.0,4380.0,3879.0,80.0,47.0,192.0,29640.0,120.0,44.0,40.0,60.0,2.0,1260.0
12.04.22,1,3,3,17043.0,15522.0,16200.0,5460.0,7686.0,71.0,49.0,193.0,14280.0,120.0,47.0,43.0,51.0,0.0,420.0
13.04.22,2,3,3,12573.0,12322.0,13860.0,1560.0,8981.0,76.0,44.0,193.0,25740.0,120.0,46.0,41.0,52.0,2.0,1080.0
14.04.22,3,3,3,20530.0,16479.0,17941.0,9721.0,0.0,71.0,42.0,162.0,23100.0,120.0,48.0,42.0,81.0,0.0,120.0
15.04.22,4,3,3,17784.0,14534.0,13680.0,10200.0,0.0,66.0,47.0,95.0,30540.0,120.0,46.0,39.0,77.0,1.0,360.0
16.04.22,5,3,3,12872.0,10118.0,21121.0,4200.0,0.0,,,,30540.0,720.0,49.0,43.0,60.0,0.0,780.0
17.04.22,6,3,3,16586.0,13549.0,14281.0,8640.0,0.0,72.0,53.0,141.0,28620.0,120.0,49.0,41.0,58.0,1.0,1140.0
18.04.22,0,3,3,15980.0,13344.0,14822.0,8940.0,0.0,52.0,51.0,56.0,24120.0,180.0,43.0,38.0,61.0,2.0,1320.0
19.04.22,1,3,3,15824.0,14836.0,10311.0,6000.0,6490.0,69.0,45.0,190.0,13920.0,120.0,46.0,41.0,51.0,1.0,360.0
20.04.22,2,3,3,20828.0,18522.0,16441.0,6541.0,5202.0,85.0,48.0,196.0,29460.0,120.0,46.0,42.0,54.0,1.0,900.0
21.04.22,3,3,3,13150.0,10818.0,14701.0,5520.0,720.0,73.0,47.0,177.0,21840.0,120.0,67.0,45.0,106.0,1.0,1140.0
06.07.21,1,6,0,3726.0,3130.0,3598.0,1562.0,0.0,69.0,46.0,142.0,23520.0,120.0,58.0,54.0,67.0,1.0,2160.0
07.07.21,2,6,0,9081.0,9481.0,5880.0,2220.0,2820.0,82.0,50.0,183.0,24960.0,120.0,61.0,54.0,91.0,0.0,1560.0
08.07.21,3,6,0,9644.0,7917.0,5520.0,5280.0,660.0,71.0,39.0,142.0,23160.0,120.0,61.0,54.0,81.0,0.0,1080.0
09.07.21,4,6,0,9354.0,8023.0,7501.0,4740.0,0.0,69.0,40.0,109.0,24600.0,120.0,60.0,55.0,92.0,1.0,1800.0
10.07.21,5,6,0,8438.0,7044.0,6840.0,3960.0,0.0,77.0,46.0,128.0,26220.0,180.0,61.0,54.0,72.0,2.0,1320.0
11.07.21,6,6,0,15526.0,13862.0,6360.0,10140.0,0.0,76.0,47.0,188.0,28860.0,120.0,57.0,55.0,64.0,0.0,660.0
12.07.21,0,6,0,9547.0,9389.0,5821.0,2400.0,1440.0,78.0,53.0,179.0,21180.0,120.0,61.0,54.0,92.0,1.0,1560.0
13.07.21,1,6,0,4340.0,3660.0,4440.0,1620.0,2040.0,73.0,51.0,172.0,24660.0,120.0,60.0,54.0,113.0,1.0,1860.0
14.07.21,2,6,0,8570.0,9054.0,4919.0,2340.0,1440.0,75.0,46.0,186.0,26460.0,120.0,57.0,53.0,65.0,0.0,540.0
15.07.21,3,6,0,4041.0,3613.0,4440.0,1740.0,780.0,72.0,40.0,167.0,23640.0,120.0,61.0,52.0,87.0,0.0,1200.0
16.07.21,4,6,0,6096.0,5177.0,5523.0,2880.0,0.0,72.0,52.0,128.0,27840.0,120.0,60.0,51.0,89.0,2.0,3000.0
17.07.21,5,6,0,10907.0,8845.0,13499.0,3361.0,0.0,75.0,55.0,115.0,25740.0,120.0,62.0,56.0,117.0,0.0,120.0
18.07.21,6,6,0,12319.0,10468.0,12900.0,6060.0,0.0,60.0,54.0,91.0,25140.0,180.0,62.0,57.0,67.0,0.0,240.0
19.07.21,0,6,0,4401.0,3919.0,4320.0,2340.0,720.0,71.0,49.0,166.0,26160.0,120.0,58.0,44.0,67.0,0.0,120.0
20.07.21,1,6,0,10835.0,10970.0,4979.0,3900.0,1981.0,83.0,61.0,179.0,28080.0,120.0,57.0,47.0,68.0,0.0,120.0
21.07.21,2,6,0,4338.0,3494.0,5520.0,1260.0,780.0,71.0,55.0,171.0,25860.0,180.0,61.0,57.0,83.0,1.0,1140.0
22.07.21,3,6,0,8933.0,9019.0,5460.0,2220.0,2460.0,82.0,59.0,181.0,23880.0,120.0,58.0,54.0,66.0,1.0,660.0
23.07.21,4,6,0,3806.0,3415.0,4380.0,1620.0,1020.0,75.0,52.0,168.0,25200.0,120.0,60.0,54.0,73.0,1.0,420.0
24.07.21,5,6,0,4051.0,3197.0,8700.0,900.0,0.0,72.0,52.0,93.0,26220.0,120.0,61.0,56.0,68.0,1.0,780.0
25.07.21,6,6,0,10008.0,8400.0,5881.0,5580.0,0.0,74.0,45.0,176.0,33900.0,180.0,59.0,52.0,66.0,1.0,1380.0
26.07.21,0,6,0,11683.0,11497.0,7801.0,3419.0,4860.0,86.0,55.0,179.0,23460.0,120.0,60.0,55.0,69.0,0.0,240.0
27.07.21,1,6,0,9240.0,7635.0,4980.0,4620.0,1440.0,74.0,42.0,162.0,26520.0,120.0,61.0,53.0,94.0,0.0,1680.0
28.07.21,2,6,0,13270.0,12512.0,5340.0,4500.0,3060.0,82.0,46.0,187.0,25500.0,120.0,60.0,53.0,86.0,1.0,2040.0
29.07.21,3,6,0,12413.0,10553.0,6241.0,6240.0,3360.0,83.0,42.0,173.0,28140.0,120.0,61.0,55.0,73.0,2.0,2760.0
30.07.21,4,6,0,11998.0,10843.0,6419.0,5700.0,2700.0,80.0,47.0,156.0,27000.0,120.0,65.0,59.0,104.0,0.0,1560.0
31.07.21,5,6,0,10325.0,8213.0,11701.0,3840.0,0.0,70.0,41.0,118.0,29100.0,0.0,59.0,55.0,64.0,0.0,0.0
01.08.21,6,7,0,13246.0,11365.0,5760.0,7320.0,0.0,71.0,46.0,131.0,26880.0,120.0,58.0,55.0,64.0,1.0,720.0
02.08.21,0,7,0,10128.0,10271.0,4561.0,3239.0,3120.0,74.0,46.0,175.0,22440.0,120.0,58.0,52.0,89.0,0.0,1500.0
03.08.21,1,7,0,10609.0,8953.0,4140.0,4919.0,1680.0,73.0,43.0,176.0,26820.0,120.0,58.0,54.0,77.0,0.0,1381.0
04.08.21,2,7,0,10864.0,9148.0,4200.0,5521.0,720.0,71.0,55.0,177.0,25620.0,120.0,59.0,54.0,89.0,0.0,1500.0
05.08.21,3,7,0,10087.0,10235.0,6541.0,2640.0,2280.0,80.0,48.0,190.0,24900.0,120.0,59.0,53.0,95.0,0.0,1500.0
06.08.21,4,7,0,12817.0,10417.0,5579.0,6841.0,720.0,73.0,39.0,148.0,24120.0,180.0,61.0,56.0,70.0,1.0,1920.0
07.08.21,5,7,0,16410.0,14183.0,5220.0,9420.0,0.0,74.0,57.0,184.0,29160.0,120.0,59.0,54.0,70.0,3.0,1740.0
08.08.21,6,7,0,17902.0,15853.0,8761.0,11580.0,0.0,74.0,37.0,120.0,25800.0,120.0,59.0,56.0,67.0,2.0,900.0
09.08.21,0,7,0,10070.0,10159.0,5583.0,2760.0,3000.0,80.0,55.0,183.0,25680.0,120.0,58.0,55.0,73.0,0.0,1500.0
10.08.21,1,7,0,11242.0,9716.0,6421.0,5340.0,1620.0,77.0,45.0,174.0,23160.0,120.0,59.0,55.0,70.0,0.0,420.0
11.08.21,2,7,0,11324.0,11197.0,7502.0,2760.0,4800.0,86.0,44.0,180.0,27120.0,120.0,58.0,51.0,70.0,1.0,2520.0
12.08.21,3,7,0,10487.0,9253.0,3901.0,6241.0,1140.0,70.0,43.0,174.0,26280.0,120.0,59.0,52.0,66.0,0.0,1800.0
13.08.21,4,7,0,10143.0,8863.0,5760.0,4140.0,1380.0,67.0,42.0,162.0,25500.0,180.0,56.0,51.0,65.0,2.0,840.0
14.08.21,5,7,0,13320.0,11129.0,14642.0,5281.0,0.0,75.0,48.0,116.0,25500.0,120.0,59.0,55.0,64.0,2.0,1980.0
15.08.21,6,7,0,13360.0,10941.0,8340.0,6780.0,0.0,71.0,44.0,104.0,24420.0,1020.0,57.0,52.0,61.0,2.0,2340.0
16.08.21,0,7,0,10737.0,10726.0,5761.0,3780.0,2880.0,73.0,54.0,194.0,24480.0,120.0,59.0,48.0,85.0,0.0,1320.0
17.08.21,1,7,0,13487.0,12855.0,5880.0,4621.0,2820.0,75.0,46.0,175.0,26100.0,120.0,55.0,50.0,67.0,0.0,1620.0
18.08.21,2,7,0,13220.0,12516.0,6660.0,4620.0,1440.0,72.0,55.0,183.0,27840.0,120.0,57.0,52.0,72.0,1.0,1500.0
19.08.21,3,7,0,11030.0,9443.0,4501.0,6659.0,0.0,122.0,62.0,135.0,24360.0,120.0,59.0,55.0,74.0,2.0,2340.0
20.08.21,4,7,0,10876.0,9279.0,5281.0,6240.0,0.0,64.0,55.0,116.0,27960.0,180.0,56.0,51.0,79.0,1.0,1440.0
21.08.21,5,7,0,15435.0,12927.0,7920.0,8340.0,0.0,68.0,41.0,130.0,23640.0,120.0,53.0,49.0,64.0,1.0,1620.0
22.08.21,6,7,0,10753.0,9654.0,4261.0,7080.0,0.0,76.0,50.0,191.0,32580.0,120.0,55.0,51.0,66.0,1.0,1200.0
23.08.21,0,7,0,11873.0,11682.0,5821.0,4319.0,1500.0,69.0,45.0,183.0,22980.0,120.0,55.0,49.0,68.0,1.0,1560.0
24.08.21,1,7,0,10228.0,9014.0,2880.0,6480.0,0.0,64.0,47.0,149.0,24960.0,120.0,54.0,47.0,76.0,1.0,2040.0
25.08.21,2,7,0,12657.0,12749.0,8280.0,4020.0,3420.0,78.0,48.0,181.0,25140.0,120.0,54.0,51.0,60.0,2.0,2040.0
26.08.21,3,7,0,6801.0,5721.0,8102.0,3059.0,0.0,72.0,45.0,108.0,22980.0,180.0,57.0,54.0,63.0,0.0,180.0
27.08.21,4,7,0,4736.0,3905.0,6960.0,1620.0,0.0,67.0,44.0,154.0,20220.0,120.0,54.0,48.0,59.0,1.0,1500.0
28.08.21,5,7,0,13709.0,11500.0,11700.0,7261.0,0.0,68.0,47.0,169.0,24120.0,120.0,56.0,53.0,62.0,1.0,600.0
29.08.21,6,7,0,18380.0,16249.0,6900.0,11400.0,0.0,66.0,45.0,138.0,25440.0,120.0,53.0,50.0,61.0,1.0,600.0
30.08.21,0,7,0,5906.0,5011.0,5160.0,2760.0,0.0,62.0,48.0,83.0,24480.0,120.0,55.0,50.0,66.0,0.0,240.0
31.08.21,1,7,0,12722.0,12519.0,6361.0,4319.0,1500.0,76.0,43.0,181.0,26940.0,120.0,53.0,48.0,58.0,0.0,120.0
01.09.21,2,8,0,5247.0,4627.0,5039.0,2641.0,0.0,62.0,48.0,138.0,27720.0,120.0,54.0,49.0,64.0,1.0,960.0
02.09.21,3,8,0,12902.0,10485.0,12420.0,4740.0,0.0,77.0,43.0,179.0,25860.0,120.0,55.0,47.0,63.0,0.0,120.0
03.09.21,4,8,0,10011.0,8019.0,13742.0,3961.0,0.0,68.0,53.0,93.0,29520.0,240.0,57.0,50.0,68.0,0.0,720.0
04.09.21,5,8,0,6386.0,4991.0,17159.0,1081.0,0.0,71.0,46.0,91.0,25920.0,120.0,56.0,53.0,62.0,0.0,120.0
05.09.21,6,8,0,9574.0,8018.0,10680.0,4861.0,0.0,75.0,57.0,109.0,25020.0,300.0,55.0,49.0,68.0,0.0,300.0
06.09.21,0,8,0,9719.0,8498.0,9780.0,4680.0,0.0,81.0,40.0,130.0,28080.0,120.0,57.0,53.0,68.0,0.0,240.0
07.09.21,1,8,0,4306.0,3521.0,8822.0,1080.0,0.0,69.0,50.0,102.0,25380.0,120.0,58.0,54.0,84.0,1.0,360.0
08.09.21,2,8,0,12456.0,10594.0,8701.0,7440.0,0.0,71.0,45.0,112.0,22740.0,1440.0,57.0,50.0,74.0,0.0,1440.0
09.09.21,3,8,0,7873.0,6632.0,8460.0,3540.0,0.0,71.0,45.0,109.0,30300.0,0.0,56.0,50.0,64.0,2.0,1140.0
10.09.21,4,8,0,5244.0,4602.0,6901.0,1981.0,660.0,68.0,52.0,113.0,24840.0,120.0,57.0,50.0,75.0,1.0,2700.0
11.09.21,5,8,0,12204.0,10498.0,12002.0,5520.0,0.0,74.0,58.0,126.0,23700.0,120.0,58.0,55.0,65.0,1.0,900.0
12.09.21,6,8,0,2778.0,2280.0,6901.0,900.0,0.0,70.0,44.0,96.0,27480.0,180.0,59.0,55.0,66.0,2.0,1800.0
13.09.21,0,8,0,9629.0,9690.0,6360.0,2760.0,2160.0,74.0,47.0,184.0,23460.0,120.0,60.0,50.0,81.0,0.0,1260.0
14.09.21,1,8,0,4989.0,4003.0,4500.0,1980.0,780.0,65.0,54.0,114.0,26940.0,120.0,57.0,50.0,88.0,1.0,2340.0
15.09.21,2,8,0,5100.0,4797.0,5759.0,1982.0,1020.0,74.0,40.0,182.0,23100.0,120.0,58.0,50.0,111.0,1.0,2400.0
16.09.21,3,8,0,8912.0,7461.0,6899.0,4501.0,0.0,68.0,44.0,128.0,27420.0,120.0,57.0,51.0,67.0,1.0,960.0
17.09.21,4,8,0,6493.0,5524.0,6480.0,2400.0,60.0,67.0,40.0,93.0,26760.0,120.0,57.0,53.0,65.0,1.0,840.0
18.09.21,5,8,0,9231.0,7739.0,7981.0,3841.0,0.0,70.0,40.0,119.0,30120.0,120.0,58.0,53.0,66.0,2.0,2160.0
19.09.21,6,8,0,1919.0,1615.0,4201.0,600.0,0.0,65.0,49.0,100.0,29400.0,720.0,60.0,55.0,70.0,1.0,1080.0
20.09.21,0,8,0,9590.0,9985.0,6899.0,2401.0,1200.0,75.0,43.0,184.0,22560.0,120.0,56.0,46.0,73.0,0.0,1680.0
21.09.21,1,8,0,4616.0,3990.0,4441.0,2100.0,900.0,65.0,43.0,151.0,24060.0,120.0,55.0,51.0,64.0,0.0,540.0
22.09.21,2,8,1,10213.0,10680.0,5040.0,3540.0,1920.0,74.0,53.0,183.0,24540.0,120.0,56.0,49.0,132.0,1.0,2280.0
23.09.21,3,8,1,5671.0,4879.0,5040.0,2160.0,900.0,67.0,51.0,110.0,22200.0,120.0,57.0,51.0,82.0,1.0,1440.0
24.09.21,4,8,1,4603.0,4378.0,5821.0,1561.0,1439.0,66.0,42.0,113.0,32700.0,240.0,58.0,50.0,65.0,1.0,2880.0
25.09.21,5,8,1,9628.0,8377.0,7681.0,5100.0,60.0,68.0,48.0,137.0,25020.0,120.0,55.0,51.0,62.0,2.0,1380.0
26.09.21,6,8,1,5598.0,4630.0,7200.0,1741.0,0.0,70.0,44.0,178.0,31380.0,240.0,58.0,51.0,77.0,4.0,3420.0
27.09.21,0,8,1,9317.0,9425.0,5281.0,2580.0,1740.0,77.0,41.0,180.0,23640.0,120.0,57.0,55.0,63.0,1.0,2040.0
28.09.21,1,8,1,4842.0,4091.0,3660.0,2340.0,0.0,68.0,49.0,198.0,26040.0,180.0,57.0,54.0,65.0,1.0,1920.0
29.09.21,2,8,1,9375.0,9719.0,5461.0,2760.0,1980.0,76.0,42.0,180.0,25320.0,120.0,55.0,51.0,64.0,1.0,2100.0
30.09.21,3,8,1,6106.0,5334.0,5400.0,2641.0,0.0,69.0,39.0,123.0,23820.0,120.0,61.0,55.0,72.0,0.0,1680.0
01.10.21,4,9,1,4431.0,3796.0,6480.0,1621.0,0.0,64.0,48.0,86.0,23640.0,120.0,59.0,55.0,67.0,0.0,240.0
02.10.21,5,9,1,4917.0,4493.0,6541.0,2220.0,0.0,76.0,46.0,116.0,30240.0,120.0,59.0,54.0,69.0,3.0,2460.0
03.10.21,6,9,1,5451.0,4902.0,6300.0,2760.0,0.0,68.0,48.0,113.0,32160.0,120.0,55.0,48.0,62.0,3.0,2220.0
04.10.21,0,9,1,4247.0,3568.0,3840.0,1860.0,0.0,65.0,47.0,84.0,23220.0,120.0,56.0,51.0,75.0,1.0,1980.0
05.10.21,1,9,1,9845.0,9926.0,4980.0,3480.0,1140.0,73.0,47.0,181.0,25140.0,120.0,54.0,44.0,64.0,1.0,1980.0
06.10.21,2,9,1,4306.0,3896.0,4200.0,2280.0,0.0,68.0,50.0,183.0,27540.0,120.0,56.0,52.0,66.0,4.0,3300.0
07.10.21,3,9,1,7224.0,6603.0,5699.0,3781.0,0.0,73.0,45.0,163.0,24720.0,120.0,56.0,50.0,66.0,1.0,780.0
08.10.21,4,9,1,2941.0,2416.0,4140.0,900.0,0.0,64.0,42.0,170.0,25560.0,240.0,56.0,53.0,62.0,0.0,300.0
09.10.21,5,9,1,5748.0,5021.0,6600.0,2940.0,0.0,67.0,45.0,119.0,27780.0,120.0,55.0,48.0,60.0,0.0,120.0
10.10.21,6,9,1,7053.0,5905.0,6481.0,3239.0,0.0,68.0,48.0,101.0,29520.0,120.0,58.0,55.0,66.0,0.0,240.0
11.10.21,0,9,1,9577.0,9878.0,6540.0,2580.0,1895.0,74.0,40.0,187.0,26520.0,120.0,57.0,51.0,68.0,1.0,2100.0
12.10.21,1,9,1,4456.0,3817.0,4319.0,1620.0,1080.0,66.0,39.0,130.0,24960.0,120.0,56.0,46.0,71.0,1.0,2100.0
13.10.21,2,9,1,9332.0,9622.0,5700.0,2640.0,1200.0,75.0,46.0,186.0,24900.0,120.0,59.0,53.0,93.0,1.0,2820.0
14.10.21,3,9,1,4666.0,4097.0,4981.0,2100.0,0.0,65.0,47.0,109.0,23580.0,120.0,59.0,55.0,65.0,0.0,120.0
15.10.21,4,9,1,4690.0,3850.0,7080.0,1500.0,0.0,66.0,38.0,112.0,24540.0,120.0,56.0,49.0,81.0,1.0,2340.0
16.10.21,5,9,1,9719.0,8092.0,10682.0,3959.0,0.0,73.0,47.0,179.0,31800.0,120.0,56.0,49.0,67.0,0.0,360.0
17.10.21,6,9,1,6686.0,5924.0,3480.0,5100.0,0.0,64.0,53.0,82.0,30960.0,120.0,55.0,50.0,62.0,0.0,420.0
18.10.21,0,9,1,9259.0,9506.0,5160.0,2640.0,2460.0,73.0,45.0,183.0,24780.0,120.0,56.0,51.0,66.0,1.0,2100.0
19.10.21,1,9,1,4209.0,3632.0,4140.0,1861.0,1020.0,65.0,53.0,118.0,24480.0,120.0,55.0,49.0,64.0,0.0,120.0
20.10.21,2,9,1,8906.0,9258.0,4920.0,2400.0,2160.0,74.0,43.0,183.0,25560.0,120.0,57.0,53.0,73.0,0.0,1440.0
21.10.21,3,9,1,4504.0,4183.0,3480.0,2160.0,1080.0,67.0,50.0,127.0,24480.0,120.0,60.0,53.0,80.0,0.0,1380.0
22.10.21,4,9,1,3969.0,3437.0,4560.0,1260.0,1200.0,63.0,46.0,143.0,25740.0,120.0,56.0,46.0,86.0,0.0,1320.0
23.10.21,5,9,1,4724.0,3796.0,11643.0,1019.0,0.0,70.0,53.0,91.0,31500.0,120.0,54.0,49.0,65.0,2.0,2460.0
24.10.21,6,9,1,4304.0,3780.0,6960.0,1800.0,0.0,71.0,50.0,150.0,27300.0,120.0,55.0,48.0,66.0,1.0,1500.0
25.10.21,0,9,1,8376.0,8717.0,5160.0,2280.0,1140.0,73.0,41.0,181.0,25440.0,120.0,55.0,47.0,88.0,1.0,2220.0
26.10.21,1,9,1,6707.0,6001.0,4681.0,3420.0,660.0,68.0,45.0,124.0,24180.0,120.0,58.0,52.0,70.0,1.0,900.0
27.10.21,2,9,1,10705.0,11050.0,5400.0,4140.0,2280.0,76.0,46.0,185.0,25560.0,120.0,56.0,51.0,78.0,0.0,1440.0
28.10.21,3,9,1,4853.0,4162.0,4980.0,2220.0,0.0,65.0,45.0,139.0,26520.0,120.0,56.0,51.0,61.0,2.0,1380.0
29.10.21,4,9,1,4689.0,3977.0,4740.0,1920.0,0.0,63.0,52.0,108.0,25680.0,120.0,56.0,48.0,78.0,1.0,2340.0
30.10.21,5,9,1,9863.0,8960.0,8400.0,5580.0,0.0,72.0,46.0,169.0,30840.0,120.0,56.0,47.0,78.0,1.0,1380.0
31.10.21,6,9,1,10801.0,9274.0,11159.0,3121.0,0.0,71.0,53.0,107.0,32340.0,180.0,57.0,51.0,81.0,1.0,540.0
01.11.21,0,10,1,8588.0,8330.0,6302.0,2519.0,1792.0,70.0,50.0,182.0,26640.0,120.0,57.0,51.0,83.0,0.0,1261.0
02.11.21,1,10,1,6174.0,5643.0,3721.0,3719.0,0.0,68.0,42.0,117.0,26460.0,120.0,56.0,51.0,80.0,0.0,1380.0
03.11.21,2,10,1,8256.0,7820.0,5520.0,2461.0,1698.0,71.0,46.0,183.0,26580.0,120.0,56.0,52.0,75.0,2.0,480.0
04.11.21,3,10,1,4522.0,3983.0,3961.0,2040.0,0.0,67.0,48.0,153.0,27120.0,120.0,56.0,49.0,68.0,0.0,1380.0
05.11.21,4,10,1,7004.0,6261.0,4740.0,3300.0,0.0,61.0,47.0,109.0,26400.0,120.0,55.0,48.0,79.0,2.0,1920.0
06.11.21,5,10,1,21014.0,19973.0,8760.0,12660.0,780.0,79.0,44.0,185.0,26640.0,120.0,56.0,53.0,66.0,0.0,480.0
07.11.21,6,10,1,10108.0,8545.0,6901.0,4619.0,0.0,71.0,46.0,204.0,35220.0,120.0,55.0,50.0,62.0,0.0,300.0
08.11.21,0,10,1,8727.0,8323.0,6000.0,2700.0,1352.0,72.0,49.0,177.0,25740.0,120.0,57.0,51.0,92.0,2.0,1560.0
09.11.21,1,10,1,7171.0,6482.0,5101.0,3720.0,540.0,63.0,43.0,107.0,24420.0,120.0,55.0,52.0,73.0,0.0,1380.0
10.11.21,2,10,1,4791.0,4259.0,3060.0,2460.0,0.0,69.0,55.0,163.0,28680.0,120.0,55.0,52.0,63.0,3.0,2460.0
11.11.21,3,10,1,10865.0,11023.0,5281.0,4320.0,1094.0,74.0,48.0,182.0,26280.0,120.0,54.0,51.0,59.0,0.0,420.0
12.11.21,4,10,1,2168.0,1851.0,4140.0,960.0,0.0,61.0,48.0,110.0,23520.0,120.0,56.0,53.0,62.0,2.0,840.0
13.11.21,5,10,1,5389.0,4928.0,7080.0,2460.0,840.0,68.0,48.0,130.0,,,,,,,
14.11.21,6,10,1,5431.0,4621.0,12001.0,1619.0,0.0,68.0,46.0,109.0,31260.0,120.0,54.0,46.0,67.0,0.0,660.0
15.11.21,0,10,1,9616.0,9392.0,6900.0,2940.0,1404.0,69.0,48.0,183.0,24660.0,120.0,57.0,52.0,78.0,0.0,1500.0
16.11.21,1,10,1,4343.0,3811.0,4320.0,1560.0,1380.0,63.0,44.0,104.0,24120.0,120.0,57.0,49.0,97.0,0.0,240.0
17.11.21,2,10,1,7859.0,7414.0,4381.0,2220.0,2820.0,69.0,46.0,183.0,27660.0,120.0,55.0,50.0,66.0,0.0,120.0
18.11.21,3,10,1,6596.0,5633.0,4140.0,2820.0,660.0,65.0,50.0,116.0,25080.0,120.0,57.0,49.0,100.0,0.0,1560.0
19.11.21,4,10,1,8534.0,7293.0,6840.0,3540.0,1140.0,69.0,51.0,151.0,26100.0,120.0,56.0,51.0,64.0,0.0,1560.0
20.11.21,5,10,1,7623.0,6438.0,10919.0,2580.0,0.0,72.0,47.0,173.0,27780.0,120.0,56.0,49.0,68.0,1.0,420.0
21.11.21,6,10,1,10779.0,9087.0,4200.0,6720.0,0.0,66.0,47.0,169.0,25380.0,120.0,56.0,53.0,64.0,2.0,1980.0
22.11.21,0,10,1,8227.0,8049.0,5220.0,2760.0,1881.0,70.0,45.0,181.0,22320.0,120.0,57.0,51.0,63.0,1.0,1140.0
23.11.21,1,10,1,4645.0,4024.0,4380.0,2160.0,0.0,62.0,40.0,124.0,26040.0,120.0,54.0,48.0,65.0,1.0,2160.0
24.11.21,2,10,1,5854.0,4890.0,5700.0,2160.0,0.0,68.0,49.0,174.0,29940.0,180.0,55.0,51.0,71.0,1.0,900.0
25.11.21,3,10,1,4039.0,3516.0,4680.0,1800.0,0.0,63.0,50.0,113.0,25080.0,120.0,53.0,48.0,63.0,1.0,2160.0
26.11.21,4,10,1,8597.0,7291.0,7379.0,3541.0,60.0,68.0,42.0,176.0,23580.0,120.0,57.0,48.0,83.0,0.0,1080.0
27.11.21,5,10,1,10043.0,8623.0,6180.0,5760.0,0.0,65.0,39.0,171.0,27960.0,840.0,57.0,52.0,75.0,1.0,1020.0
28.11.21,6,10,1,5551.0,4659.0,7500.0,2159.0,0.0,73.0,48.0,110.0,28800.0,180.0,54.0,51.0,65.0,1.0,1440.0
29.11.21,0,10,1,7760.0,7584.0,5820.0,2400.0,1381.0,66.0,42.0,184.0,24660.0,120.0,55.0,50.0,72.0,1.0,1500.0
30.11.21,1,10,1,10376.0,9433.0,4740.0,5906.0,0.0,67.0,52.0,192.0,28320.0,120.0,53.0,45.0,65.0,0.0,120.0
01.12.21,2,11,1,8622.0,8617.0,6180.0,3360.0,1846.0,69.0,50.0,181.0,26580.0,120.0,56.0,50.0,73.0,1.0,480.0
02.12.21,3,11,1,10352.0,9079.0,4020.0,4920.0,60.0,70.0,50.0,165.0,25440.0,120.0,55.0,50.0,63.0,0.0,1140.0
03.12.21,4,11,1,12684.0,11174.0,5580.0,6600.0,0.0,67.0,43.0,114.0,29580.0,120.0,55.0,48.0,64.0,0.0,1380.0
04.12.21,5,11,1,7534.0,6174.0,9120.0,2880.0,0.0,70.0,55.0,154.0,29100.0,120.0,57.0,52.0,68.0,0.0,360.0
05.12.21,6,11,1,11945.0,10223.0,5820.0,6147.0,0.0,74.0,43.0,180.0,27120.0,120.0,56.0,49.0,66.0,2.0,1020.0
06.12.21,0,11,1,9371.0,9621.0,5221.0,2759.0,1140.0,68.0,51.0,182.0,27660.0,120.0,58.0,51.0,152.0,2.0,1200.0
07.12.21,1,11,1,10675.0,9206.0,4140.0,5160.0,0.0,67.0,37.0,177.0,26880.0,120.0,54.0,49.0,82.0,0.0,1440.0
08.12.21,2,11,1,9848.0,9865.0,6960.0,2280.0,1140.0,72.0,44.0,191.0,27600.0,120.0,56.0,49.0,67.0,1.0,600.0
09.12.21,3,11,1,11312.0,10375.0,4740.0,6540.0,0.0,64.0,48.0,188.0,25200.0,120.0,58.0,53.0,70.0,0.0,1260.0
10.12.21,4,11,1,15270.0,13018.0,6181.0,7919.0,0.0,67.0,42.0,170.0,26400.0,180.0,57.0,54.0,65.0,1.0,360.0
11.12.21,5,11,1,16338.0,14475.0,8220.0,9420.0,0.0,65.0,47.0,96.0,25320.0,120.0,56.0,49.0,66.0,1.0,780.0
12.12.21,6,11,1,16785.0,14483.0,4020.0,9000.0,0.0,72.0,47.0,193.0,32520.0,180.0,56.0,51.0,70.0,2.0,2280.0
13.12.21,0,11,1,8737.0,9627.0,5520.0,2460.0,1200.0,72.0,50.0,188.0,24240.0,120.0,60.0,50.0,151.0,0.0,1440.0
14.12.21,1,11,1,7970.0,6790.0,6900.0,3180.0,1800.0,61.0,44.0,118.0,24720.0,120.0,56.0,48.0,131.0,0.0,1440.0
15.12.21,2,11,1,10502.0,10075.0,5580.0,2520.0,1260.0,70.0,47.0,182.0,27300.0,120.0,58.0,55.0,66.0,0.0,120.0
16.12.21,3,11,1,9426.0,8230.0,5160.0,5160.0,0.0,64.0,47.0,119.0,26880.0,120.0,56.0,51.0,66.0,0.0,240.0
17.12.21,4,11,1,5660.0,4572.0,6720.0,1620.0,0.0,62.0,45.0,147.0,27060.0,120.0,54.0,50.0,63.0,0.0,1140.0
18.12.21,5,11,1,20801.0,18278.0,8280.0,11401.0,0.0,75.0,47.0,208.0,27780.0,120.0,54.0,48.0,79.0,3.0,1740.0
19.12.21,6,11,1,10321.0,9182.0,2881.0,5820.0,0.0,74.0,57.0,136.0,33360.0,180.0,63.0,57.0,73.0,3.0,1500.0
20.12.21,0,11,1,3569.0,2944.0,3660.0,1500.0,0.0,63.0,50.0,161.0,27420.0,120.0,56.0,48.0,69.0,0.0,1140.0
21.12.21,1,11,2,10468.0,10573.0,6360.0,3300.0,1140.0,71.0,45.0,184.0,26940.0,120.0,53.0,49.0,73.0,1.0,1020.0
22.12.21,2,11,2,14118.0,12272.0,5701.0,7500.0,0.0,71.0,46.0,167.0,23160.0,120.0,59.0,49.0,129.0,0.0,1620.0
23.12.21,3,11,2,6745.0,5659.0,8160.0,2760.0,0.0,71.0,48.0,182.0,22800.0,120.0,57.0,51.0,73.0,1.0,360.0
24.12.21,4,11,2,5279.0,4361.0,8760.0,1920.0,0.0,68.0,43.0,108.0,39420.0,120.0,57.0,50.0,81.0,3.0,2460.0
25.12.21,5,11,2,5205.0,4021.0,10800.0,480.0,0.0,70.0,53.0,165.0,26640.0,120.0,57.0,47.0,74.0,1.0,1080.0
26.12.21,6,11,2,1471.0,1178.0,6120.0,0.0,0.0,64.0,51.0,86.0,19260.0,120.0,56.0,49.0,60.0,0.0,600.0
27.12.21,0,11,2,8394.0,9658.0,6721.0,780.0,2501.0,77.0,46.0,184.0,29220.0,660.0,56.0,48.0,62.0,2.0,1920.0
28.12.21,1,11,2,8471.0,7049.0,7801.0,4080.0,0.0,72.0,49.0,165.0,30240.0,120.0,57.0,53.0,64.0,1.0,1260.0
29.12.21,2,11,2,15385.0,16199.0,6300.0,5880.0,1800.0,82.0,49.0,186.0,29520.0,180.0,57.0,52.0,79.0,0.0,2520.0
30.12.21,3,11,2,8650.0,7943.0,7860.0,2040.0,1280.0,75.0,51.0,187.0,29040.0,120.0,58.0,54.0,65.0,0.0,180.0
31.12.21,4,11,2,11491.0,12343.0,6720.0,3060.0,1260.0,86.0,50.0,182.0,29700.0,120.0,59.0,54.0,76.0,1.0,300.0
01.01.22,5,0,2,3591.0,2826.0,8520.0,780.0,0.0,68.0,49.0,102.0,21840.0,1920.0,60.0,54.0,77.0,0.0,1980.0
02.01.22,6,0,2,11712.0,13298.0,4981.0,2940.0,1680.0,87.0,47.0,193.0,31380.0,120.0,58.0,49.0,71.0,0.0,240.0
03.01.22,0,0,2,6054.0,4939.0,8520.0,2460.0,900.0,69.0,45.0,178.0,,,,,,,
04.01.22,1,0,2,14937.0,15099.0,9600.0,4740.0,1380.0,79.0,45.0,190.0,29820.0,120.0,55.0,48.0,64.0,0.0,120.0
05.01.22,2,0,2,3194.0,2767.0,5639.0,1200.0,720.0,68.0,45.0,123.0,30240.0,120.0,58.0,53.0,66.0,1.0,1560.0
06.01.22,3,0,2,11036.0,12891.0,8039.0,180.0,3701.0,81.0,40.0,180.0,25320.0,120.0,62.0,55.0,70.0,1.0,420.0
07.01.22,4,0,2,840.0,656.0,3240.0,60.0,0.0,69.0,44.0,91.0,25980.0,120.0,63.0,55.0,72.0,0.0,180.0
08.01.22,5,0,2,14821.0,14994.0,8640.0,4320.0,1680.0,77.0,46.0,181.0,31500.0,120.0,57.0,51.0,76.0,0.0,420.0
09.01.22,6,0,2,4791.0,4402.0,4979.0,2400.0,0.0,68.0,43.0,128.0,27540.0,120.0,58.0,52.0,65.0,0.0,120.0
10.01.22,0,0,2,13988.0,14731.0,8040.0,4620.0,1500.0,86.0,46.0,187.0,29640.0,120.0,58.0,49.0,63.0,0.0,240.0
11.01.22,1,0,2,8837.0,7987.0,6480.0,4620.0,2220.0,76.0,51.0,169.0,26640.0,120.0,62.0,53.0,73.0,1.0,660.0
12.01.22,2,0,2,18469.0,18662.0,8880.0,8040.0,1320.0,86.0,51.0,183.0,29040.0,120.0,57.0,52.0,63.0,0.0,120.0
13.01.22,3,0,2,3771.0,3126.0,9240.0,840.0,0.0,77.0,37.0,168.0,24540.0,120.0,61.0,53.0,73.0,0.0,180.0
14.01.22,4,0,2,6306.0,5076.0,15900.0,1140.0,0.0,74.0,55.0,120.0,26820.0,120.0,64.0,57.0,78.0,0.0,120.0
15.01.22,5,0,2,5908.0,4630.0,14221.0,719.0,0.0,67.0,41.0,103.0,,,,,,,
16.01.22,6,0,2,6356.0,5760.0,5340.0,3600.0,120.0,68.0,46.0,114.0,43440.0,180.0,53.0,46.0,63.0,0.0,180.0
17.01.22,0,0,2,4807.0,4328.0,4860.0,1620.0,120.0,61.0,45.0,120.0,27360.0,180.0,58.0,52.0,70.0,0.0,1500.0
18.01.22,1,0,2,3989.0,3525.0,3360.0,1800.0,0.0,61.0,45.0,121.0,26880.0,120.0,56.0,50.0,94.0,2.0,2160.0
19.01.22,2,0,2,9544.0,9838.0,4920.0,2760.0,1140.0,70.0,49.0,195.0,28200.0,120.0,56.0,51.0,94.0,0.0,1320.0
20.01.22,3,0,2,4237.0,3632.0,3720.0,1740.0,0.0,63.0,47.0,126.0,26520.0,120.0,58.0,52.0,88.0,1.0,2040.0
21.01.22,4,0,2,7222.0,6328.0,5702.0,3059.0,0.0,62.0,41.0,113.0,28080.0,120.0,56.0,51.0,83.0,1.0,1740.0
22.01.22,5,0,2,11635.0,10330.0,9180.0,6360.0,0.0,71.0,44.0,130.0,28800.0,120.0,56.0,51.0,85.0,4.0,2640.0
23.01.22,6,0,2,2365.0,1960.0,5521.0,840.0,0.0,71.0,44.0,193.0,22560.0,120.0,63.0,56.0,79.0,2.0,1560.0
24.01.22,0,0,2,11734.0,11997.0,5280.0,4440.0,1200.0,72.0,55.0,191.0,25080.0,300.0,60.0,55.0,87.0,0.0,1320.0
25.01.22,1,0,2,5557.0,4769.0,4560.0,2100.0,0.0,64.0,41.0,169.0,26100.0,120.0,56.0,52.0,70.0,1.0,1920.0
26.01.22,2,0,2,9579.0,9796.0,4680.0,2580.0,1200.0,71.0,50.0,191.0,27600.0,120.0,56.0,52.0,77.0,0.0,1320.0
27.01.22,3,0,2,4429.0,3748.0,4201.0,1860.0,0.0,63.0,40.0,160.0,28380.0,120.0,55.0,51.0,76.0,0.0,1380.0
28.01.22,4,0,2,10655.0,8811.0,11640.0,4560.0,0.0,74.0,57.0,110.0,,,,,,,
29.01.22,5,0,2,9178.0,7693.0,12001.0,3240.0,0.0,69.0,43.0,191.0,28680.0,120.0,58.0,53.0,67.0,0.0,540.0
30.01.22,6,0,2,10605.0,9255.0,3960.0,6120.0,600.0,68.0,54.0,165.0,25560.0,120.0,55.0,49.0,71.0,0.0,660.0
31.01.22,0,0,2,10834.0,10913.0,6060.0,3000.0,1140.0,68.0,50.0,193.0,26580.0,120.0,54.0,45.0,80.0,1.0,1740.0
01.02.22,1,1,2,4909.0,4178.0,3240.0,2400.0,0.0,61.0,41.0,115.0,26400.0,120.0,53.0,50.0,65.0,0.0,1380.0
02.02.22,2,1,2,9951.0,9896.0,5341.0,3120.0,1140.0,71.0,46.0,184.0,27840.0,120.0,55.0,50.0,87.0,0.0,1200.0
03.02.22,3,1,2,4530.0,3918.0,4260.0,2160.0,0.0,61.0,43.0,120.0,24960.0,120.0,54.0,48.0,65.0,2.0,2340.0
04.02.22,4,1,2,8561.0,7735.0,6720.0,3900.0,0.0,66.0,46.0,186.0,26700.0,120.0,52.0,46.0,78.0,1.0,1440.0
05.02.22,5,1,2,12559.0,10474.0,9061.0,5580.0,0.0,66.0,44.0,140.0,27300.0,240.0,52.0,47.0,57.0,1.0,1080.0
06.02.22,6,1,2,15374.0,13213.0,3600.0,9000.0,0.0,66.0,49.0,131.0,26940.0,120.0,53.0,49.0,69.0,1.0,1260.0
07.02.22,0,1,2,17087.0,16183.0,6960.0,6540.0,1140.0,72.0,48.0,187.0,26820.0,120.0,52.0,45.0,74.0,1.0,1800.0
08.02.22,1,1,2,12080.0,10708.0,3480.0,6360.0,0.0,65.0,49.0,166.0,25140.0,120.0,50.0,46.0,57.0,1.0,1680.0
09.02.22,2,1,2,13491.0,13576.0,6180.0,5280.0,1200.0,73.0,43.0,187.0,27060.0,120.0,52.0,45.0,69.0,0.0,1380.0
10.02.22,3,1,2,12532.0,11224.0,1980.0,7560.0,0.0,61.0,51.0,156.0,26160.0,120.0,52.0,48.0,59.0,0.0,1440.0
11.02.22,4,1,2,12881.0,11454.0,7140.0,6900.0,0.0,68.0,44.0,166.0,24900.0,120.0,52.0,47.0,69.0,1.0,2040.0
12.02.22,5,1,2,29021.0,26322.0,5460.0,16980.0,0.0,79.0,45.0,159.0,28080.0,120.0,52.0,46.0,65.0,1.0,1440.0
13.02.22,6,1,2,14736.0,13322.0,7020.0,9300.0,0.0,68.0,50.0,118.0,29040.0,120.0,55.0,50.0,67.0,1.0,660.0
14.02.22,0,1,2,11586.0,10879.0,5340.0,3480.0,1140.0,69.0,37.0,182.0,25980.0,120.0,54.0,46.0,65.0,1.0,2280.0
15.02.22,1,1,2,12259.0,11120.0,5100.0,6480.0,0.0,73.0,41.0,194.0,25080.0,120.0,50.0,46.0,62.0,1.0,2100.0
16.02.22,2,1,2,6680.0,6426.0,7561.0,900.0,660.0,68.0,42.0,189.0,25740.0,120.0,51.0,45.0,66.0,0.0,240.0
17.02.22,3,1,2,12220.0,10751.0,3780.0,6360.0,0.0,63.0,48.0,165.0,25560.0,120.0,53.0,48.0,61.0,0.0,120.0
18.02.22,4,1,2,16814.0,14731.0,5400.0,9420.0,60.0,67.0,42.0,158.0,26460.0,120.0,54.0,50.0,62.0,1.0,2400.0
19.02.22,5,1,2,12967.0,12366.0,3720.0,8400.0,240.0,68.0,40.0,196.0,26820.0,120.0,53.0,48.0,70.0,1.0,1320.0
20.02.22,6,1,2,23999.0,21331.0,3900.0,13440.0,0.0,74.0,45.0,176.0,26100.0,120.0,53.0,48.0,59.0,2.0,900.0
21.02.22,0,1,2,12342.0,12167.0,7260.0,3960.0,1140.0,69.0,44.0,183.0,25800.0,120.0,53.0,48.0,57.0,1.0,780.0
22.02.22,1,1,2,16870.0,15310.0,3540.0,9120.0,0.0,63.0,43.0,142.0,24660.0,120.0,,,,1.0,1860.0
23.02.22,2,1,2,10573.0,10144.0,5640.0,4500.0,660.0,66.0,49.0,184.0,24780.0,120.0,52.0,48.0,58.0,1.0,900.0
24.02.22,3,1,2,5531.0,4860.0,3480.0,2880.0,0.0,58.0,45.0,76.0,23880.0,120.0,53.0,46.0,70.0,2.0,2040.0
25.02.22,4,1,2,9379.0,8081.0,6480.0,4260.0,60.0,62.0,45.0,118.0,24240.0,120.0,53.0,47.0,77.0,3.0,2940.0
26.02.22,5,1,2,8871.0,7761.0,7740.0,4080.0,60.0,62.0,46.0,125.0,26460.0,120.0,53.0,48.0,60.0,0.0,1080.0
27.02.22,6,1,2,634.0,536.0,3180.0,0.0,0.0,67.0,51.0,203.0,28320.0,120.0,52.0,48.0,62.0,0.0,240.0
28.02.22,0,1,2,13938.0,11912.0,7080.0,6720.0,60.0,72.0,42.0,170.0,25200.0,120.0,53.0,47.0,61.0,1.0,600.0
01.03.22,1,2,2,4678.0,4118.0,4560.0,1980.0,0.0,61.0,47.0,179.0,27300.0,120.0,55.0,38.0,69.0,0.0,1500.0
02.03.22,2,2,2,9121.0,8906.0,6240.0,3480.0,720.0,71.0,50.0,191.0,26700.0,120.0,53.0,48.0,61.0,1.0,2040.0
03.03.22,3,2,2,6909.0,5935.0,4141.0,3480.0,0.0,59.0,40.0,109.0,26820.0,120.0,54.0,49.0,73.0,0.0,1320.0
04.03.22,4,2,2,6868.0,6225.0,4800.0,4021.0,0.0,71.0,41.0,98.0,12060.0,180.0,55.0,51.0,63.0,0.0,180.0
05.03.22,5,2,2,6903.0,6268.0,5880.0,3960.0,0.0,71.0,57.0,200.0,28560.0,120.0,63.0,54.0,200.0,3.0,2700.0
06.03.22,6,2,2,8899.0,7619.0,3961.0,4800.0,0.0,73.0,47.0,187.0,27300.0,120.0,63.0,53.0,74.0,0.0,300.0
07.03.22,0,2,2,8111.0,8084.0,6420.0,2820.0,600.0,68.0,45.0,185.0,25620.0,120.0,54.0,45.0,67.0,1.0,660.0
08.03.22,1,2,2,6405.0,5720.0,4260.0,3480.0,0.0,59.0,45.0,109.0,24960.0,120.0,52.0,48.0,60.0,1.0,1980.0
09.03.22,2,2,2,11695.0,11132.0,6240.0,4500.0,660.0,70.0,47.0,189.0,25620.0,120.0,53.0,50.0,58.0,2.0,1020.0
10.03.22,3,2,2,5347.0,4372.0,5162.0,2098.0,780.0,60.0,43.0,170.0,23880.0,120.0,55.0,46.0,76.0,2.0,2041.0
11.03.22,4,2,2,9346.0,7820.0,6780.0,4260.0,960.0,67.0,54.0,143.0,25080.0,120.0,52.0,46.0,73.0,2.0,2400.0
12.03.22,5,2,2,13319.0,11181.0,10380.0,5820.0,0.0,67.0,43.0,188.0,23580.0,120.0,54.0,49.0,61.0,2.0,1560.0
13.03.22,6,2,2,529.0,473.0,3840.0,60.0,0.0,66.0,47.0,85.0,29820.0,120.0,61.0,56.0,69.0,1.0,1020.0
14.03.22,0,2,2,4619.0,4138.0,4140.0,2640.0,1920.0,65.0,47.0,130.0,26220.0,300.0,57.0,49.0,63.0,1.0,2040.0
15.03.22,1,2,2,13656.0,12413.0,9780.0,4860.0,1560.0,52.0,49.0,59.0,26460.0,120.0,56.0,49.0,84.0,1.0,1800.0
16.03.22,2,2,2,4720.0,3980.0,6961.0,1920.0,540.0,62.0,45.0,101.0,26460.0,120.0,55.0,49.0,63.0,1.0,540.0
17.03.22,3,2,2,6050.0,5117.0,5161.0,2880.0,1740.0,64.0,43.0,99.0,24000.0,120.0,56.0,51.0,64.0,0.0,240.0
18.03.22,4,2,2,10243.0,9434.0,10381.0,2940.0,1560.0,73.0,48.0,182.0,24540.0,120.0,54.0,49.0,63.0,0.0,1380.0
19.03.22,5,2,2,5623.0,5088.0,4620.0,3120.0,0.0,55.0,52.0,76.0,29820.0,240.0,55.0,50.0,72.0,0.0,540.0
20.03.22,6,2,3,709.0,606.0,3780.0,60.0,0.0,55.0,50.0,77.0,25560.0,120.0,54.0,50.0,60.0,0.0,180.0
21.03.22,0,2,3,8786.0,8358.0,5821.0,3360.0,2580.0,54.0,51.0,60.0,23820.0,120.0,55.0,51.0,64.0,1.0,960.0
22.03.22,1,2,3,4664.0,4304.0,3240.0,3000.0,1140.0,63.0,41.0,117.0,24960.0,120.0,56.0,50.0,84.0,0.0,1320.0
23.03.22,2,2,3,12274.0,11165.0,10620.0,5400.0,1500.0,51.0,45.0,57.0,26220.0,120.0,52.0,45.0,60.0,0.0,1440.0
24.03.22,3,2,3,6339.0,5641.0,4501.0,3419.0,2100.0,61.0,42.0,116.0,19860.0,120.0,58.0,54.0,72.0,0.0,600.0
25.03.22,4,2,3,13292.0,12157.0,7020.0,7380.0,1860.0,62.0,45.0,161.0,23340.0,120.0,51.0,46.0,59.0,2.0,780.0
26.03.22,5,2,3,9573.0,7963.0,9540.0,3900.0,0.0,52.0,47.0,57.0,28740.0,120.0,53.0,47.0,67.0,3.0,2220.0
27.03.22,6,2,3,7483.0,5707.0,7560.0,3300.0,0.0,65.0,46.0,128.0,22920.0,120.0,53.0,48.0,60.0,2.0,1440.0
28.03.22,0,2,3,8679.0,8227.0,6600.0,2640.0,2400.0,77.0,43.0,187.0,27180.0,120.0,58.0,54.0,70.0,2.0,1800.0
29.03.22,1,2,3,5356.0,4678.0,4801.0,2520.0,960.0,65.0,43.0,128.0,25380.0,120.0,56.0,50.0,66.0,2.0,1380.0
30.03.22,2,2,3,9026.0,8515.0,6061.0,2760.0,1561.0,68.0,44.0,179.0,23940.0,120.0,54.0,49.0,62.0,1.0,1920.0
31.03.22,3,2,3,5234.0,4552.0,6121.0,2519.0,900.0,64.0,44.0,106.0,23220.0,120.0,56.0,47.0,105.0,0.0,1200.0
01.04.22,4,3,3,6116.0,4966.0,9301.0,1500.0,0.0,64.0,44.0,131.0,25740.0,120.0,61.0,53.0,69.0,0.0,1440.0
02.04.22,5,3,3,6525.0,5421.0,11100.0,2040.0,0.0,63.0,37.0,108.0,28680.0,120.0,54.0,49.0,61.0,0.0,360.0
03.04.22,6,3,3,5956.0,5147.0,3420.0,3000.0,2100.0,61.0,50.0,90.0,29640.0,120.0,55.0,49.0,65.0,2.0,1080.0
04.04.22,0,3,3,7613.0,6074.0,7801.0,3720.0,60.0,65.0,47.0,191.0,23640.0,120.0,55.0,49.0,67.0,1.0,660.0
05.04.22,1,3,3,5403.0,4602.0,4199.0,3120.0,0.0,62.0,45.0,126.0,26040.0,120.0,54.0,50.0,59.0,0.0,1320.0
06.04.22,2,3,3,9633.0,9017.0,9541.0,3000.0,2160.0,76.0,42.0,188.0,25140.0,120.0,58.0,48.0,78.0,0.0,1320.0
07.04.22,3,3,3,18512.0,15719.0,14342.0,9661.0,0.0,66.0,41.0,141.0,26460.0,600.0,55.0,48.0,60.0,0.0,660.0
08.04.22,4,3,3,22312.0,19324.0,11160.0,14520.0,0.0,69.0,54.0,88.0,26880.0,240.0,56.0,46.0,85.0,1.0,840.0
09.04.22,5,3,3,18344.0,15831.0,10800.0,10861.0,0.0,66.0,50.0,88.0,26400.0,120.0,56.0,49.0,82.0,0.0,240.0
10.04.22,6,3,3,14806.0,11581.0,9480.0,7020.0,0.0,66.0,38.0,151.0,15840.0,120.0,55.0,50.0,63.0,0.0,180.0
11.04.22,0,3,3,7774.0,7184.0,7442.0,2879.0,1380.0,66.0,43.0,184.0,25020.0,120.0,54.0,51.0,66.0,0.0,1380.0
12.04.22,1,3,3,5728.0,5086.0,5340.0,2040.0,1200.0,62.0,48.0,117.0,24000.0,120.0,57.0,50.0,70.0,3.0,2100.0
13.04.22,2,3,3,5315.0,4678.0,4200.0,2220.0,1920.0,64.0,46.0,147.0,26700.0,120.0,53.0,50.0,61.0,0.0,1380.0
14.04.22,3,3,3,5960.0,5107.0,6000.0,2640.0,1680.0,64.0,43.0,134.0,25020.0,120.0,54.0,48.0,62.0,0.0,1260.0
15.04.22,4,3,3,11513.0,9849.0,3000.0,6960.0,0.0,69.0,54.0,183.0,30120.0,120.0,56.0,50.0,72.0,1.0,1140.0
16.04.22,5,3,3,4669.0,3816.0,9302.0,1140.0,0.0,66.0,41.0,92.0,25440.0,180.0,62.0,47.0,168.0,1.0,1380.0
17.04.22,6,3,3,3146.0,2439.0,4861.0,840.0,0.0,64.0,50.0,96.0,32460.0,180.0,55.0,50.0,63.0,3.0,2160.0
18.04.22,0,3,3,9548.0,8512.0,5519.0,6120.0,0.0,67.0,43.0,109.0,32400.0,120.0,57.0,53.0,62.0,2.0,1740.0
19.04.22,1,3,3,11883.0,10504.0,10320.0,5400.0,2340.0,77.0,47.0,191.0,25620.0,180.0,56.0,50.0,68.0,0.0,1380.0
20.04.22,2,3,3,10960.0,9724.0,5940.0,6240.0,0.0,68.0,45.0,117.0,25740.0,120.0,55.0,49.0,64.0,1.0,1980.0
21.04.22,3,3,3,8521.0,7780.0,10860.0,2700.0,2100.0,72.0,45.0,183.0,26280.0,120.0,56.0,52.0,73.0,1.0,1800.0
06.07.21,1,6,0,5103.0,4076.0,12840.0,840.0,0.0,76.0,58.0,139.0,25920.0,120.0,61.0,56.0,72.0,4.0,2040.0
07.07.21,2,6,0,6021.0,5079.0,9962.0,2100.0,60.0,80.0,50.0,166.0,25020.0,120.0,61.0,56.0,80.0,3.0,2100.0
08.07.21,3,6,0,898.0,711.0,5160.0,0.0,0.0,85.0,70.0,174.0,15000.0,120.0,74.0,70.0,80.0,2.0,1020.0
09.07.21,4,6,0,7115.0,6152.0,12662.0,2640.0,0.0,76.0,49.0,105.0,17100.0,600.0,68.0,61.0,75.0,2.0,1440.0
10.07.21,5,6,0,12784.0,11082.0,10799.0,7740.0,0.0,81.0,59.0,168.0,31500.0,120.0,61.0,48.0,70.0,3.0,1500.0
11.07.21,6,6,0,8907.0,7572.0,13382.0,4260.0,900.0,74.0,49.0,168.0,16080.0,120.0,65.0,54.0,71.0,1.0,660.0
12.07.21,0,6,0,7179.0,5822.0,10381.0,2100.0,60.0,71.0,52.0,117.0,13320.0,120.0,61.0,56.0,68.0,0.0,1320.0
13.07.21,1,6,0,5800.0,4989.0,10020.0,1740.0,0.0,75.0,48.0,160.0,11940.0,120.0,70.0,65.0,77.0,0.0,120.0
14.07.21,2,6,0,5883.0,4792.0,9600.0,1740.0,0.0,76.0,57.0,165.0,22740.0,120.0,58.0,53.0,70.0,1.0,840.0
15.07.21,3,6,0,5570.0,4588.0,9061.0,1618.0,0.0,78.0,55.0,147.0,16680.0,120.0,72.0,56.0,148.0,2.0,1680.0
16.07.21,4,6,0,9493.0,8395.0,10138.0,4560.0,0.0,72.0,46.0,122.0,14640.0,120.0,67.0,57.0,108.0,2.0,1380.0
17.07.21,5,6,0,6119.0,5349.0,11881.0,720.0,600.0,84.0,54.0,176.0,32640.0,120.0,68.0,59.0,82.0,4.0,2760.0
18.07.21,6,6,0,4760.0,3763.0,4680.0,2400.0,0.0,75.0,55.0,176.0,28920.0,120.0,65.0,56.0,73.0,1.0,780.0
19.07.21,0,6,0,5164.0,4147.0,10981.0,900.0,60.0,71.0,47.0,110.0,12540.0,120.0,64.0,55.0,90.0,3.0,1860.0
20.07.21,1,6,0,5939.0,4807.0,12900.0,1320.0,0.0,74.0,59.0,189.0,26340.0,120.0,64.0,56.0,76.0,3.0,2280.0
21.07.21,2,6,0,6736.0,5376.0,12482.0,1620.0,0.0,73.0,52.0,125.0,25680.0,120.0,65.0,57.0,83.0,2.0,1380.0
22.07.21,3,6,0,5937.0,4719.0,12240.0,1380.0,0.0,70.0,53.0,112.0,13980.0,180.0,61.0,57.0,78.0,1.0,720.0
23.07.21,4,6,0,6768.0,5490.0,9541.0,2640.0,0.0,75.0,54.0,121.0,19020.0,120.0,61.0,52.0,71.0,3.0,1200.0
24.07.21,5,6,0,5786.0,4761.0,10323.0,1380.0,0.0,77.0,54.0,139.0,,,,,,,
25.07.21,6,6,0,6697.0,6025.0,11761.0,1920.0,780.0,85.0,59.0,190.0,28140.0,180.0,63.0,54.0,86.0,3.0,1620.0
26.07.21,0,6,0,5134.0,4191.0,11521.0,1079.0,0.0,72.0,56.0,89.0,22380.0,120.0,62.0,56.0,79.0,2.0,660.0
27.07.21,1,6,0,8617.0,6979.0,13261.0,2820.0,0.0,74.0,61.0,139.0,15000.0,120.0,60.0,54.0,71.0,3.0,1380.0
28.07.21,2,6,0,5599.0,4551.0,10862.0,1379.0,0.0,70.0,55.0,122.0,19980.0,180.0,58.0,51.0,77.0,2.0,1620.0
29.07.21,3,6,0,6032.0,4878.0,13981.0,900.0,0.0,70.0,44.0,100.0,18840.0,600.0,62.0,53.0,67.0,2.0,2160.0
30.07.21,4,6,0,8265.0,7044.0,7021.0,4200.0,0.0,83.0,49.0,125.0,22800.0,120.0,70.0,60.0,91.0,5.0,3120.0
31.07.21,5,6,0,5582.0,4500.0,8822.0,2340.0,0.0,86.0,68.0,124.0,46020.0,120.0,67.0,60.0,76.0,5.0,3000.0
01.08.21,6,7,0,1123.0,941.0,6180.0,0.0,840.0,71.0,59.0,100.0,39840.0,120.0,66.0,57.0,89.0,3.0,3120.0
02.08.21,0,7,0,5622.0,4683.0,10862.0,1799.0,0.0,67.0,53.0,131.0,12780.0,120.0,57.0,55.0,61.0,1.0,1140.0
03.08.21,1,7,0,6189.0,5046.0,13500.0,1920.0,1620.0,67.0,52.0,87.0,23640.0,120.0,59.0,52.0,71.0,4.0,3420.0
04.08.21,2,7,0,4968.0,3986.0,9721.0,840.0,0.0,72.0,50.0,145.0,18480.0,120.0,64.0,53.0,87.0,1.0,960.0
05.08.21,3,7,0,7553.0,6160.0,15059.0,1561.0,60.0,71.0,47.0,171.0,17280.0,120.0,60.0,56.0,66.0,5.0,2940.0
06.08.21,4,7,0,9865.0,8173.0,15540.0,3120.0,660.0,75.0,56.0,160.0,20700.0,120.0,68.0,58.0,105.0,2.0,2160.0
07.08.21,5,7,0,5272.0,4330.0,9899.0,1921.0,60.0,76.0,48.0,131.0,14700.0,120.0,68.0,63.0,76.0,2.0,1620.0
08.08.21,6,7,0,11052.0,8628.0,16981.0,2399.0,840.0,81.0,60.0,170.0,19200.0,180.0,65.0,58.0,75.0,1.0,1860.0
09.08.21,0,7,0,4371.0,3413.0,9180.0,540.0,0.0,73.0,47.0,93.0,29100.0,120.0,61.0,50.0,71.0,2.0,2460.0
10.08.21,1,7,0,5166.0,4051.0,9959.0,900.0,0.0,74.0,45.0,115.0,22260.0,1980.0,64.0,58.0,73.0,3.0,3540.0
11.08.21,2,7,0,12143.0,9987.0,11041.0,5760.0,0.0,78.0,45.0,196.0,23040.0,120.0,60.0,55.0,70.0,2.0,1320.0
12.08.21,3,7,0,12707.0,10218.0,10680.0,6000.0,0.0,82.0,54.0,118.0,27000.0,120.0,61.0,57.0,71.0,4.0,1980.0
13.08.21,4,7,0,9626.0,7706.0,16321.0,2040.0,1080.0,75.0,48.0,135.0,30660.0,240.0,71.0,59.0,92.0,4.0,1860.0
14.08.21,5,7,0,4329.0,3412.0,8821.0,839.0,0.0,76.0,58.0,108.0,29700.0,120.0,70.0,63.0,80.0,1.0,360.0
15.08.21,6,7,0,5395.0,4301.0,8460.0,1620.0,0.0,75.0,41.0,171.0,28920.0,120.0,63.0,57.0,73.0,4.0,1200.0
16.08.21,0,7,0,10899.0,9769.0,8761.0,7200.0,0.0,81.0,61.0,178.0,26460.0,120.0,67.0,58.0,177.0,1.0,900.0
17.08.21,1,7,0,7547.0,6072.0,13980.0,2220.0,0.0,77.0,50.0,108.0,21360.0,120.0,66.0,61.0,82.0,2.0,1260.0
18.08.21,2,7,0,6838.0,5568.0,17221.0,1200.0,600.0,78.0,46.0,108.0,15240.0,120.0,69.0,58.0,79.0,1.0,420.0
19.08.21,3,7,0,3739.0,2942.0,12661.0,240.0,0.0,78.0,56.0,111.0,29880.0,120.0,66.0,56.0,100.0,3.0,1260.0
20.08.21,4,7,0,2430.0,1945.0,5160.0,660.0,0.0,72.0,50.0,107.0,33240.0,300.0,65.0,54.0,74.0,3.0,2760.0
21.08.21,5,7,0,7382.0,6043.0,16259.0,1261.0,600.0,80.0,53.0,121.0,27480.0,120.0,64.0,54.0,90.0,5.0,3300.0
22.08.21,6,7,0,4213.0,3485.0,11640.0,1200.0,0.0,77.0,41.0,165.0,15900.0,120.0,66.0,59.0,78.0,3.0,1920.0
23.08.21,0,7,0,8166.0,6970.0,10502.0,3360.0,0.0,78.0,46.0,148.0,17220.0,240.0,66.0,53.0,75.0,0.0,2280.0
24.08.21,1,7,0,5071.0,4079.0,9242.0,959.0,0.0,71.0,43.0,104.0,22800.0,240.0,69.0,59.0,92.0,3.0,2520.0
25.08.21,2,7,0,6656.0,5543.0,10499.0,2222.0,60.0,75.0,53.0,184.0,20040.0,120.0,62.0,56.0,71.0,3.0,1680.0
26.08.21,3,7,0,4966.0,4230.0,9000.0,1080.0,60.0,73.0,45.0,175.0,17580.0,120.0,57.0,52.0,66.0,1.0,900.0
27.08.21,4,7,0,3744.0,3099.0,8820.0,1080.0,0.0,70.0,55.0,115.0,25620.0,120.0,60.0,55.0,70.0,2.0,1680.0
28.08.21,5,7,0,6705.0,5710.0,10321.0,2340.0,0.0,80.0,64.0,146.0,26160.0,120.0,66.0,59.0,82.0,2.0,2520.0
29.08.21,6,7,0,2091.0,1845.0,9421.0,900.0,900.0,73.0,55.0,90.0,19620.0,300.0,66.0,55.0,76.0,1.0,840.0
30.08.21,0,7,0,6827.0,5816.0,9420.0,2820.0,60.0,71.0,56.0,137.0,24180.0,120.0,61.0,53.0,76.0,3.0,3180.0
31.08.21,1,7,0,7089.0,5693.0,14760.0,1260.0,60.0,76.0,52.0,144.0,23280.0,180.0,60.0,51.0,70.0,2.0,720.0
01.09.21,2,8,0,5718.0,4723.0,9360.0,1680.0,0.0,70.0,48.0,93.0,23280.0,120.0,64.0,55.0,79.0,6.0,3000.0
02.09.21,3,8,0,5474.0,4544.0,10920.0,1200.0,60.0,72.0,47.0,125.0,19800.0,120.0,61.0,54.0,68.0,1.0,840.0
03.09.21,4,8,0,12133.0,9911.0,17642.0,2640.0,60.0,76.0,56.0,164.0,26640.0,120.0,63.0,52.0,76.0,1.0,2400.0
04.09.21,5,8,0,12148.0,10036.0,8880.0,4860.0,0.0,82.0,48.0,146.0,18660.0,300.0,81.0,66.0,122.0,2.0,120.0
05.09.21,6,8,0,1173.0,949.0,5580.0,0.0,1079.0,73.0,55.0,112.0,32100.0,120.0,63.0,56.0,74.0,3.0,2400.0
06.09.21,0,8,0,7003.0,6185.0,9061.0,3060.0,0.0,70.0,49.0,124.0,23280.0,120.0,61.0,53.0,71.0,4.0,2400.0
07.09.21,1,8,0,7141.0,5865.0,15184.0,1439.0,0.0,73.0,60.0,164.0,16920.0,120.0,59.0,53.0,75.0,1.0,1740.0
08.09.21,2,8,0,4815.0,4024.0,8581.0,1440.0,0.0,66.0,59.0,96.0,21840.0,120.0,59.0,52.0,78.0,2.0,1320.0
09.09.21,3,8,0,5729.0,4697.0,12600.0,1261.0,0.0,75.0,53.0,125.0,22200.0,120.0,57.0,52.0,70.0,0.0,1020.0
10.09.21,4,8,0,8480.0,7167.0,10620.0,3240.0,0.0,73.0,55.0,141.0,21540.0,120.0,63.0,56.0,82.0,2.0,900.0
11.09.21,5,8,0,2725.0,2217.0,7080.0,600.0,0.0,73.0,56.0,126.0,33360.0,120.0,63.0,54.0,82.0,5.0,2640.0
12.09.21,6,8,0,841.0,674.0,5400.0,0.0,0.0,72.0,46.0,97.0,37020.0,120.0,63.0,54.0,74.0,7.0,2700.0
13.09.21,0,8,0,6200.0,4979.0,11943.0,1320.0,0.0,73.0,54.0,181.0,27000.0,120.0,63.0,56.0,78.0,4.0,4500.0
14.09.21,1,8,0,5489.0,4582.0,9361.0,1800.0,60.0,69.0,51.0,112.0,17700.0,120.0,61.0,55.0,67.0,3.0,1500.0
15.09.21,2,8,0,6800.0,5478.0,12839.0,1801.0,0.0,73.0,55.0,142.0,18540.0,120.0,63.0,54.0,84.0,2.0,1260.0
16.09.21,3,8,0,6550.0,5453.0,10020.0,1620.0,60.0,77.0,58.0,156.0,24900.0,180.0,63.0,57.0,93.0,3.0,1200.0
17.09.21,4,8,0,8250.0,7119.0,8520.0,3300.0,60.0,75.0,56.0,137.0,21300.0,120.0,63.0,57.0,72.0,1.0,1200.0
18.09.21,5,8,0,5505.0,4778.0,6661.0,2460.0,0.0,78.0,57.0,127.0,34440.0,120.0,65.0,57.0,73.0,2.0,1140.0
19.09.21,6,8,0,802.0,645.0,4440.0,0.0,0.0,68.0,51.0,88.0,33540.0,120.0,63.0,56.0,81.0,3.0,3000.0
20.09.21,0,8,0,678.0,546.0,4019.0,0.0,0.0,67.0,49.0,97.0,36240.0,300.0,63.0,53.0,77.0,8.0,4440.0
21.09.21,1,8,0,8875.0,7416.0,14762.0,2340.0,900.0,77.0,57.0,133.0,20160.0,120.0,61.0,56.0,68.0,1.0,1320.0
22.09.21,2,8,1,5213.0,4211.0,11281.0,900.0,0.0,73.0,56.0,113.0,27660.0,120.0,62.0,57.0,77.0,3.0,1920.0
23.09.21,3,8,1,4982.0,4109.0,10682.0,960.0,60.0,76.0,54.0,162.0,20160.0,120.0,65.0,58.0,73.0,2.0,1920.0
24.09.21,4,8,1,7763.0,6637.0,9000.0,3360.0,0.0,74.0,41.0,116.0,27120.0,120.0,63.0,57.0,74.0,6.0,3720.0
25.09.21,5,8,1,2683.0,2105.0,6780.0,420.0,0.0,81.0,52.0,122.0,22320.0,120.0,72.0,53.0,87.0,2.0,1020.0
26.09.21,6,8,1,855.0,683.0,4920.0,0.0,0.0,71.0,43.0,100.0,43080.0,300.0,62.0,53.0,71.0,4.0,1860.0
27.09.21,0,8,1,6571.0,5529.0,13260.0,1920.0,0.0,75.0,43.0,160.0,18720.0,120.0,62.0,54.0,75.0,2.0,1860.0
28.09.21,1,8,1,8012.0,6393.0,14703.0,1618.0,61.0,80.0,57.0,109.0,22680.0,120.0,72.0,57.0,96.0,2.0,2100.0
29.09.21,2,8,1,7608.0,6209.0,15662.0,1559.0,61.0,74.0,43.0,152.0,19140.0,120.0,67.0,58.0,90.0,3.0,1500.0
30.09.21,3,8,1,6398.0,5151.0,14223.0,1198.0,60.0,79.0,44.0,164.0,20580.0,120.0,64.0,56.0,75.0,2.0,1380.0
01.10.21,4,9,1,9417.0,8154.0,12781.0,3600.0,0.0,83.0,43.0,179.0,21060.0,120.0,67.0,60.0,75.0,1.0,1740.0
02.10.21,5,9,1,8811.0,7261.0,12301.0,3300.0,0.0,79.0,47.0,183.0,27780.0,600.0,72.0,64.0,94.0,8.0,5160.0
03.10.21,6,9,1,8494.0,7033.0,9480.0,3360.0,0.0,77.0,47.0,109.0,32520.0,120.0,64.0,55.0,74.0,5.0,3480.0
04.10.21,0,9,1,9294.0,7710.0,9420.0,3840.0,0.0,74.0,52.0,118.0,21060.0,120.0,63.0,58.0,76.0,6.0,2640.0
05.10.21,1,9,1,6063.0,4888.0,11340.0,1080.0,540.0,71.0,50.0,96.0,14880.0,120.0,61.0,54.0,65.0,0.0,300.0
06.10.21,2,9,1,5579.0,4854.0,10861.0,900.0,240.0,80.0,55.0,142.0,34740.0,120.0,64.0,55.0,75.0,7.0,3780.0
07.10.21,3,9,1,5250.0,4162.0,10442.0,900.0,0.0,77.0,42.0,161.0,19200.0,120.0,65.0,55.0,79.0,2.0,1380.0
08.10.21,4,9,1,9036.0,7825.0,9300.0,3540.0,0.0,77.0,40.0,180.0,20520.0,120.0,65.0,56.0,75.0,3.0,2460.0
09.10.21,5,9,1,876.0,701.0,5460.0,0.0,0.0,69.0,57.0,111.0,35040.0,120.0,63.0,56.0,72.0,1.0,1560.0
10.10.21,6,9,1,1089.0,883.0,6180.0,0.0,0.0,72.0,48.0,100.0,32880.0,120.0,62.0,55.0,82.0,4.0,3540.0
11.10.21,0,9,1,6827.0,5574.0,12060.0,1680.0,0.0,72.0,42.0,130.0,24000.0,120.0,66.0,60.0,102.0,3.0,2940.0
12.10.21,1,9,1,7634.0,6179.0,15363.0,1380.0,60.0,79.0,41.0,118.0,18780.0,180.0,68.0,60.0,87.0,1.0,1680.0
13.10.21,2,9,1,7170.0,6046.0,13323.0,2160.0,0.0,78.0,54.0,162.0,32700.0,120.0,67.0,60.0,79.0,3.0,2100.0
14.10.21,3,9,1,6076.0,5030.0,12000.0,1620.0,0.0,78.0,50.0,134.0,24420.0,120.0,68.0,60.0,80.0,4.0,2880.0
15.10.21,4,9,1,10424.0,9034.0,10804.0,4560.0,60.0,77.0,56.0,168.0,32640.0,120.0,76.0,60.0,105.0,5.0,3360.0
16.10.21,5,9,1,761.0,619.0,4562.0,0.0,0.0,70.0,50.0,83.0,29940.0,120.0,63.0,58.0,73.0,1.0,1260.0
17.10.21,6,9,1,7647.0,6400.0,10560.0,3601.0,0.0,76.0,61.0,191.0,29460.0,180.0,63.0,58.0,80.0,1.0,1140.0
18.10.21,0,9,1,5537.0,4619.0,9962.0,1500.0,0.0,73.0,55.0,153.0,20700.0,120.0,63.0,58.0,81.0,4.0,2760.0
19.10.21,1,9,1,5023.0,4252.0,8401.0,1380.0,59.0,73.0,49.0,141.0,21240.0,1620.0,63.0,56.0,84.0,2.0,3181.0
20.10.21,2,9,1,6056.0,4905.0,9241.0,1440.0,0.0,73.0,56.0,113.0,17580.0,180.0,66.0,59.0,80.0,2.0,1320.0
21.10.21,3,9,1,4536.0,3650.0,9661.0,780.0,0.0,70.0,46.0,97.0,31980.0,120.0,70.0,55.0,99.0,6.0,5040.0
22.10.21,4,9,1,7814.0,6737.0,9000.0,3240.0,60.0,72.0,61.0,126.0,25440.0,180.0,60.0,56.0,71.0,2.0,900.0
23.10.21,5,9,1,5517.0,4591.0,7320.0,2040.0,0.0,78.0,53.0,114.0,39480.0,120.0,64.0,58.0,74.0,7.0,3720.0
24.10.21,6,9,1,6237.0,7126.0,8100.0,420.0,4737.0,84.0,61.0,177.0,37200.0,120.0,61.0,55.0,74.0,6.0,3300.0
25.10.21,0,9,1,6332.0,5366.0,10919.0,1741.0,60.0,73.0,59.0,133.0,28440.0,180.0,64.0,57.0,93.0,3.0,2460.0
26.10.21,1,9,1,6659.0,5402.0,13859.0,900.0,60.0,76.0,50.0,173.0,26100.0,120.0,62.0,55.0,75.0,4.0,3600.0
27.10.21,2,9,1,6642.0,5429.0,13680.0,1740.0,60.0,77.0,47.0,140.0,28260.0,120.0,70.0,58.0,84.0,4.0,3300.0
28.10.21,3,9,1,5714.0,4656.0,12420.0,1020.0,0.0,76.0,48.0,157.0,21780.0,120.0,63.0,57.0,86.0,1.0,2280.0
29.10.21,4,9,1,5591.0,4669.0,6840.0,1620.0,0.0,71.0,55.0,168.0,29940.0,120.0,71.0,57.0,102.0,3.0,1200.0
30.10.21,5,9,1,3286.0,2665.0,7680.0,780.0,0.0,71.0,42.0,109.0,45600.0,120.0,61.0,53.0,77.0,7.0,3780.0
31.10.21,6,9,1,5957.0,7288.0,9660.0,1260.0,480.0,84.0,49.0,180.0,35400.0,120.0,62.0,56.0,71.0,3.0,3000.0
01.11.21,0,10,1,6082.0,4877.0,12600.0,1020.0,0.0,73.0,50.0,119.0,30480.0,120.0,65.0,58.0,91.0,6.0,4140.0
02.11.21,1,10,1,4882.0,4025.0,10200.0,840.0,60.0,70.0,53.0,122.0,,,,,,,
03.11.21,2,10,1,6034.0,4938.0,11640.0,1320.0,0.0,72.0,53.0,109.0,31261.0,120.0,63.0,53.0,93.0,5.0,2879.0
04.11.21,3,10,1,6391.0,5120.0,13019.0,1380.0,0.0,69.0,48.0,90.0,19920.0,120.0,61.0,55.0,77.0,0.0,1500.0
05.11.21,4,10,1,6601.0,5410.0,10800.0,1680.0,0.0,70.0,58.0,119.0,30960.0,120.0,68.0,54.0,84.0,9.0,3840.0
06.11.21,5,10,1,3705.0,2952.0,9300.0,600.0,0.0,74.0,52.0,109.0,36540.0,120.0,60.0,54.0,72.0,2.0,960.0
07.11.21,6,10,1,12593.0,10799.0,12240.0,5400.0,60.0,83.0,61.0,166.0,29040.0,120.0,62.0,54.0,72.0,4.0,1980.0
08.11.21,0,10,1,5955.0,4959.0,13201.0,1020.0,0.0,72.0,49.0,121.0,16920.0,180.0,61.0,53.0,69.0,0.0,1080.0
09.11.21,1,10,1,7638.0,6219.0,14940.0,1140.0,1200.0,73.0,51.0,116.0,32100.0,120.0,65.0,53.0,100.0,3.0,3360.0
10.11.21,2,10,1,5714.0,4589.0,10980.0,1200.0,0.0,73.0,47.0,121.0,14520.0,120.0,68.0,53.0,93.0,2.0,1980.0
11.11.21,3,10,1,5701.0,4805.0,11700.0,1500.0,0.0,75.0,49.0,150.0,18480.0,180.0,64.0,56.0,70.0,2.0,3600.0
12.11.21,4,10,1,9706.0,8423.0,9060.0,4200.0,0.0,77.0,55.0,169.0,34140.0,120.0,69.0,55.0,89.0,2.0,1740.0
13.11.21,5,10,1,17772.0,15192.0,7740.0,11340.0,0.0,83.0,55.0,155.0,30840.0,120.0,64.0,56.0,75.0,7.0,4320.0
14.11.21,6,10,1,5992.0,5089.0,8460.0,1380.0,420.0,81.0,49.0,154.0,42720.0,120.0,70.0,60.0,85.0,3.0,2100.0
15.11.21,0,10,1,6036.0,5154.0,8940.0,1860.0,0.0,74.0,53.0,114.0,34260.0,120.0,64.0,56.0,77.0,3.0,2340.0
16.11.21,1,10,1,6107.0,5121.0,11819.0,1380.0,0.0,72.0,51.0,105.0,17640.0,180.0,61.0,54.0,73.0,3.0,2100.0
17.11.21,2,10,1,4839.0,4158.0,9419.0,1380.0,0.0,68.0,47.0,94.0,26880.0,120.0,63.0,57.0,76.0,4.0,3720.0
18.11.21,3,10,1,6658.0,5387.0,12481.0,1260.0,1380.0,77.0,48.0,153.0,28620.0,120.0,61.0,53.0,77.0,3.0,1380.0
19.11.21,4,10,1,5837.0,5062.0,7440.0,2160.0,0.0,71.0,44.0,133.0,27720.0,120.0,67.0,47.0,79.0,2.0,2580.0
20.11.21,5,10,1,6477.0,5546.0,8400.0,2700.0,0.0,74.0,60.0,110.0,35700.0,120.0,61.0,57.0,84.0,1.0,960.0
21.11.21,6,10,1,6230.0,5621.0,8433.0,2040.0,420.0,77.0,44.0,167.0,26580.0,120.0,63.0,57.0,76.0,5.0,2820.0
22.11.21,0,10,1,5014.0,4084.0,9300.0,1080.0,0.0,74.0,45.0,166.0,25860.0,120.0,62.0,54.0,82.0,3.0,1260.0
23.11.21,1,10,1,5447.0,4470.0,10261.0,1080.0,60.0,70.0,52.0,126.0,20100.0,120.0,59.0,53.0,84.0,6.0,3240.0
24.11.21,2,10,1,6003.0,4870.0,10320.0,1500.0,0.0,67.0,49.0,91.0,19800.0,120.0,61.0,57.0,76.0,1.0,780.0
25.11.21,3,10,1,10027.0,8307.0,15540.0,2820.0,0.0,82.0,46.0,173.0,28680.0,180.0,59.0,52.0,92.0,3.0,2040.0
26.11.21,4,10,1,6036.0,5162.0,6420.0,2340.0,0.0,66.0,46.0,114.0,24060.0,120.0,69.0,56.0,82.0,2.0,1860.0
27.11.21,5,10,1,4938.0,3874.0,11280.0,840.0,0.0,72.0,39.0,100.0,29040.0,240.0,67.0,56.0,82.0,3.0,1320.0
28.11.21,6,10,1,4747.0,4119.0,9840.0,1020.0,240.0,80.0,59.0,178.0,38820.0,120.0,58.0,52.0,71.0,2.0,1740.0
29.11.21,0,10,1,7577.0,6461.0,12540.0,2460.0,0.0,71.0,57.0,177.0,24660.0,1020.0,61.0,54.0,133.0,2.0,2220.0
30.11.21,1,10,1,6337.0,5175.0,12900.0,1080.0,1080.0,69.0,52.0,125.0,20940.0,120.0,55.0,52.0,65.0,1.0,840.0
01.12.21,2,11,1,7230.0,6129.0,11162.0,2040.0,0.0,69.0,44.0,159.0,17820.0,720.0,57.0,50.0,70.0,1.0,1980.0
02.12.21,3,11,1,6998.0,5805.0,8520.0,2400.0,60.0,72.0,43.0,141.0,24600.0,120.0,56.0,53.0,69.0,3.0,1680.0
03.12.21,4,11,1,2572.0,2068.0,7020.0,480.0,0.0,68.0,55.0,87.0,10560.0,120.0,59.0,54.0,70.0,3.0,2400.0
04.12.21,5,11,1,2764.0,2191.0,9720.0,0.0,0.0,72.0,59.0,92.0,41340.0,120.0,60.0,55.0,75.0,6.0,2880.0
05.12.21,6,11,1,6058.0,5263.0,9780.0,1440.0,480.0,70.0,52.0,186.0,15660.0,120.0,60.0,54.0,69.0,0.0,120.0
06.12.21,0,11,1,1240.0,989.0,7200.0,0.0,0.0,68.0,50.0,90.0,16080.0,120.0,57.0,49.0,64.0,1.0,300.0
07.12.21,1,11,1,2489.0,2031.0,8040.0,420.0,0.0,65.0,45.0,86.0,21900.0,120.0,57.0,52.0,67.0,2.0,840.0
08.12.21,2,11,1,1244.0,1019.0,7560.0,60.0,0.0,67.0,46.0,105.0,22260.0,120.0,60.0,54.0,76.0,2.0,1020.0
09.12.21,3,11,1,1393.0,1127.0,7140.0,0.0,0.0,74.0,44.0,123.0,28020.0,120.0,65.0,53.0,79.0,3.0,1200.0
10.12.21,4,11,1,3075.0,2472.0,7560.0,600.0,0.0,70.0,54.0,106.0,27660.0,120.0,61.0,55.0,73.0,2.0,1020.0
11.12.21,5,11,1,2075.0,1643.0,5700.0,420.0,0.0,72.0,48.0,111.0,37020.0,120.0,63.0,55.0,91.0,4.0,1620.0
12.12.21,6,11,1,5032.0,4155.0,6060.0,2100.0,0.0,71.0,47.0,112.0,32880.0,120.0,63.0,55.0,98.0,3.0,1920.0
13.12.21,0,11,1,4847.0,4024.0,11400.0,1500.0,0.0,70.0,46.0,111.0,20400.0,240.0,58.0,51.0,67.0,1.0,420.0
14.12.21,1,11,1,2640.0,2105.0,11100.0,60.0,0.0,70.0,52.0,120.0,28560.0,180.0,61.0,52.0,99.0,2.0,960.0
15.12.21,2,11,1,6850.0,5961.0,8640.0,2400.0,0.0,67.0,47.0,95.0,24540.0,120.0,56.0,52.0,64.0,0.0,1740.0
16.12.21,3,11,1,7016.0,6013.0,11221.0,2280.0,0.0,69.0,49.0,160.0,16320.0,240.0,60.0,54.0,73.0,1.0,1440.0
17.12.21,4,11,1,4556.0,3679.0,9840.0,900.0,0.0,70.0,56.0,125.0,31500.0,120.0,58.0,50.0,66.0,4.0,2100.0
18.12.21,5,11,1,6999.0,5853.0,9060.0,2160.0,600.0,70.0,47.0,137.0,18180.0,120.0,62.0,51.0,120.0,4.0,3600.0
19.12.21,6,11,1,877.0,694.0,6660.0,0.0,0.0,69.0,52.0,112.0,29580.0,180.0,60.0,53.0,77.0,3.0,2100.0
20.12.21,0,11,1,4536.0,3792.0,8400.0,1080.0,60.0,64.0,44.0,124.0,25740.0,120.0,63.0,50.0,82.0,1.0,1860.0
21.12.21,1,11,2,2056.0,1639.0,9120.0,0.0,0.0,69.0,51.0,97.0,,,,,,,
22.12.21,2,11,2,6521.0,5554.0,11040.0,1440.0,720.0,73.0,46.0,164.0,32340.0,120.0,58.0,48.0,76.0,4.0,1560.0
23.12.21,3,11,2,11752.0,9331.0,13620.0,4440.0,0.0,72.0,43.0,156.0,11880.0,240.0,70.0,61.0,78.0,1.0,1440.0
24.12.21,4,11,2,4908.0,3935.0,15661.0,420.0,0.0,68.0,48.0,89.0,18960.0,120.0,,,,1.0,1020.0
25.12.21,5,11,2,7438.0,6290.0,8819.0,3420.0,0.0,72.0,50.0,133.0,26700.0,120.0,63.0,50.0,75.0,1.0,1560.0
26.12.21,6,11,2,1654.0,1331.0,6840.0,0.0,0.0,67.0,45.0,115.0,22380.0,120.0,55.0,51.0,66.0,2.0,900.0
27.12.21,0,11,2,3647.0,2861.0,8581.0,840.0,0.0,67.0,47.0,94.0,34380.0,120.0,55.0,50.0,65.0,3.0,2100.0
28.12.21,1,11,2,3485.0,2785.0,9659.0,360.0,0.0,67.0,48.0,107.0,17580.0,120.0,58.0,50.0,72.0,6.0,4020.0
29.12.21,2,11,2,4574.0,3587.0,12420.0,480.0,0.0,74.0,46.0,105.0,21300.0,120.0,67.0,58.0,79.0,4.0,1800.0
30.12.21,3,11,2,5429.0,4397.0,12241.0,1020.0,0.0,67.0,45.0,170.0,23940.0,120.0,61.0,57.0,73.0,5.0,3060.0
31.12.21,4,11,2,6593.0,5513.0,9900.0,2160.0,0.0,68.0,47.0,120.0,36360.0,120.0,65.0,56.0,85.0,5.0,2880.0
01.01.22,5,0,2,4435.0,3561.0,11041.0,1080.0,0.0,73.0,54.0,195.0,19860.0,420.0,64.0,53.0,72.0,1.0,720.0
02.01.22,6,0,2,4204.0,3455.0,7260.0,1320.0,0.0,66.0,49.0,94.0,28380.0,120.0,66.0,60.0,75.0,1.0,1200.0
03.01.22,0,0,2,2527.0,1996.0,7081.0,239.0,0.0,67.0,36.0,110.0,32640.0,120.0,64.0,56.0,75.0,3.0,1320.0
04.01.22,1,0,2,2803.0,2217.0,8700.0,420.0,0.0,67.0,47.0,123.0,30540.0,120.0,60.0,55.0,72.0,6.0,4080.0
05.01.22,2,0,2,7301.0,5811.0,7560.0,2640.0,0.0,68.0,47.0,110.0,40140.0,120.0,59.0,47.0,73.0,4.0,3000.0
06.01.22,3,0,2,4751.0,3825.0,9600.0,1320.0,0.0,68.0,49.0,129.0,41040.0,120.0,56.0,50.0,77.0,4.0,2580.0
07.01.22,4,0,2,2572.0,2067.0,7560.0,360.0,0.0,69.0,46.0,157.0,,,,,,,
08.01.22,5,0,2,5356.0,4208.0,8820.0,1740.0,0.0,71.0,53.0,128.0,28200.0,300.0,60.0,53.0,71.0,4.0,2520.0
09.01.22,6,0,2,4785.0,3946.0,8282.0,1320.0,0.0,73.0,60.0,117.0,19260.0,300.0,70.0,61.0,82.0,3.0,900.0
10.01.22,0,0,2,7059.0,6167.0,9120.0,1980.0,300.0,77.0,48.0,140.0,26700.0,120.0,68.0,58.0,92.0,3.0,1860.0
11.01.22,1,0,2,4898.0,4261.0,6960.0,1740.0,1080.0,79.0,64.0,109.0,21780.0,120.0,73.0,59.0,112.0,3.0,3360.0
12.01.22,2,0,2,5910.0,5220.0,7680.0,2760.0,0.0,74.0,47.0,151.0,20160.0,120.0,68.0,59.0,79.0,2.0,1680.0
13.01.22,3,0,2,8948.0,7765.0,14220.0,2580.0,60.0,71.0,43.0,110.0,24600.0,120.0,61.0,55.0,75.0,0.0,420.0
14.01.22,4,0,2,8370.0,7526.0,8460.0,4020.0,0.0,72.0,55.0,172.0,19500.0,240.0,69.0,62.0,105.0,2.0,1920.0
15.01.22,5,0,2,3492.0,2783.0,9060.0,660.0,0.0,72.0,47.0,107.0,33600.0,120.0,64.0,58.0,76.0,6.0,4080.0
16.01.22,6,0,2,1484.0,1204.0,7559.0,0.0,0.0,76.0,54.0,102.0,32100.0,120.0,60.0,54.0,74.0,3.0,1740.0
17.01.22,0,0,2,5565.0,4624.0,8879.0,1320.0,0.0,71.0,44.0,130.0,18960.0,180.0,61.0,56.0,69.0,1.0,1500.0
18.01.22,1,0,2,6020.0,4946.0,9720.0,1620.0,0.0,68.0,57.0,108.0,18720.0,180.0,61.0,55.0,71.0,2.0,1380.0
19.01.22,2,0,2,5682.0,4822.0,9120.0,1860.0,60.0,74.0,56.0,146.0,20880.0,120.0,63.0,55.0,78.0,3.0,960.0
20.01.22,3,0,2,5572.0,4561.0,9780.0,1260.0,0.0,69.0,52.0,106.0,19020.0,180.0,64.0,59.0,77.0,1.0,1080.0
21.01.22,4,0,2,8310.0,7570.0,8760.0,3660.0,60.0,74.0,46.0,120.0,19800.0,120.0,63.0,54.0,70.0,1.0,1140.0
22.01.22,5,0,2,5457.0,4716.0,7740.0,2280.0,0.0,78.0,55.0,177.0,32100.0,300.0,64.0,58.0,79.0,5.0,3000.0
23.01.22,6,0,2,601.0,482.0,3240.0,0.0,0.0,72.0,49.0,118.0,33300.0,120.0,62.0,53.0,83.0,1.0,600.0
24.01.22,0,0,2,6514.0,5707.0,9480.0,2160.0,0.0,71.0,58.0,180.0,24540.0,120.0,64.0,59.0,79.0,3.0,1800.0
25.01.22,1,0,2,5878.0,4864.0,10080.0,1560.0,60.0,70.0,39.0,107.0,18240.0,120.0,59.0,53.0,67.0,4.0,1440.0
26.01.22,2,0,2,7969.0,7110.0,7620.0,3600.0,0.0,71.0,46.0,156.0,17340.0,180.0,60.0,56.0,68.0,2.0,1260.0
27.01.22,3,0,2,5283.0,4260.0,8160.0,1260.0,0.0,70.0,53.0,106.0,18720.0,120.0,61.0,46.0,80.0,2.0,2580.0
28.01.22,4,0,2,6204.0,5167.0,7439.0,1980.0,600.0,68.0,45.0,167.0,23340.0,120.0,62.0,54.0,78.0,2.0,480.0
29.01.22,5,0,2,9713.0,8647.0,7620.0,5400.0,0.0,71.0,44.0,115.0,16140.0,120.0,64.0,57.0,72.0,3.0,1320.0
30.01.22,6,0,2,841.0,669.0,4920.0,0.0,0.0,72.0,49.0,93.0,27840.0,180.0,69.0,62.0,80.0,3.0,1560.0
31.01.22,0,0,2,8204.0,6807.0,11521.0,2820.0,0.0,71.0,46.0,89.0,33720.0,900.0,63.0,57.0,77.0,3.0,3300.0
01.02.22,1,1,2,5279.0,4469.0,9060.0,1440.0,0.0,68.0,41.0,114.0,16740.0,180.0,64.0,56.0,81.0,3.0,1260.0
02.02.22,2,1,2,6578.0,5442.0,10320.0,1920.0,0.0,73.0,45.0,140.0,29700.0,120.0,61.0,55.0,68.0,3.0,2580.0
03.02.22,3,1,2,6273.0,5436.0,7319.0,2340.0,0.0,69.0,49.0,119.0,17340.0,120.0,63.0,59.0,74.0,2.0,1080.0
04.02.22,4,1,2,6421.0,5245.0,9900.0,1560.0,60.0,71.0,45.0,182.0,26460.0,960.0,68.0,46.0,117.0,5.0,5640.0
05.02.22,5,1,2,6618.0,5699.0,7140.0,3120.0,540.0,72.0,50.0,165.0,47040.0,120.0,67.0,59.0,90.0,5.0,2340.0
06.02.22,6,1,2,7572.0,6247.0,13140.0,1380.0,240.0,83.0,61.0,153.0,34920.0,120.0,62.0,55.0,83.0,1.0,300.0
07.02.22,0,1,2,6038.0,5186.0,6300.0,2520.0,0.0,68.0,42.0,87.0,33300.0,120.0,68.0,60.0,83.0,1.0,1020.0
08.02.22,1,1,2,7956.0,6593.0,13140.0,2160.0,0.0,74.0,52.0,161.0,22080.0,300.0,62.0,53.0,74.0,2.0,1200.0
09.02.22,2,1,2,5300.0,4522.0,6721.0,2160.0,0.0,71.0,54.0,132.0,9960.0,120.0,70.0,63.0,80.0,2.0,1380.0
10.02.22,3,1,2,7780.0,6308.0,13980.0,1980.0,0.0,71.0,58.0,128.0,19920.0,120.0,60.0,51.0,74.0,0.0,1380.0
11.02.22,4,1,2,5009.0,4377.0,6240.0,1920.0,0.0,72.0,51.0,121.0,29160.0,120.0,68.0,59.0,88.0,0.0,1080.0
12.02.22,5,1,2,9493.0,8059.0,9480.0,3900.0,0.0,71.0,51.0,173.0,12180.0,120.0,62.0,58.0,71.0,1.0,360.0
13.02.22,6,1,2,3813.0,3420.0,4740.0,2160.0,0.0,73.0,54.0,109.0,37080.0,180.0,62.0,55.0,68.0,2.0,1260.0
14.02.22,0,1,2,5005.0,4195.0,8940.0,1440.0,0.0,70.0,58.0,171.0,27300.0,120.0,61.0,55.0,72.0,5.0,2340.0
15.02.22,1,1,2,5146.0,4216.0,8640.0,1200.0,60.0,69.0,56.0,132.0,20280.0,120.0,61.0,53.0,68.0,2.0,1380.0
16.02.22,2,1,2,5530.0,4597.0,8700.0,1260.0,0.0,69.0,50.0,162.0,22320.0,240.0,58.0,51.0,79.0,2.0,1560.0
17.02.22,3,1,2,5579.0,4554.0,10860.0,1140.0,900.0,73.0,51.0,156.0,33539.0,121.0,61.0,56.0,70.0,1.0,1621.0
18.02.22,4,1,2,8382.0,7230.0,8341.0,3780.0,60.0,77.0,50.0,171.0,30960.0,120.0,62.0,55.0,69.0,3.0,2040.0
19.02.22,5,1,2,10877.0,9199.0,11640.0,4320.0,0.0,81.0,46.0,166.0,40500.0,120.0,65.0,56.0,93.0,2.0,1740.0
20.02.22,6,1,2,879.0,711.0,5820.0,0.0,0.0,69.0,60.0,85.0,38580.0,120.0,67.0,57.0,87.0,3.0,2160.0
21.02.22,0,1,2,5474.0,4682.0,10560.0,1440.0,0.0,69.0,41.0,119.0,21420.0,120.0,59.0,53.0,69.0,1.0,1620.0
22.02.22,1,1,2,6453.0,5208.0,12660.0,1020.0,0.0,73.0,55.0,131.0,24180.0,240.0,60.0,54.0,77.0,4.0,2460.0
23.02.22,2,1,2,6066.0,4870.0,11160.0,1200.0,0.0,81.0,61.0,156.0,17400.0,120.0,70.0,58.0,114.0,1.0,540.0
24.02.22,3,1,2,7599.0,6144.0,12180.0,1380.0,60.0,73.0,42.0,109.0,38820.0,180.0,68.0,57.0,83.0,3.0,2880.0
25.02.22,4,1,2,6563.0,5267.0,12300.0,1380.0,0.0,72.0,45.0,138.0,27720.0,120.0,63.0,57.0,76.0,3.0,3180.0
26.02.22,5,1,2,7483.0,6350.0,10320.0,3060.0,0.0,76.0,41.0,110.0,32640.0,120.0,69.0,58.0,82.0,3.0,1800.0
27.02.22,6,1,2,4535.0,3948.0,6540.0,2340.0,0.0,72.0,57.0,151.0,36900.0,1020.0,63.0,56.0,81.0,3.0,2580.0
28.02.22,0,1,2,6200.0,5242.0,9240.0,1680.0,0.0,68.0,51.0,160.0,19620.0,120.0,60.0,55.0,66.0,1.0,840.0
01.03.22,1,2,2,5988.0,4887.0,10679.0,1260.0,60.0,69.0,44.0,129.0,28320.0,120.0,58.0,52.0,70.0,4.0,3000.0
02.03.22,2,2,2,,,,,,,,,36540.0,120.0,62.0,53.0,75.0,3.0,1620.0
03.03.22,3,2,2,6308.0,4992.0,13800.0,1020.0,0.0,70.0,42.0,129.0,29640.0,120.0,61.0,54.0,66.0,5.0,1920.0
04.03.22,4,2,2,7752.0,6619.0,6360.0,3360.0,0.0,61.0,53.0,73.0,21180.0,600.0,65.0,53.0,125.0,3.0,2820.0
05.03.22,5,2,2,5611.0,4636.0,7020.0,2280.0,0.0,71.0,45.0,111.0,41460.0,120.0,66.0,57.0,111.0,7.0,4380.0
06.03.22,6,2,2,10597.0,9137.0,10380.0,4380.0,240.0,81.0,47.0,170.0,28380.0,120.0,61.0,54.0,113.0,2.0,1200.0
07.03.22,0,2,2,5346.0,4535.0,7560.0,1740.0,0.0,71.0,46.0,143.0,27240.0,120.0,65.0,57.0,89.0,3.0,3840.0
08.03.22,1,2,2,8474.0,7184.0,9720.0,2940.0,60.0,74.0,41.0,117.0,17460.0,120.0,65.0,61.0,77.0,3.0,1920.0
09.03.22,2,2,2,7360.0,6218.0,9420.0,2340.0,120.0,69.0,46.0,130.0,29100.0,120.0,66.0,59.0,78.0,4.0,2820.0
10.03.22,3,2,2,5729.0,4697.0,10499.0,1380.0,60.0,67.0,39.0,100.0,27540.0,120.0,63.0,56.0,70.0,3.0,1680.0
11.03.22,4,2,2,8931.0,7818.0,9120.0,3600.0,0.0,72.0,51.0,160.0,18360.0,120.0,67.0,58.0,82.0,6.0,3360.0
12.03.22,5,2,2,3818.0,3031.0,10500.0,540.0,0.0,75.0,61.0,128.0,33780.0,180.0,65.0,59.0,71.0,2.0,1620.0
13.03.22,6,2,2,11200.0,10354.0,9360.0,5640.0,600.0,78.0,56.0,174.0,31380.0,180.0,66.0,56.0,76.0,1.0,660.0
14.03.22,0,2,2,6482.0,5523.0,8640.0,2340.0,0.0,70.0,57.0,135.0,23340.0,120.0,65.0,56.0,91.0,3.0,4560.0
15.03.22,1,2,2,11833.0,9954.0,13980.0,3420.0,240.0,77.0,43.0,197.0,17760.0,120.0,60.0,56.0,67.0,0.0,300.0
16.03.22,2,2,2,5077.0,4176.0,8100.0,1320.0,0.0,66.0,52.0,84.0,26940.0,240.0,62.0,56.0,75.0,2.0,2760.0
17.03.22,3,2,2,10154.0,8588.0,15660.0,2820.0,300.0,73.0,45.0,196.0,20460.0,120.0,60.0,53.0,89.0,1.0,1200.0
18.03.22,4,2,2,8493.0,7318.0,8041.0,3480.0,60.0,74.0,61.0,141.0,20460.0,120.0,67.0,58.0,75.0,1.0,600.0
19.03.22,5,2,2,6207.0,5399.0,6480.0,3060.0,0.0,73.0,36.0,157.0,40500.0,120.0,67.0,54.0,82.0,6.0,4920.0
20.03.22,6,2,3,11697.0,10229.0,7860.0,4920.0,420.0,78.0,52.0,172.0,26940.0,120.0,64.0,57.0,73.0,1.0,1140.0
21.03.22,0,2,3,6727.0,5667.0,13620.0,1500.0,0.0,68.0,48.0,121.0,25740.0,120.0,65.0,56.0,93.0,3.0,1560.0
22.03.22,1,2,3,6341.0,5250.0,14220.0,1260.0,0.0,72.0,47.0,121.0,32040.0,120.0,64.0,56.0,75.0,9.0,4380.0
23.03.22,2,2,3,9820.0,8286.0,14400.0,2220.0,360.0,74.0,58.0,126.0,23580.0,180.0,58.0,52.0,68.0,2.0,1140.0
24.03.22,3,2,3,7556.0,6178.0,13140.0,1740.0,60.0,71.0,51.0,105.0,26460.0,180.0,65.0,54.0,75.0,5.0,3180.0
25.03.22,4,2,3,7610.0,6551.0,5340.0,3480.0,60.0,76.0,45.0,174.0,23520.0,120.0,63.0,53.0,79.0,2.0,1980.0
26.03.22,5,2,3,12636.0,10712.0,14819.0,4740.0,180.0,90.0,62.0,172.0,43680.0,120.0,65.0,57.0,81.0,10.0,4680.0
27.03.22,6,2,3,9973.0,7858.0,5700.0,6300.0,0.0,79.0,47.0,158.0,39360.0,180.0,70.0,64.0,79.0,3.0,1380.0
28.03.22,0,2,3,10949.0,9278.0,14700.0,3060.0,240.0,75.0,44.0,168.0,18180.0,120.0,60.0,57.0,67.0,2.0,600.0
29.03.22,1,2,3,7043.0,5652.0,15960.0,960.0,0.0,72.0,54.0,131.0,24180.0,180.0,64.0,55.0,86.0,3.0,2280.0
30.03.22,2,2,3,10903.0,9100.0,17401.0,2040.0,480.0,75.0,54.0,134.0,34740.0,120.0,62.0,50.0,80.0,3.0,2580.0
31.03.22,3,2,3,7917.0,6578.0,14401.0,2040.0,0.0,68.0,36.0,86.0,28800.0,120.0,64.0,56.0,72.0,4.0,2820.0
01.04.22,4,3,3,8718.0,7628.0,9480.0,3600.0,60.0,74.0,54.0,169.0,24240.0,120.0,64.0,54.0,80.0,2.0,1800.0
02.04.22,5,3,3,10761.0,9463.0,10320.0,4380.0,180.0,81.0,58.0,152.0,34980.0,180.0,65.0,57.0,79.0,4.0,3300.0
03.04.22,6,3,3,6755.0,6114.0,6480.0,4140.0,0.0,74.0,47.0,128.0,29220.0,120.0,62.0,55.0,70.0,1.0,360.0
04.04.22,0,3,3,9300.0,8202.0,10680.0,3660.0,180.0,73.0,43.0,166.0,20940.0,120.0,59.0,54.0,71.0,1.0,960.0
05.04.22,1,3,3,8534.0,7153.0,12000.0,2700.0,0.0,80.0,50.0,199.0,24180.0,120.0,62.0,49.0,74.0,4.0,2280.0
06.04.22,2,3,3,6235.0,5294.0,8701.0,2160.0,0.0,77.0,56.0,155.0,20522.0,120.0,73.0,63.0,85.0,7.0,4078.0
07.04.22,3,3,3,7692.0,6311.0,15900.0,1680.0,0.0,75.0,55.0,136.0,34260.0,120.0,65.0,57.0,81.0,5.0,4080.0
08.04.22,4,3,3,9431.0,8259.0,10561.0,4200.0,0.0,72.0,42.0,139.0,23220.0,180.0,68.0,63.0,79.0,4.0,2340.0
09.04.22,5,3,3,8087.0,7003.0,9840.0,3420.0,240.0,78.0,48.0,145.0,36180.0,960.0,61.0,50.0,71.0,8.0,4740.0
10.04.22,6,3,3,8040.0,7058.0,4440.0,5280.0,0.0,72.0,63.0,192.0,42900.0,120.0,67.0,52.0,88.0,4.0,2220.0
11.04.22,0,3,3,7353.0,6529.0,13338.0,2820.0,720.0,68.0,52.0,138.0,19860.0,180.0,58.0,52.0,67.0,5.0,3180.0
12.04.22,1,3,3,11191.0,9056.0,16260.0,3660.0,720.0,73.0,55.0,160.0,14880.0,120.0,65.0,61.0,76.0,3.0,2760.0
13.04.22,2,3,3,7041.0,5478.0,11760.0,1020.0,0.0,74.0,48.0,148.0,29220.0,120.0,69.0,57.0,89.0,3.0,1800.0
14.04.22,3,3,3,9428.0,7972.0,7140.0,5100.0,0.0,71.0,46.0,159.0,39060.0,120.0,65.0,58.0,78.0,4.0,2220.0
15.04.22,4,3,3,7952.0,6512.0,8340.0,3840.0,0.0,66.0,54.0,98.0,31320.0,120.0,63.0,55.0,75.0,5.0,2820.0
16.04.22,5,3,3,9144.0,7357.0,11820.0,2340.0,0.0,69.0,55.0,100.0,34920.0,120.0,64.0,56.0,74.0,3.0,2580.0
17.04.22,6,3,3,6618.0,5157.0,9720.0,1620.0,0.0,67.0,48.0,108.0,30540.0,120.0,58.0,46.0,73.0,6.0,2820.0
18.04.22,0,3,3,5207.0,4114.0,6300.0,1620.0,720.0,74.0,47.0,178.0,28380.0,120.0,58.0,52.0,71.0,2.0,1320.0
19.04.22,1,3,3,9565.0,7651.0,16562.0,1860.0,0.0,79.0,47.0,139.0,22620.0,120.0,62.0,52.0,104.0,2.0,900.0
20.04.22,2,3,3,7741.0,6818.0,7981.0,3900.0,0.0,81.0,61.0,199.0,17700.0,120.0,71.0,64.0,84.0,1.0,1620.0
21.04.22,3,3,3,6293.0,5305.0,12660.0,1500.0,120.0,73.0,48.0,172.0,21600.0,180.0,62.0,54.0,73.0,4.0,1800.0
06.07.21,1,6,0,10337.0,7741.0,17818.0,2042.0,0.0,80.0,67.0,106.0,23760.0,600.0,62.0,54.0,82.0,1.0,2880.0
07.07.21,2,6,0,10811.0,8263.0,23640.0,2340.0,1260.0,81.0,44.0,141.0,29100.0,120.0,63.0,56.0,86.0,4.0,2760.0
08.07.21,3,6,0,7456.0,5717.0,18240.0,240.0,2760.0,67.0,58.0,95.0,31680.0,180.0,69.0,58.0,136.0,3.0,2280.0
09.07.21,4,6,0,12711.0,9481.0,35580.0,1261.0,0.0,88.0,55.0,130.0,35820.0,0.0,61.0,49.0,97.0,2.0,2640.0
10.07.21,5,6,0,9272.0,6918.0,31864.0,60.0,1740.0,84.0,58.0,148.0,,,,,,,
11.07.21,6,6,0,13227.0,10014.0,28681.0,2879.0,899.0,99.0,47.0,128.0,17820.0,240.0,,,,1.0,840.0
12.07.21,0,6,0,7413.0,5444.0,18422.0,720.0,0.0,105.0,71.0,168.0,26640.0,900.0,67.0,56.0,141.0,1.0,1680.0
13.07.21,1,6,0,8194.0,6073.0,28322.0,60.0,0.0,83.0,54.0,137.0,19860.0,300.0,68.0,61.0,81.0,1.0,780.0
14.07.21,2,6,0,13938.0,10384.0,33181.0,1020.0,0.0,79.0,55.0,123.0,19380.0,120.0,59.0,50.0,87.0,2.0,2100.0
15.07.21,3,6,0,10128.0,7726.0,25563.0,1439.0,0.0,80.0,58.0,121.0,34500.0,120.0,56.0,45.0,75.0,1.0,1020.0
16.07.21,4,6,0,10941.0,8193.0,30422.0,300.0,540.0,90.0,54.0,139.0,30060.0,120.0,66.0,56.0,90.0,1.0,2400.0
17.07.21,5,6,0,14105.0,10537.0,33060.0,1440.0,0.0,77.0,54.0,134.0,22020.0,180.0,60.0,54.0,117.0,0.0,180.0
18.07.21,6,6,0,11173.0,8473.0,29821.0,840.0,2701.0,90.0,50.0,137.0,21960.0,120.0,62.0,56.0,104.0,2.0,3000.0
19.07.21,0,6,0,9127.0,6907.0,20340.0,2102.0,0.0,85.0,60.0,130.0,28620.0,240.0,61.0,54.0,70.0,1.0,1260.0
20.07.21,1,6,0,8013.0,5812.0,20222.0,720.0,1440.0,81.0,53.0,129.0,37500.0,240.0,61.0,49.0,105.0,2.0,1680.0
21.07.21,2,6,0,13856.0,10411.0,31597.0,1860.0,0.0,81.0,54.0,160.0,27540.0,120.0,63.0,58.0,80.0,1.0,1500.0
22.07.21,3,6,0,12675.0,9419.0,28561.0,1440.0,0.0,51.0,49.0,58.0,35220.0,120.0,56.0,48.0,69.0,3.0,2040.0
23.07.21,4,6,0,10100.0,7479.0,28740.0,720.0,0.0,89.0,58.0,140.0,32280.0,120.0,56.0,51.0,72.0,3.0,3960.0
24.07.21,5,6,0,12516.0,9379.0,35041.0,420.0,0.0,65.0,58.0,75.0,30540.0,120.0,67.0,56.0,113.0,6.0,5820.0
25.07.21,6,6,0,11710.0,8663.0,32701.0,1140.0,2160.0,91.0,50.0,147.0,28020.0,120.0,62.0,55.0,82.0,2.0,2460.0
26.07.21,0,6,0,4890.0,3655.0,12420.0,540.0,0.0,90.0,73.0,142.0,36780.0,120.0,81.0,62.0,140.0,1.0,3600.0
27.07.21,1,6,0,6916.0,5302.0,15780.0,720.0,0.0,105.0,70.0,197.0,34320.0,120.0,72.0,57.0,120.0,2.0,3180.0
28.07.21,2,6,0,12842.0,9659.0,29342.0,1560.0,0.0,90.0,45.0,126.0,32580.0,240.0,69.0,56.0,86.0,2.0,1380.0
29.07.21,3,6,0,7945.0,5901.0,21843.0,360.0,0.0,89.0,62.0,132.0,31800.0,120.0,67.0,58.0,113.0,1.0,1200.0
30.07.21,4,6,0,13899.0,10359.0,34501.0,540.0,720.0,92.0,58.0,138.0,32880.0,120.0,63.0,58.0,71.0,1.0,1080.0
31.07.21,5,6,0,11974.0,8938.0,31981.0,361.0,720.0,88.0,56.0,131.0,37140.0,120.0,65.0,57.0,91.0,2.0,2040.0
01.08.21,6,7,0,9470.0,7182.0,17700.0,2760.0,0.0,84.0,49.0,130.0,18060.0,120.0,74.0,64.0,80.0,1.0,480.0
02.08.21,0,7,0,9455.0,7098.0,18238.0,1142.0,960.0,79.0,58.0,137.0,35220.0,120.0,59.0,50.0,75.0,4.0,3420.0
03.08.21,1,7,0,6387.0,4631.0,18721.0,120.0,0.0,73.0,45.0,112.0,29160.0,180.0,59.0,50.0,89.0,3.0,4800.0
04.08.21,2,7,0,9931.0,7694.0,23700.0,1680.0,0.0,75.0,54.0,108.0,25920.0,120.0,,,,0.0,1020.0
05.08.21,3,7,0,10039.0,7480.0,23641.0,1259.0,0.0,98.0,80.0,123.0,35220.0,120.0,58.0,51.0,86.0,2.0,3900.0
06.08.21,4,7,0,12838.0,9558.0,31140.0,540.0,1740.0,78.0,50.0,130.0,36600.0,240.0,62.0,52.0,98.0,3.0,3060.0
07.08.21,5,7,0,9376.0,7074.0,24542.0,660.0,0.0,84.0,60.0,151.0,25080.0,120.0,63.0,57.0,88.0,2.0,1920.0
08.08.21,6,7,0,9553.0,7096.0,29942.0,359.0,840.0,83.0,63.0,136.0,35400.0,180.0,58.0,52.0,66.0,0.0,180.0
09.08.21,0,7,0,6287.0,4746.0,12481.0,960.0,0.0,67.0,67.0,67.0,27960.0,1680.0,65.0,52.0,88.0,1.0,2580.0
10.08.21,1,7,0,13161.0,10262.0,31440.0,1202.0,660.0,99.0,50.0,188.0,35280.0,120.0,60.0,55.0,77.0,1.0,1320.0
11.08.21,2,7,0,9523.0,7023.0,29641.0,540.0,0.0,83.0,56.0,140.0,13440.0,120.0,62.0,59.0,69.0,2.0,2400.0
12.08.21,3,7,0,11874.0,8959.0,32639.0,900.0,0.0,93.0,53.0,144.0,31740.0,120.0,56.0,51.0,66.0,1.0,1860.0
13.08.21,4,7,0,9221.0,6747.0,26880.0,840.0,0.0,87.0,53.0,146.0,20580.0,120.0,71.0,65.0,87.0,0.0,120.0
14.08.21,5,7,0,8422.0,6216.0,26821.0,300.0,0.0,77.0,45.0,130.0,38760.0,120.0,53.0,44.0,86.0,2.0,1320.0
15.08.21,6,7,0,11401.0,8331.0,30599.0,481.0,900.0,91.0,66.0,141.0,28200.0,120.0,65.0,58.0,78.0,2.0,1740.0
16.08.21,0,7,0,4165.0,2991.0,12839.0,121.0,0.0,69.0,40.0,147.0,,,,,,,
17.08.21,1,7,0,,,,,,,,,,,,,,,
18.08.21,2,7,0,7329.0,5429.0,10982.0,2639.0,660.0,,,,,,,,,,
19.08.21,3,7,0,9127.0,6762.0,30361.0,360.0,0.0,97.0,54.0,164.0,39060.0,120.0,61.0,55.0,75.0,1.0,360.0
20.08.21,4,7,0,3893.0,2822.0,12362.0,120.0,0.0,76.0,62.0,99.0,43920.0,120.0,65.0,55.0,111.0,3.0,1980.0
21.08.21,5,7,0,6484.0,4749.0,16501.0,300.0,0.0,82.0,55.0,192.0,37200.0,1440.0,63.0,55.0,112.0,2.0,4620.0
22.08.21,6,7,0,2856.0,2066.0,8160.0,120.0,0.0,79.0,52.0,114.0,37140.0,119.0,63.0,55.0,116.0,0.0,1079.0
23.08.21,0,7,0,7888.0,5887.0,20219.0,840.0,4440.0,62.0,60.0,66.0,39481.0,120.0,70.0,60.0,155.0,4.0,5099.0
24.08.21,1,7,0,8036.0,5957.0,19742.0,899.0,0.0,91.0,64.0,139.0,36780.0,240.0,65.0,60.0,76.0,1.0,1260.0
25.08.21,2,7,0,7697.0,5679.0,20282.0,419.0,1860.0,92.0,54.0,149.0,37440.0,120.0,68.0,50.0,91.0,3.0,2580.0
26.08.21,3,7,0,7781.0,5796.0,19680.0,720.0,480.0,86.0,64.0,130.0,36840.0,120.0,67.0,61.0,87.0,2.0,2760.0
27.08.21,4,7,0,2381.0,1743.0,7741.0,0.0,0.0,90.0,55.0,140.0,,,,,,,
28.08.21,5,7,0,3516.0,2492.0,10200.0,120.0,0.0,135.0,135.0,135.0,34200.0,240.0,73.0,63.0,97.0,5.0,6300.0
29.08.21,6,7,0,5731.0,4201.0,20702.0,240.0,0.0,86.0,59.0,187.0,31500.0,120.0,60.0,52.0,89.0,2.0,1260.0
30.08.21,0,7,0,7488.0,5462.0,23881.0,419.0,0.0,87.0,61.0,120.0,43920.0,120.0,59.0,52.0,112.0,3.0,2520.0
31.08.21,1,7,0,6027.0,4356.0,17880.0,300.0,0.0,75.0,49.0,161.0,19620.0,120.0,64.0,57.0,73.0,0.0,1140.0
01.09.21,2,8,0,6589.0,4781.0,16564.0,120.0,1020.0,74.0,52.0,128.0,28020.0,120.0,60.0,54.0,68.0,1.0,720.0
02.09.21,3,8,0,11010.0,8163.0,26640.0,480.0,1200.0,86.0,42.0,165.0,,,,,,,
03.09.21,4,8,0,6042.0,4595.0,13380.0,960.0,0.0,79.0,49.0,155.0,32220.0,120.0,65.0,56.0,109.0,4.0,2820.0
04.09.21,5,8,0,11808.0,8896.0,20221.0,4201.0,2340.0,82.0,53.0,167.0,39840.0,120.0,58.0,51.0,78.0,2.0,1920.0
05.09.21,6,8,0,42818.0,42053.0,17403.0,2819.0,19740.0,102.0,39.0,186.0,,,,,,,
06.09.21,0,8,0,7014.0,5339.0,16681.0,1860.0,0.0,87.0,64.0,138.0,38520.0,120.0,66.0,55.0,127.0,1.0,1620.0
07.09.21,1,8,0,6060.0,4557.0,14402.0,840.0,0.0,67.0,52.0,83.0,44580.0,120.0,61.0,51.0,76.0,4.0,3540.0
08.09.21,2,8,0,6157.0,4680.0,16860.0,300.0,0.0,83.0,41.0,113.0,36900.0,120.0,62.0,57.0,92.0,1.0,1380.0
09.09.21,3,8,0,8864.0,6450.0,21722.0,1260.0,0.0,82.0,49.0,132.0,35280.0,1020.0,62.0,51.0,83.0,1.0,2880.0
10.09.21,4,8,0,10591.0,8082.0,18240.0,3480.0,0.0,84.0,59.0,171.0,35940.0,120.0,66.0,57.0,82.0,1.0,1860.0
11.09.21,5,8,0,9148.0,7255.0,14760.0,3660.0,240.0,77.0,36.0,173.0,27360.0,360.0,65.0,58.0,82.0,1.0,2040.0
12.09.21,6,8,0,6149.0,4493.0,14761.0,300.0,0.0,76.0,48.0,111.0,33900.0,120.0,64.0,57.0,81.0,6.0,5700.0
13.09.21,0,8,0,7600.0,5919.0,16982.0,1800.0,0.0,93.0,52.0,150.0,48720.0,120.0,65.0,59.0,81.0,2.0,2520.0
14.09.21,1,8,0,7376.0,5443.0,25381.0,420.0,0.0,83.0,45.0,170.0,,,,,,,
15.09.21,2,8,0,4381.0,3463.0,7560.0,1500.0,0.0,84.0,57.0,115.0,29580.0,120.0,80.0,72.0,95.0,2.0,1560.0
16.09.21,3,8,0,8301.0,6185.0,18000.0,720.0,0.0,85.0,57.0,155.0,47520.0,120.0,71.0,57.0,87.0,1.0,1380.0
17.09.21,4,8,0,9471.0,7117.0,23762.0,720.0,840.0,93.0,62.0,152.0,31080.0,120.0,75.0,64.0,96.0,2.0,2040.0
18.09.21,5,8,0,4452.0,3278.0,10080.0,420.0,0.0,75.0,52.0,123.0,16740.0,120.0,64.0,60.0,74.0,0.0,360.0
19.09.21,6,8,0,6679.0,4838.0,21360.0,180.0,0.0,74.0,60.0,112.0,49380.0,120.0,63.0,59.0,70.0,4.0,3540.0
20.09.21,0,8,0,8202.0,6161.0,22502.0,540.0,2640.0,78.0,60.0,106.0,25860.0,120.0,62.0,55.0,72.0,1.0,600.0
21.09.21,1,8,0,6520.0,4873.0,25320.0,481.0,1020.0,80.0,46.0,148.0,,,,,,,
22.09.21,2,8,1,6127.0,4469.0,18721.0,120.0,0.0,87.0,47.0,145.0,29100.0,240.0,84.0,68.0,152.0,1.0,1380.0
23.09.21,3,8,1,5791.0,4479.0,10925.0,2100.0,0.0,75.0,55.0,124.0,33480.0,120.0,67.0,60.0,80.0,0.0,540.0
24.09.21,4,8,1,5215.0,3807.0,13921.0,180.0,0.0,79.0,51.0,113.0,14580.0,120.0,59.0,51.0,64.0,5.0,3960.0
25.09.21,5,8,1,7268.0,5260.0,17099.0,721.0,0.0,81.0,41.0,145.0,35580.0,120.0,60.0,52.0,67.0,2.0,1620.0
26.09.21,6,8,1,4509.0,3238.0,9001.0,360.0,0.0,72.0,59.0,128.0,42120.0,180.0,59.0,53.0,76.0,2.0,2280.0
27.09.21,0,8,1,5231.0,3803.0,12780.0,240.0,0.0,73.0,58.0,104.0,27720.0,420.0,56.0,52.0,61.0,0.0,420.0
28.09.21,1,8,1,7165.0,5295.0,17102.0,420.0,540.0,79.0,57.0,141.0,,,,,,,
29.09.21,2,8,1,7530.0,5640.0,18001.0,600.0,900.0,69.0,58.0,82.0,29460.0,120.0,62.0,54.0,83.0,1.0,2100.0
30.09.21,3,8,1,6682.0,4795.0,20341.0,300.0,0.0,75.0,40.0,147.0,,,,,,,
01.10.21,4,9,1,10312.0,7561.0,34740.0,300.0,0.0,77.0,42.0,138.0,14580.0,120.0,82.0,75.0,98.0,3.0,1680.0
02.10.21,5,9,1,9800.0,7232.0,26462.0,599.0,0.0,97.0,48.0,154.0,35460.0,120.0,76.0,66.0,134.0,2.0,2520.0
03.10.21,6,9,1,8893.0,6593.0,31566.0,658.0,600.0,104.0,48.0,149.0,24000.0,660.0,75.0,57.0,135.0,3.0,2580.0
04.10.21,0,9,1,5390.0,3943.0,21120.0,120.0,0.0,78.0,53.0,105.0,44160.0,120.0,60.0,56.0,67.0,1.0,1320.0
05.10.21,1,9,1,7001.0,5176.0,21121.0,480.0,0.0,74.0,51.0,134.0,,,,,,,
06.10.21,2,9,1,4673.0,3440.0,20400.0,120.0,0.0,77.0,62.0,130.0,41160.0,120.0,59.0,53.0,71.0,2.0,3300.0
07.10.21,3,9,1,5704.0,4233.0,15120.0,300.0,0.0,78.0,57.0,121.0,39180.0,120.0,60.0,54.0,83.0,1.0,1320.0
08.10.21,4,9,1,3460.0,2521.0,11520.0,300.0,0.0,73.0,58.0,114.0,41460.0,120.0,62.0,54.0,73.0,1.0,720.0
09.10.21,5,9,1,9750.0,7255.0,25022.0,960.0,0.0,83.0,56.0,120.0,26160.0,120.0,64.0,58.0,85.0,1.0,1920.0
10.10.21,6,9,1,5293.0,3980.0,18243.0,180.0,1260.0,79.0,62.0,146.0,40320.0,120.0,59.0,54.0,72.0,1.0,2460.0
11.10.21,0,9,1,4977.0,3828.0,14280.0,1200.0,0.0,73.0,53.0,115.0,36120.0,120.0,64.0,57.0,82.0,1.0,3420.0
12.10.21,1,9,1,7479.0,5450.0,21600.0,420.0,0.0,77.0,51.0,119.0,35040.0,120.0,67.0,56.0,85.0,3.0,3960.0
13.10.21,2,9,1,9853.0,7674.0,19142.0,2700.0,0.0,60.0,54.0,69.0,36780.0,240.0,62.0,53.0,71.0,2.0,2580.0
14.10.21,3,9,1,5887.0,4365.0,18419.0,240.0,0.0,76.0,47.0,186.0,40080.0,120.0,63.0,56.0,78.0,4.0,4020.0
15.10.21,4,9,1,6039.0,4602.0,12361.0,1740.0,0.0,74.0,55.0,127.0,27420.0,240.0,65.0,57.0,84.0,3.0,3120.0
16.10.21,5,9,1,3979.0,2870.0,10619.0,121.0,0.0,79.0,56.0,121.0,42000.0,840.0,68.0,52.0,91.0,2.0,5220.0
17.10.21,6,9,1,17624.0,15395.0,13561.0,12176.0,0.0,100.0,57.0,182.0,40500.0,240.0,68.0,60.0,88.0,1.0,840.0
18.10.21,0,9,1,5441.0,4182.0,10740.0,1519.0,0.0,64.0,60.0,71.0,34560.0,180.0,67.0,60.0,100.0,3.0,2280.0
19.10.21,1,9,1,7865.0,5987.0,16440.0,2460.0,0.0,89.0,57.0,130.0,35460.0,180.0,66.0,58.0,93.0,1.0,1620.0
20.10.21,2,9,1,6463.0,5047.0,20641.0,1140.0,1560.0,78.0,46.0,142.0,,,,,,,
21.10.21,3,9,1,4112.0,2992.0,12780.0,180.0,0.0,90.0,56.0,164.0,14820.0,120.0,88.0,76.0,98.0,0.0,120.0
22.10.21,4,9,1,5567.0,4105.0,15721.0,720.0,0.0,81.0,51.0,122.0,46080.0,120.0,72.0,58.0,145.0,1.0,2640.0
23.10.21,5,9,1,4331.0,3162.0,17039.0,60.0,0.0,81.0,64.0,141.0,36660.0,120.0,66.0,60.0,99.0,3.0,1980.0
24.10.21,6,9,1,9897.0,7293.0,19621.0,1860.0,0.0,73.0,56.0,115.0,29640.0,120.0,68.0,63.0,78.0,0.0,180.0
25.10.21,0,9,1,8564.0,6553.0,21781.0,1500.0,840.0,83.0,65.0,103.0,39480.0,120.0,63.0,54.0,92.0,4.0,4920.0
26.10.21,1,9,1,9881.0,7803.0,19863.0,2543.0,1860.0,84.0,64.0,162.0,29820.0,120.0,66.0,58.0,85.0,0.0,1380.0
27.10.21,2,9,1,9096.0,6854.0,17940.0,2040.0,0.0,84.0,70.0,96.0,47280.0,120.0,66.0,59.0,125.0,7.0,4500.0
28.10.21,3,9,1,9022.0,6851.0,21121.0,1740.0,0.0,80.0,59.0,151.0,35520.0,600.0,67.0,59.0,118.0,1.0,2340.0
29.10.21,4,9,1,5417.0,4419.0,12182.0,1740.0,960.0,84.0,46.0,135.0,12720.0,180.0,76.0,69.0,90.0,0.0,420.0
30.10.21,5,9,1,7022.0,5578.0,16140.0,1920.0,0.0,79.0,67.0,193.0,41460.0,120.0,67.0,60.0,92.0,1.0,2520.0
31.10.21,6,9,1,4267.0,3096.0,14941.0,360.0,0.0,71.0,49.0,137.0,,,,,,,
01.11.21,0,10,1,5016.0,3938.0,15961.0,1740.0,0.0,85.0,53.0,142.0,16020.0,180.0,88.0,80.0,95.0,2.0,3000.0
02.11.21,1,10,1,7461.0,5648.0,18481.0,1440.0,0.0,83.0,42.0,143.0,,,,,,,
03.11.21,2,10,1,2838.0,2093.0,7321.0,419.0,0.0,80.0,63.0,107.0,52860.0,240.0,77.0,63.0,112.0,1.0,2700.0
04.11.21,3,10,1,6826.0,5038.0,16320.0,420.0,0.0,89.0,69.0,173.0,45480.0,120.0,66.0,48.0,87.0,2.0,900.0
05.11.21,4,10,1,6905.0,5385.0,14041.0,1020.0,1860.0,83.0,57.0,145.0,49860.0,120.0,65.0,59.0,99.0,3.0,2400.0
06.11.21,5,10,1,7636.0,5929.0,16500.0,1200.0,0.0,79.0,60.0,107.0,35100.0,180.0,63.0,60.0,71.0,0.0,180.0
07.11.21,6,10,1,7101.0,5297.0,21903.0,840.0,0.0,78.0,69.0,108.0,39360.0,120.0,64.0,57.0,81.0,1.0,1440.0
08.11.21,0,10,1,7008.0,5313.0,17040.0,840.0,0.0,88.0,51.0,157.0,38040.0,120.0,68.0,58.0,97.0,4.0,3240.0
09.11.21,1,10,1,8636.0,6660.0,21961.0,420.0,1380.0,73.0,41.0,153.0,38880.0,120.0,66.0,47.0,78.0,3.0,3540.0
10.11.21,2,10,1,4902.0,3621.0,22621.0,240.0,0.0,78.0,44.0,138.0,,,,,,,
11.11.21,3,10,1,8903.0,6491.0,30122.0,180.0,840.0,90.0,45.0,162.0,12660.0,120.0,98.0,87.0,113.0,1.0,1740.0
12.11.21,4,10,1,4044.0,3005.0,10983.0,359.0,0.0,79.0,65.0,154.0,42540.0,120.0,73.0,58.0,87.0,3.0,3180.0
13.11.21,5,10,1,5271.0,3916.0,14761.0,180.0,0.0,78.0,55.0,121.0,36780.0,120.0,62.0,54.0,76.0,1.0,900.0
14.11.21,6,10,1,8614.0,6386.0,18300.0,1140.0,0.0,81.0,61.0,118.0,40200.0,120.0,66.0,57.0,82.0,2.0,2460.0
15.11.21,0,10,1,10859.0,8508.0,16201.0,3419.0,0.0,77.0,50.0,136.0,33240.0,120.0,62.0,57.0,73.0,2.0,1980.0
16.11.21,1,10,1,5668.0,4243.0,18781.0,180.0,0.0,71.0,46.0,121.0,23940.0,120.0,59.0,53.0,66.0,0.0,240.0
17.11.21,2,10,1,3547.0,2622.0,14221.0,60.0,0.0,85.0,54.0,169.0,43380.0,120.0,60.0,54.0,76.0,3.0,2280.0
18.11.21,3,10,1,6453.0,4775.0,18298.0,361.0,0.0,74.0,44.0,94.0,29820.0,180.0,58.0,51.0,76.0,0.0,1260.0
19.11.21,4,10,1,5677.0,4193.0,18360.0,60.0,0.0,80.0,46.0,132.0,44100.0,120.0,64.0,55.0,114.0,1.0,1680.0
20.11.21,5,10,1,4246.0,3199.0,21000.0,60.0,0.0,63.0,43.0,99.0,,,,,,,
21.11.21,6,10,1,4496.0,3345.0,20940.0,180.0,0.0,74.0,46.0,158.0,,,,,,,
22.11.21,0,10,1,2739.0,2002.0,10082.0,180.0,0.0,94.0,60.0,186.0,34500.0,120.0,87.0,72.0,146.0,3.0,5940.0
23.11.21,1,10,1,4470.0,3278.0,13021.0,60.0,0.0,83.0,57.0,151.0,49020.0,120.0,69.0,54.0,82.0,2.0,840.0
24.11.21,2,10,1,6619.0,4953.0,20340.0,60.0,0.0,83.0,63.0,118.0,45600.0,120.0,63.0,54.0,117.0,1.0,1560.0
25.11.21,3,10,1,4326.0,3167.0,15300.0,240.0,0.0,79.0,50.0,120.0,,,,,,,
26.11.21,4,10,1,5139.0,3816.0,15660.0,300.0,0.0,82.0,66.0,116.0,41880.0,120.0,70.0,62.0,123.0,2.0,1440.0
27.11.21,5,10,1,5169.0,4043.0,11581.0,1320.0,540.0,76.0,42.0,99.0,47040.0,120.0,64.0,58.0,78.0,0.0,600.0
28.11.21,6,10,1,7353.0,5534.0,16020.0,420.0,540.0,81.0,59.0,118.0,47940.0,120.0,69.0,60.0,107.0,3.0,2040.0
29.11.21,0,10,1,6052.0,4785.0,12060.0,2280.0,0.0,73.0,55.0,133.0,34080.0,120.0,70.0,61.0,85.0,3.0,1920.0
30.11.21,1,10,1,4751.0,3516.0,17640.0,60.0,0.0,79.0,69.0,99.0,40800.0,120.0,60.0,45.0,74.0,3.0,3660.0
01.12.21,2,11,1,6777.0,5206.0,19141.0,480.0,0.0,80.0,47.0,111.0,33960.0,120.0,63.0,55.0,91.0,3.0,3900.0
02.12.21,3,11,1,6244.0,4668.0,19260.0,420.0,0.0,91.0,55.0,120.0,37560.0,120.0,70.0,60.0,109.0,6.0,5160.0
03.12.21,4,11,1,6085.0,4657.0,21720.0,360.0,1200.0,86.0,53.0,148.0,,,,,,,
04.12.21,5,11,1,8607.0,6635.0,32341.0,600.0,0.0,92.0,45.0,159.0,,,,,,,
05.12.21,6,11,1,1571.0,1150.0,7742.0,0.0,0.0,95.0,44.0,135.0,29100.0,120.0,88.0,72.0,148.0,1.0,1920.0
06.12.21,0,11,1,4715.0,3494.0,11280.0,360.0,0.0,81.0,45.0,130.0,53220.0,120.0,71.0,45.0,90.0,1.0,3660.0
07.12.21,1,11,1,7553.0,5709.0,18839.0,840.0,0.0,90.0,47.0,135.0,40800.0,120.0,70.0,64.0,86.0,1.0,1500.0
08.12.21,2,11,1,6093.0,4670.0,19919.0,421.0,1680.0,95.0,45.0,169.0,26100.0,180.0,69.0,62.0,80.0,1.0,360.0
09.12.21,3,11,1,3353.0,2468.0,14581.0,180.0,0.0,85.0,51.0,156.0,,,,,,,
10.12.21,4,11,1,3948.0,2922.0,15181.0,241.0,0.0,84.0,43.0,165.0,,,,,,,
11.12.21,5,11,1,5765.0,4191.0,19740.0,300.0,0.0,83.0,53.0,130.0,,,,,,,
12.12.21,6,11,1,5094.0,3812.0,13202.0,1020.0,0.0,74.0,49.0,100.0,45960.0,120.0,69.0,44.0,92.0,1.0,1500.0
13.12.21,0,11,1,8735.0,6439.0,18901.0,540.0,960.0,90.0,38.0,160.0,40260.0,120.0,65.0,53.0,116.0,2.0,2760.0
14.12.21,1,11,1,5335.0,3899.0,20161.0,120.0,0.0,82.0,54.0,147.0,,,,,,,
15.12.21,2,11,1,4316.0,3181.0,9861.0,240.0,0.0,80.0,41.0,148.0,25860.0,120.0,81.0,68.0,153.0,1.0,2040.0
16.12.21,3,11,1,3626.0,2661.0,9541.0,300.0,0.0,72.0,45.0,103.0,,,,,,,
17.12.21,4,11,1,3665.0,2680.0,10560.0,121.0,0.0,83.0,55.0,137.0,34260.0,120.0,79.0,67.0,115.0,1.0,1080.0
18.12.21,5,11,1,2363.0,1708.0,6360.0,180.0,0.0,75.0,52.0,92.0,49560.0,120.0,67.0,57.0,92.0,4.0,4620.0
19.12.21,6,11,1,5297.0,3914.0,14641.0,540.0,0.0,81.0,66.0,116.0,49800.0,120.0,65.0,57.0,112.0,2.0,1500.0
20.12.21,0,11,1,3688.0,2691.0,9480.0,300.0,0.0,80.0,64.0,150.0,46140.0,240.0,60.0,53.0,68.0,2.0,2520.0
21.12.21,1,11,2,7631.0,5649.0,20761.0,120.0,0.0,83.0,54.0,141.0,40680.0,180.0,65.0,55.0,88.0,1.0,1020.0
22.12.21,2,11,2,9337.0,7101.0,20461.0,1140.0,0.0,89.0,66.0,187.0,43260.0,120.0,66.0,57.0,84.0,3.0,2880.0
23.12.21,3,11,2,8415.0,6647.0,13979.0,3060.0,0.0,84.0,65.0,106.0,38460.0,120.0,68.0,58.0,85.0,2.0,1080.0
24.12.21,4,11,2,9320.0,7080.0,23640.0,1501.0,0.0,86.0,53.0,117.0,35940.0,120.0,72.0,59.0,93.0,4.0,4920.0
25.12.21,5,11,2,5064.0,3794.0,22023.0,180.0,0.0,80.0,41.0,114.0,,,,,,,
26.12.21,6,11,2,7036.0,5269.0,24722.0,780.0,0.0,61.0,49.0,95.0,,,,,,,
27.12.21,0,11,2,4153.0,3002.0,10081.0,60.0,0.0,92.0,64.0,137.0,26220.0,120.0,83.0,73.0,97.0,2.0,3300.0
28.12.21,1,11,2,7624.0,5820.0,15780.0,1800.0,0.0,83.0,57.0,152.0,43440.0,240.0,74.0,67.0,92.0,3.0,2640.0
29.12.21,2,11,2,2239.0,1643.0,6181.0,0.0,0.0,89.0,73.0,119.0,46680.0,180.0,71.0,64.0,87.0,2.0,2940.0
30.12.21,3,11,2,10498.0,7639.0,26460.0,1320.0,0.0,84.0,57.0,146.0,31020.0,120.0,71.0,61.0,81.0,0.0,120.0
31.12.21,4,11,2,10399.0,7619.0,28201.0,180.0,0.0,85.0,56.0,205.0,29520.0,120.0,72.0,68.0,83.0,1.0,1740.0
01.01.22,5,0,2,4816.0,3542.0,15421.0,120.0,0.0,80.0,47.0,132.0,,,,,,,
02.01.22,6,0,2,3326.0,2416.0,9001.0,300.0,0.0,89.0,45.0,109.0,27360.0,120.0,71.0,42.0,92.0,5.0,3060.0
03.01.22,0,0,2,3613.0,2715.0,8582.0,240.0,0.0,85.0,47.0,135.0,24240.0,120.0,83.0,74.0,115.0,1.0,840.0
04.01.22,1,0,2,4617.0,3362.0,12480.0,360.0,0.0,79.0,40.0,108.0,,,,,,,
05.01.22,2,0,2,3987.0,3193.0,7501.0,1500.0,0.0,78.0,44.0,111.0,30060.0,120.0,72.0,65.0,80.0,1.0,2640.0
06.01.22,3,0,2,4353.0,3332.0,9900.0,540.0,0.0,78.0,45.0,108.0,43320.0,120.0,71.0,57.0,82.0,1.0,300.0
07.01.22,4,0,2,5970.0,4458.0,20460.0,60.0,0.0,74.0,45.0,110.0,21000.0,120.0,77.0,54.0,133.0,7.0,3900.0
08.01.22,5,0,2,6570.0,4920.0,21419.0,420.0,0.0,75.0,46.0,109.0,,,,,,,
09.01.22,6,0,2,3422.0,2496.0,12061.0,120.0,0.0,75.0,43.0,158.0,,,,,,,
10.01.22,0,0,2,3018.0,2216.0,5461.0,480.0,0.0,82.0,71.0,123.0,69060.0,120.0,73.0,63.0,104.0,4.0,4380.0
11.01.22,1,0,2,6975.0,5239.0,13440.0,1020.0,0.0,88.0,66.0,133.0,37800.0,120.0,68.0,59.0,98.0,2.0,2580.0
12.01.22,2,0,2,5755.0,4468.0,8039.0,2040.0,0.0,83.0,70.0,109.0,52920.0,120.0,67.0,56.0,108.0,5.0,4260.0
13.01.22,3,0,2,7904.0,6064.0,14461.0,2039.0,0.0,85.0,57.0,185.0,,,,,,,
14.01.22,4,0,2,8954.0,6650.0,20460.0,660.0,0.0,95.0,47.0,174.0,42960.0,120.0,65.0,54.0,87.0,2.0,4320.0
15.01.22,5,0,2,6331.0,4714.0,16200.0,840.0,0.0,85.0,62.0,141.0,35400.0,120.0,67.0,58.0,81.0,1.0,2700.0
16.01.22,6,0,2,3961.0,2928.0,19261.0,180.0,0.0,81.0,45.0,121.0,,,,,,,
17.01.22,0,0,2,6613.0,4990.0,16620.0,1080.0,0.0,73.0,73.0,80.0,28260.0,120.0,87.0,64.0,165.0,3.0,2580.0
18.01.22,1,0,2,6068.0,4637.0,16140.0,1681.0,0.0,93.0,42.0,151.0,,,,,,,
19.01.22,2,0,2,4131.0,3017.0,10740.0,180.0,0.0,83.0,57.0,148.0,15360.0,120.0,74.0,67.0,79.0,0.0,240.0
20.01.22,3,0,2,2835.0,2082.0,8940.0,120.0,0.0,79.0,52.0,106.0,34860.0,180.0,70.0,53.0,110.0,2.0,1560.0
21.01.22,4,0,2,916.0,660.0,2100.0,60.0,0.0,92.0,67.0,124.0,36780.0,360.0,67.0,59.0,85.0,0.0,360.0
22.01.22,5,0,2,,,,,,,,,,,,,,,
23.01.22,6,0,2,,,,,,,,,,,,,,,
24.01.22,0,0,2,2419.0,1803.0,4620.0,360.0,0.0,92.0,45.0,141.0,,,,,,,
25.01.22,1,0,2,5197.0,3842.0,10800.0,540.0,0.0,96.0,57.0,181.0,48300.0,1140.0,73.0,66.0,92.0,2.0,3180.0
26.01.22,2,0,2,3992.0,2933.0,8821.0,180.0,0.0,87.0,71.0,126.0,38460.0,180.0,70.0,62.0,96.0,0.0,1680.0
27.01.22,3,0,2,5958.0,4498.0,11701.0,1560.0,0.0,87.0,57.0,111.0,45180.0,120.0,72.0,61.0,103.0,3.0,3480.0
28.01.22,4,0,2,6226.0,4656.0,12420.0,900.0,0.0,88.0,43.0,142.0,40860.0,120.0,69.0,62.0,80.0,0.0,540.0
29.01.22,5,0,2,6002.0,4574.0,12781.0,960.0,0.0,96.0,64.0,173.0,53760.0,120.0,74.0,65.0,117.0,4.0,3540.0
30.01.22,6,0,2,4696.0,3460.0,12540.0,180.0,540.0,84.0,70.0,123.0,50340.0,300.0,69.0,62.0,86.0,2.0,2760.0
31.01.22,0,0,2,4941.0,3661.0,15721.0,120.0,0.0,96.0,74.0,191.0,47880.0,120.0,69.0,63.0,87.0,1.0,2280.0
01.02.22,1,1,2,3116.0,2267.0,8822.0,240.0,0.0,106.0,47.0,138.0,28200.0,120.0,79.0,75.0,92.0,2.0,2280.0
02.02.22,2,1,2,2155.0,1561.0,5460.0,180.0,0.0,83.0,59.0,123.0,33180.0,120.0,76.0,70.0,97.0,1.0,4500.0
03.02.22,3,1,2,5104.0,3764.0,13021.0,540.0,0.0,81.0,45.0,121.0,9540.0,600.0,65.0,61.0,70.0,0.0,1560.0
04.02.22,4,1,2,8270.0,6122.0,24961.0,240.0,0.0,80.0,60.0,150.0,36900.0,120.0,71.0,60.0,90.0,2.0,3180.0
05.02.22,5,1,2,6939.0,5334.0,14760.0,420.0,2340.0,85.0,62.0,199.0,17280.0,120.0,81.0,67.0,147.0,2.0,3480.0
06.02.22,6,1,2,2144.0,1551.0,7440.0,60.0,0.0,77.0,58.0,127.0,30360.0,120.0,65.0,56.0,122.0,1.0,1380.0
07.02.22,0,1,2,4938.0,3723.0,12061.0,1260.0,0.0,79.0,55.0,166.0,42840.0,240.0,62.0,53.0,87.0,4.0,3660.0
08.02.22,1,1,2,1758.0,1265.0,4860.0,60.0,0.0,80.0,72.0,111.0,41640.0,180.0,57.0,51.0,76.0,3.0,3000.0
09.02.22,2,1,2,4015.0,3322.0,6240.0,1920.0,0.0,85.0,64.0,132.0,,,,,,,
10.02.22,3,1,2,10263.0,7951.0,15660.0,2640.0,4920.0,69.0,59.0,111.0,42420.0,300.0,62.0,52.0,84.0,2.0,3540.0
11.02.22,4,1,2,8320.0,6452.0,19080.0,1500.0,2340.0,80.0,50.0,124.0,27660.0,180.0,60.0,54.0,68.0,3.0,3300.0
12.02.22,5,1,2,7346.0,5465.0,25260.0,421.0,0.0,87.0,48.0,179.0,27360.0,1380.0,62.0,56.0,72.0,1.0,2520.0
13.02.22,6,1,2,6525.0,4841.0,22982.0,60.0,0.0,83.0,52.0,122.0,,,,,,,
14.02.22,0,1,2,8677.0,6561.0,20820.0,1200.0,0.0,94.0,57.0,149.0,13800.0,120.0,91.0,75.0,152.0,3.0,2220.0
15.02.22,1,1,2,3437.0,2554.0,10201.0,480.0,0.0,86.0,75.0,115.0,,,,,,,
16.02.22,2,1,2,5015.0,3918.0,7740.0,2340.0,0.0,96.0,66.0,129.0,82680.0,120.0,73.0,60.0,117.0,1.0,1200.0
17.02.22,3,1,2,8228.0,6103.0,17758.0,782.0,0.0,89.0,50.0,122.0,52080.0,720.0,69.0,60.0,87.0,2.0,2220.0
18.02.22,4,1,2,4286.0,3178.0,13081.0,120.0,0.0,79.0,63.0,151.0,19860.0,120.0,75.0,64.0,91.0,0.0,1080.0
19.02.22,5,1,2,4880.0,3602.0,15241.0,240.0,0.0,85.0,71.0,118.0,34380.0,120.0,66.0,60.0,77.0,1.0,720.0
20.02.22,6,1,2,4140.0,3083.0,8641.0,660.0,0.0,87.0,63.0,196.0,,,,,,,
21.02.22,0,1,2,5910.0,4524.0,12301.0,1621.0,0.0,83.0,65.0,119.0,38340.0,120.0,71.0,61.0,83.0,2.0,1560.0
22.02.22,1,1,2,7079.0,5250.0,21661.0,120.0,0.0,85.0,51.0,157.0,37860.0,120.0,66.0,61.0,96.0,1.0,2280.0
23.02.22,2,1,2,7660.0,5810.0,18660.0,1500.0,0.0,78.0,45.0,163.0,,,,,,,
24.02.22,3,1,2,4945.0,3799.0,10441.0,1320.0,0.0,87.0,48.0,136.0,27240.0,120.0,78.0,70.0,120.0,4.0,2220.0
25.02.22,4,1,2,6191.0,4543.0,17221.0,360.0,0.0,89.0,52.0,148.0,45120.0,120.0,73.0,61.0,94.0,4.0,4440.0
26.02.22,5,1,2,5670.0,4209.0,16622.0,480.0,0.0,82.0,46.0,143.0,,,,,,,
27.02.22,6,1,2,2571.0,1913.0,12960.0,60.0,0.0,102.0,59.0,133.0,,,,,,,
28.02.22,0,1,2,4025.0,2957.0,8761.0,419.0,0.0,82.0,51.0,126.0,48300.0,120.0,75.0,63.0,101.0,4.0,3300.0
01.03.22,1,2,2,3914.0,2998.0,7080.0,960.0,0.0,83.0,48.0,123.0,44520.0,120.0,69.0,58.0,93.0,2.0,2880.0
02.03.22,2,2,2,3086.0,2226.0,7740.0,300.0,0.0,87.0,70.0,141.0,50340.0,120.0,64.0,55.0,119.0,4.0,4140.0
03.03.22,3,2,2,4809.0,3540.0,10680.0,360.0,0.0,80.0,56.0,125.0,52620.0,120.0,66.0,58.0,83.0,3.0,3840.0
04.03.22,4,2,2,6965.0,5194.0,18600.0,960.0,0.0,76.0,45.0,125.0,43140.0,180.0,60.0,51.0,106.0,4.0,3900.0
05.03.22,5,2,2,10683.0,8018.0,33482.0,840.0,1020.0,99.0,49.0,160.0,,,,,,,
06.03.22,6,2,2,4237.0,3261.0,19260.0,120.0,0.0,91.0,47.0,149.0,,,,,,,
07.03.22,0,2,2,8726.0,6496.0,18902.0,660.0,0.0,85.0,54.0,148.0,16740.0,120.0,78.0,74.0,85.0,2.0,1560.0
08.03.22,1,2,2,7365.0,5655.0,15482.0,1800.0,0.0,88.0,62.0,172.0,25380.0,120.0,65.0,58.0,73.0,3.0,1980.0
09.03.22,2,2,2,3507.0,2613.0,14281.0,60.0,0.0,91.0,46.0,153.0,55380.0,120.0,64.0,55.0,100.0,5.0,2760.0
10.03.22,3,2,2,3683.0,2714.0,10977.0,121.0,0.0,82.0,56.0,110.0,19200.0,600.0,76.0,65.0,91.0,0.0,600.0
11.03.22,4,2,2,4947.0,3696.0,14160.0,240.0,0.0,83.0,63.0,118.0,56820.0,120.0,66.0,57.0,112.0,3.0,4080.0
12.03.22,5,2,2,4806.0,3542.0,14160.0,300.0,0.0,84.0,60.0,113.0,35880.0,120.0,67.0,59.0,85.0,1.0,2940.0
13.03.22,6,2,2,734.0,542.0,2401.0,0.0,0.0,70.0,48.0,85.0,,,,,,,
14.03.22,0,2,2,6684.0,5152.0,12960.0,1620.0,0.0,92.0,48.0,117.0,44940.0,120.0,62.0,50.0,85.0,1.0,2161.0
15.03.22,1,2,2,7857.0,5757.0,20160.0,300.0,0.0,88.0,51.0,127.0,,,,,,,
16.03.22,2,2,2,,,,,,,,,,,,,,,
17.03.22,3,2,2,,,,,,,,,,,,,,,
18.03.22,4,2,2,,,,,,,,,,,,,,,
19.03.22,5,2,2,931.0,736.0,3900.0,0.0,0.0,95.0,47.0,110.0,,,,,,,
20.03.22,6,2,3,2819.0,2092.0,11760.0,0.0,0.0,88.0,49.0,136.0,24660.0,120.0,74.0,68.0,84.0,1.0,2220.0
21.03.22,0,2,3,7458.0,5678.0,20763.0,359.0,540.0,96.0,56.0,142.0,44820.0,660.0,72.0,62.0,99.0,0.0,1500.0
22.03.22,1,2,3,13399.0,10365.0,28021.0,2340.0,780.0,101.0,44.0,149.0,,,,,,,
23.03.22,2,2,3,2746.0,2099.0,7800.0,180.0,0.0,83.0,52.0,129.0,19620.0,120.0,68.0,63.0,78.0,1.0,120.0
24.03.22,3,2,3,6015.0,4476.0,19617.0,483.0,660.0,85.0,62.0,167.0,38880.0,120.0,71.0,51.0,95.0,1.0,2880.0
25.03.22,4,2,3,7908.0,5865.0,19682.0,539.0,0.0,92.0,72.0,128.0,12600.0,180.0,69.0,66.0,78.0,0.0,300.0
26.03.22,5,2,3,8499.0,6284.0,26999.0,1200.0,0.0,91.0,53.0,195.0,31500.0,120.0,67.0,58.0,83.0,0.0,420.0
27.03.22,6,2,3,8244.0,6087.0,27540.0,120.0,600.0,90.0,47.0,161.0,,,,,,,
28.03.22,0,2,3,3176.0,2356.0,11100.0,180.0,0.0,86.0,47.0,117.0,30000.0,300.0,69.0,58.0,99.0,2.0,780.0
29.03.22,1,2,3,5511.0,4254.0,12601.0,1560.0,0.0,81.0,41.0,145.0,30420.0,120.0,74.0,58.0,93.0,1.0,1200.0
30.03.22,2,2,3,7121.0,4751.0,19440.0,180.0,0.0,85.0,45.0,183.0,,,,,,,
31.03.22,3,2,3,3570.0,2645.0,9179.0,180.0,0.0,80.0,44.0,127.0,,,,,,,
01.04.22,4,3,3,4014.0,2984.0,12181.0,420.0,0.0,92.0,53.0,132.0,38700.0,240.0,69.0,55.0,139.0,4.0,3840.0
02.04.22,5,3,3,4867.0,3567.0,16140.0,240.0,0.0,87.0,53.0,152.0,30000.0,240.0,65.0,59.0,95.0,2.0,3060.0
03.04.22,6,3,3,3043.0,2216.0,10680.0,120.0,0.0,79.0,43.0,153.0,15180.0,120.0,70.0,66.0,80.0,1.0,1020.0
04.04.22,0,3,3,3670.0,2700.0,10740.0,300.0,0.0,80.0,48.0,136.0,67320.0,120.0,69.0,52.0,129.0,6.0,5460.0
05.04.22,1,3,3,5854.0,4540.0,10560.0,2100.0,0.0,85.0,59.0,173.0,42180.0,120.0,64.0,54.0,107.0,4.0,2760.0
06.04.22,2,3,3,6787.0,5147.0,15060.0,1440.0,0.0,85.0,52.0,120.0,37200.0,180.0,58.0,54.0,73.0,0.0,1200.0
07.04.22,3,3,3,2848.0,2111.0,6900.0,300.0,0.0,93.0,74.0,124.0,53940.0,120.0,65.0,52.0,100.0,3.0,1440.0
08.04.22,4,3,3,3257.0,2409.0,10200.0,120.0,0.0,93.0,71.0,160.0,38520.0,120.0,62.0,53.0,92.0,3.0,2580.0
09.04.22,5,3,3,6457.0,4864.0,21841.0,661.0,0.0,91.0,57.0,181.0,13800.0,120.0,80.0,71.0,93.0,1.0,1200.0
10.04.22,6,3,3,4464.0,3375.0,13020.0,60.0,1320.0,84.0,50.0,118.0,36000.0,120.0,68.0,60.0,90.0,1.0,1080.0
11.04.22,0,3,3,10163.0,8096.0,17520.0,2880.0,2280.0,101.0,67.0,144.0,44460.0,180.0,69.0,57.0,93.0,1.0,1020.0
12.04.22,1,3,3,6655.0,5051.0,16320.0,780.0,0.0,91.0,65.0,185.0,30180.0,120.0,74.0,60.0,113.0,2.0,1080.0
13.04.22,2,3,3,7732.0,5582.0,15480.0,540.0,0.0,88.0,47.0,131.0,52200.0,120.0,75.0,61.0,118.0,2.0,4020.0
14.04.22,3,3,3,9776.0,7319.0,24506.0,1020.0,600.0,62.0,54.0,74.0,28020.0,180.0,60.0,57.0,68.0,2.0,1680.0
15.04.22,4,3,3,3867.0,2846.0,14040.0,60.0,0.0,80.0,57.0,145.0,11160.0,120.0,74.0,63.0,87.0,0.0,240.0
16.04.22,5,3,3,5073.0,3732.0,16380.0,420.0,0.0,85.0,71.0,112.0,38640.0,120.0,65.0,59.0,91.0,3.0,3900.0
17.04.22,6,3,3,5487.0,4001.0,14102.0,540.0,0.0,89.0,58.0,119.0,34140.0,120.0,67.0,59.0,81.0,1.0,1320.0
18.04.22,0,3,3,9091.0,6763.0,22920.0,480.0,0.0,74.0,46.0,109.0,37140.0,120.0,73.0,62.0,100.0,3.0,3180.0
19.04.22,1,3,3,7515.0,5587.0,29521.0,240.0,660.0,88.0,41.0,211.0,,,,,,,
20.04.22,2,3,3,7352.0,5578.0,21961.0,660.0,600.0,94.0,47.0,187.0,,,,,,,
21.04.22,3,3,3,4278.0,3152.0,11881.0,180.0,0.0,91.0,60.0,125.0,12780.0,120.0,77.0,68.0,86.0,1.0,540.0
06.07.21,1,6,0,6767.0,4795.0,17100.0,1680.0,0.0,95.0,48.0,190.0,30240.0,120.0,73.0,57.0,108.0,3.0,1980.0
07.07.21,2,6,0,6328.0,4267.0,16860.0,241.0,0.0,95.0,50.0,150.0,30240.0,120.0,73.0,57.0,108.0,3.0,1980.0
08.07.21,3,6,0,2948.0,2041.0,12060.0,60.0,1920.0,102.0,58.0,140.0,,,,,,,
09.07.21,4,6,0,9652.0,6764.0,16381.0,2940.0,0.0,100.0,57.0,167.0,35700.0,120.0,73.0,60.0,154.0,2.0,720.0
10.07.21,5,6,0,7089.0,4865.0,14041.0,1740.0,0.0,91.0,56.0,137.0,24120.0,180.0,77.0,63.0,91.0,2.0,540.0
11.07.21,6,6,0,5798.0,3961.0,16681.0,840.0,780.0,90.0,50.0,144.0,41760.0,120.0,73.0,57.0,113.0,3.0,1020.0
12.07.21,0,6,0,8576.0,5840.0,16920.0,1021.0,0.0,99.0,70.0,180.0,23580.0,120.0,72.0,61.0,86.0,4.0,2580.0
13.07.21,1,6,0,4414.0,2999.0,13381.0,180.0,0.0,90.0,47.0,186.0,26640.0,120.0,74.0,61.0,98.0,0.0,120.0
14.07.21,2,6,0,5878.0,3955.0,16741.0,359.0,0.0,93.0,61.0,134.0,,,,,,,
15.07.21,3,6,0,9948.0,6996.0,16439.0,2460.0,0.0,90.0,52.0,121.0,33060.0,120.0,70.0,56.0,93.0,3.0,960.0
16.07.21,4,6,0,7437.0,5062.0,21359.0,360.0,0.0,100.0,52.0,152.0,24600.0,120.0,75.0,65.0,84.0,1.0,300.0
17.07.21,5,6,0,4363.0,2991.0,15841.0,300.0,0.0,93.0,50.0,189.0,20280.0,120.0,76.0,58.0,95.0,2.0,1500.0
18.07.21,6,6,0,3814.0,2621.0,16440.0,0.0,0.0,100.0,61.0,152.0,23460.0,120.0,72.0,64.0,79.0,2.0,900.0
19.07.21,0,6,0,9164.0,6447.0,19860.0,1200.0,961.0,94.0,46.0,121.0,,,,,,,
20.07.21,1,6,0,12109.0,8553.0,29221.0,840.0,2700.0,102.0,62.0,187.0,23460.0,120.0,73.0,63.0,152.0,4.0,1560.0
21.07.21,2,6,0,6950.0,4817.0,22799.0,480.0,1500.0,99.0,65.0,171.0,17280.0,120.0,85.0,76.0,157.0,1.0,420.0
22.07.21,3,6,0,3800.0,2643.0,13981.0,0.0,1560.0,91.0,53.0,126.0,19740.0,120.0,76.0,65.0,110.0,1.0,420.0
23.07.21,4,6,0,7205.0,4892.0,22441.0,180.0,660.0,94.0,52.0,192.0,26280.0,120.0,69.0,55.0,96.0,2.0,1140.0
24.07.21,5,6,0,11320.0,7891.0,20455.0,3660.0,0.0,103.0,58.0,169.0,,,,,,,
25.07.21,6,6,0,8405.0,5998.0,14940.0,2100.0,720.0,96.0,50.0,179.0,27360.0,120.0,75.0,64.0,86.0,2.0,720.0
26.07.21,0,6,0,7101.0,4780.0,17282.0,60.0,0.0,100.0,67.0,206.0,,,,,,,
27.07.21,1,6,0,14930.0,10537.0,16442.0,5820.0,0.0,100.0,43.0,173.0,21660.0,120.0,72.0,55.0,82.0,5.0,2040.0
28.07.21,2,6,0,7460.0,5143.0,20823.0,1260.0,0.0,99.0,44.0,139.0,24540.0,240.0,83.0,72.0,136.0,4.0,1860.0
29.07.21,3,6,0,1065.0,726.0,3840.0,0.0,0.0,82.0,48.0,118.0,25800.0,240.0,80.0,71.0,94.0,6.0,1980.0
30.07.21,4,6,0,3408.0,2430.0,6122.0,1080.0,600.0,84.0,44.0,188.0,19020.0,120.0,71.0,57.0,83.0,1.0,960.0
31.07.21,5,6,0,10848.0,7460.0,23521.0,1860.0,0.0,102.0,48.0,206.0,,,,,,,
01.08.21,6,7,0,5131.0,3476.0,11820.0,660.0,0.0,91.0,47.0,196.0,,,,,,,
02.08.21,0,7,0,6746.0,4673.0,14580.0,1860.0,660.0,100.0,47.0,141.0,,,,,,,
03.08.21,1,7,0,5417.0,3617.0,12783.0,180.0,660.0,99.0,57.0,148.0,34080.0,120.0,83.0,51.0,161.0,3.0,900.0
04.08.21,2,7,0,1930.0,1355.0,8099.0,61.0,0.0,88.0,50.0,173.0,35220.0,120.0,81.0,65.0,99.0,6.0,3600.0
05.08.21,3,7,0,7341.0,4909.0,12842.0,1020.0,0.0,98.0,42.0,150.0,32580.0,120.0,75.0,63.0,148.0,5.0,4200.0
06.08.21,4,7,0,3907.0,2727.0,13202.0,480.0,0.0,95.0,67.0,138.0,19500.0,120.0,72.0,60.0,81.0,4.0,2040.0
07.08.21,5,7,0,12477.0,8728.0,26880.0,1981.0,900.0,103.0,55.0,152.0,,,,,,,
08.08.21,6,7,0,3466.0,2382.0,14880.0,0.0,0.0,92.0,48.0,192.0,18780.0,120.0,89.0,84.0,97.0,1.0,960.0
09.08.21,0,7,0,2005.0,1395.0,8281.0,0.0,0.0,95.0,66.0,118.0,37860.0,120.0,80.0,48.0,122.0,7.0,5760.0
10.08.21,1,7,0,4545.0,3092.0,14341.0,120.0,0.0,105.0,68.0,191.0,34800.0,120.0,78.0,72.0,90.0,2.0,960.0
11.08.21,2,7,0,2064.0,1449.0,10320.0,0.0,0.0,98.0,48.0,185.0,26880.0,120.0,77.0,67.0,106.0,4.0,2580.0
12.08.21,3,7,0,4575.0,3134.0,17822.0,60.0,660.0,96.0,54.0,159.0,19920.0,120.0,78.0,65.0,102.0,2.0,1140.0
13.08.21,4,7,0,3527.0,2434.0,11280.0,60.0,0.0,100.0,55.0,199.0,32340.0,120.0,79.0,66.0,112.0,2.0,1260.0
14.08.21,5,7,0,1920.0,1353.0,8640.0,0.0,0.0,102.0,53.0,203.0,34320.0,120.0,77.0,58.0,102.0,5.0,4620.0
15.08.21,6,7,0,8124.0,5618.0,24662.0,840.0,0.0,95.0,45.0,172.0,,,,,,,
16.08.21,0,7,0,2432.0,1667.0,10440.0,0.0,0.0,94.0,52.0,151.0,22800.0,120.0,85.0,72.0,120.0,1.0,300.0
17.08.21,1,7,0,3936.0,2687.0,14103.0,0.0,0.0,98.0,54.0,183.0,,,,,,,
18.08.21,2,7,0,6147.0,4130.0,17403.0,480.0,0.0,105.0,54.0,177.0,26640.0,120.0,75.0,67.0,86.0,1.0,960.0
19.08.21,3,7,0,2374.0,1627.0,11701.0,0.0,0.0,92.0,67.0,133.0,39240.0,180.0,78.0,51.0,104.0,2.0,2340.0
20.08.21,4,7,0,3478.0,2332.0,11040.0,0.0,0.0,95.0,42.0,124.0,25200.0,120.0,76.0,60.0,96.0,3.0,2100.0
21.08.21,5,7,0,5211.0,3581.0,18782.0,60.0,1021.0,87.0,56.0,139.0,,,,,,,
22.08.21,6,7,0,2430.0,1773.0,9240.0,180.0,0.0,93.0,48.0,194.0,28260.0,120.0,75.0,58.0,106.0,4.0,1860.0
23.08.21,0,7,0,6618.0,4581.0,21000.0,780.0,0.0,96.0,55.0,137.0,26220.0,120.0,75.0,64.0,110.0,5.0,2940.0
24.08.21,1,7,0,2526.0,1708.0,10140.0,60.0,0.0,90.0,44.0,132.0,27240.0,120.0,77.0,68.0,117.0,4.0,1680.0
25.08.21,2,7,0,3002.0,2034.0,13741.0,0.0,0.0,89.0,43.0,140.0,24240.0,120.0,78.0,56.0,103.0,2.0,900.0
26.08.21,3,7,0,8585.0,6205.0,13680.0,3540.0,660.0,94.0,45.0,148.0,29760.0,120.0,71.0,63.0,79.0,0.0,240.0
27.08.21,4,7,0,4494.0,3110.0,14580.0,600.0,0.0,84.0,51.0,132.0,19920.0,120.0,72.0,64.0,79.0,1.0,300.0
28.08.21,5,7,0,6752.0,4605.0,17041.0,360.0,1440.0,82.0,47.0,150.0,21180.0,120.0,68.0,57.0,78.0,2.0,600.0
29.08.21,6,7,0,1679.0,1219.0,9181.0,60.0,1380.0,75.0,38.0,100.0,27720.0,120.0,62.0,48.0,90.0,2.0,1260.0
30.08.21,0,7,0,3769.0,2545.0,14760.0,60.0,0.0,87.0,65.0,193.0,38280.0,120.0,58.0,48.0,102.0,2.0,1260.0
31.08.21,1,7,0,1931.0,1302.0,7921.0,0.0,0.0,85.0,61.0,122.0,,,,,,,
01.09.21,2,8,0,5656.0,3794.0,20522.0,120.0,0.0,100.0,46.0,157.0,29160.0,120.0,62.0,54.0,72.0,1.0,540.0
02.09.21,3,8,0,3334.0,2266.0,11760.0,360.0,0.0,90.0,50.0,190.0,30060.0,120.0,65.0,48.0,87.0,5.0,1680.0
03.09.21,4,8,0,3941.0,2665.0,14221.0,60.0,0.0,95.0,56.0,193.0,28980.0,120.0,69.0,51.0,101.0,0.0,120.0
04.09.21,5,8,0,8140.0,5580.0,21844.0,0.0,2040.0,98.0,51.0,161.0,23520.0,180.0,66.0,53.0,83.0,2.0,1020.0
05.09.21,6,8,0,8110.0,5719.0,20401.0,1800.0,0.0,104.0,43.0,146.0,24420.0,120.0,83.0,76.0,95.0,3.0,1560.0
06.09.21,0,8,0,5434.0,3575.0,18362.0,60.0,0.0,95.0,42.0,157.0,28680.0,120.0,77.0,65.0,92.0,5.0,2340.0
07.09.21,1,8,0,7078.0,4675.0,17221.0,240.0,0.0,95.0,63.0,151.0,27540.0,120.0,73.0,53.0,91.0,5.0,3720.0
08.09.21,2,8,0,6366.0,4207.0,16083.0,0.0,1140.0,90.0,72.0,131.0,30720.0,1140.0,72.0,54.0,131.0,4.0,4140.0
09.09.21,3,8,0,3645.0,2387.0,12119.0,0.0,0.0,83.0,45.0,121.0,24840.0,120.0,73.0,59.0,103.0,6.0,4020.0
10.09.21,4,8,0,4538.0,3071.0,12181.0,60.0,0.0,86.0,64.0,121.0,36480.0,120.0,69.0,57.0,101.0,8.0,3960.0
11.09.21,5,8,0,7438.0,4982.0,17161.0,480.0,0.0,88.0,44.0,154.0,18480.0,120.0,71.0,57.0,111.0,1.0,960.0
12.09.21,6,8,0,2710.0,1851.0,10861.0,0.0,0.0,106.0,65.0,174.0,24600.0,120.0,70.0,50.0,89.0,9.0,4320.0
13.09.21,0,8,0,2039.0,1590.0,10562.0,180.0,0.0,89.0,46.0,148.0,32700.0,120.0,70.0,54.0,119.0,3.0,2220.0
14.09.21,1,8,0,1832.0,1258.0,10260.0,0.0,0.0,89.0,47.0,140.0,32340.0,120.0,70.0,58.0,81.0,6.0,3000.0
15.09.21,2,8,0,4962.0,3324.0,12720.0,180.0,0.0,97.0,50.0,186.0,26280.0,180.0,71.0,57.0,80.0,4.0,3120.0
16.09.21,3,8,0,3312.0,2295.0,17880.0,0.0,960.0,93.0,53.0,151.0,28440.0,120.0,73.0,58.0,84.0,3.0,3180.0
17.09.21,4,8,0,2604.0,1766.0,9960.0,0.0,0.0,97.0,46.0,137.0,40620.0,120.0,68.0,52.0,82.0,2.0,1320.0
18.09.21,5,8,0,7650.0,5378.0,17161.0,2280.0,1620.0,93.0,57.0,168.0,14820.0,120.0,73.0,64.0,86.0,1.0,780.0
19.09.21,6,8,0,2796.0,1935.0,14280.0,0.0,0.0,97.0,57.0,134.0,17220.0,120.0,80.0,64.0,113.0,1.0,1500.0
20.09.21,0,8,0,4186.0,3000.0,14399.0,121.0,1200.0,85.0,47.0,114.0,20160.0,120.0,75.0,63.0,99.0,2.0,2340.0
21.09.21,1,8,0,3740.0,2788.0,9780.0,60.0,1920.0,93.0,54.0,171.0,25800.0,120.0,73.0,54.0,94.0,0.0,180.0
22.09.21,2,8,1,3792.0,2795.0,14400.0,0.0,2340.0,94.0,54.0,126.0,32160.0,120.0,73.0,64.0,106.0,2.0,960.0
23.09.21,3,8,1,7093.0,5065.0,14342.0,359.0,3780.0,96.0,54.0,178.0,28320.0,240.0,78.0,69.0,96.0,6.0,2880.0
24.09.21,4,8,1,3486.0,2553.0,10261.0,60.0,1500.0,94.0,53.0,175.0,,,,,,,
25.09.21,5,8,1,7496.0,5154.0,22381.0,360.0,780.0,100.0,55.0,150.0,27000.0,120.0,68.0,48.0,106.0,4.0,1200.0
26.09.21,6,8,1,1642.0,1136.0,1260.0,840.0,0.0,115.0,87.0,196.0,,,,,,,
27.09.21,0,8,1,2612.0,1933.0,10079.0,0.0,1680.0,94.0,52.0,148.0,,,,,,,
28.09.21,1,8,1,3376.0,2289.0,10980.0,0.0,0.0,86.0,58.0,129.0,34920.0,120.0,75.0,66.0,117.0,3.0,1680.0
29.09.21,2,8,1,3208.0,2220.0,13680.0,60.0,780.0,96.0,66.0,188.0,,,,,,,
30.09.21,3,8,1,2762.0,1988.0,10261.0,0.0,1380.0,84.0,45.0,130.0,26040.0,120.0,68.0,53.0,76.0,4.0,1680.0
01.10.21,4,9,1,4295.0,3110.0,12301.0,60.0,2820.0,,,,26040.0,120.0,73.0,58.0,105.0,3.0,780.0
02.10.21,5,9,1,4736.0,3275.0,18181.0,120.0,1980.0,104.0,55.0,194.0,27960.0,120.0,82.0,72.0,104.0,6.0,1620.0
03.10.21,6,9,1,4751.0,3232.0,15719.0,421.0,0.0,91.0,51.0,137.0,20220.0,120.0,86.0,74.0,114.0,0.0,1020.0
04.10.21,0,9,1,3316.0,2608.0,9840.0,0.0,6900.0,105.0,56.0,188.0,23100.0,120.0,73.0,55.0,80.0,3.0,1920.0
05.10.21,1,9,1,5778.0,4111.0,18181.0,900.0,0.0,97.0,47.0,138.0,26820.0,120.0,79.0,66.0,104.0,3.0,2160.0
06.10.21,2,9,1,3475.0,2435.0,14880.0,0.0,2160.0,100.0,87.0,129.0,26820.0,120.0,80.0,62.0,103.0,3.0,960.0
07.10.21,3,9,1,2384.0,1642.0,11040.0,0.0,600.0,97.0,65.0,170.0,20760.0,120.0,76.0,65.0,87.0,1.0,360.0
08.10.21,4,9,1,4097.0,2821.0,18960.0,60.0,540.0,96.0,46.0,157.0,27120.0,240.0,82.0,71.0,110.0,1.0,540.0
09.10.21,5,9,1,4668.0,3271.0,18180.0,360.0,600.0,,,,18840.0,120.0,86.0,45.0,113.0,0.0,120.0
10.10.21,6,9,1,10594.0,7368.0,16801.0,1080.0,2040.0,109.0,54.0,147.0,19380.0,120.0,89.0,81.0,99.0,1.0,360.0
11.10.21,0,9,1,2854.0,2046.0,13081.0,0.0,2700.0,108.0,53.0,197.0,41460.0,120.0,74.0,44.0,95.0,4.0,3240.0
12.10.21,1,9,1,3711.0,2609.0,13740.0,60.0,2280.0,105.0,50.0,185.0,27840.0,120.0,85.0,71.0,93.0,2.0,1140.0
13.10.21,2,9,1,3614.0,2446.0,12659.0,60.0,720.0,92.0,50.0,156.0,27360.0,120.0,84.0,73.0,110.0,3.0,1920.0
14.10.21,3,9,1,2827.0,1946.0,11701.0,0.0,0.0,88.0,43.0,145.0,36480.0,120.0,80.0,58.0,108.0,3.0,2100.0
15.10.21,4,9,1,6835.0,4777.0,16980.0,1380.0,0.0,94.0,53.0,127.0,27660.0,120.0,78.0,71.0,95.0,1.0,660.0
16.10.21,5,9,1,10455.0,7197.0,19619.0,2281.0,0.0,104.0,54.0,199.0,,,,,,,
17.10.21,6,9,1,5263.0,3606.0,15002.0,480.0,660.0,86.0,52.0,124.0,24240.0,180.0,84.0,70.0,93.0,2.0,1080.0
18.10.21,0,9,1,1988.0,1417.0,8883.0,0.0,780.0,93.0,53.0,171.0,,,,,,,
19.10.21,1,9,1,3278.0,2279.0,14161.0,60.0,600.0,94.0,52.0,153.0,26400.0,120.0,80.0,71.0,102.0,4.0,1920.0
20.10.21,2,9,1,3646.0,2473.0,15240.0,0.0,0.0,96.0,62.0,172.0,27300.0,240.0,78.0,67.0,111.0,0.0,240.0
21.10.21,3,9,1,3899.0,2856.0,14100.0,180.0,3900.0,95.0,50.0,172.0,28140.0,120.0,78.0,55.0,91.0,2.0,1500.0
22.10.21,4,9,1,4925.0,3645.0,13862.0,0.0,6299.0,105.0,59.0,178.0,,,,,,,
23.10.21,5,9,1,7073.0,5494.0,13500.0,240.0,6301.0,89.0,77.0,115.0,35940.0,240.0,76.0,62.0,106.0,4.0,1620.0
24.10.21,6,9,1,6561.0,4731.0,11462.0,1440.0,2161.0,98.0,46.0,176.0,27241.0,120.0,80.0,71.0,89.0,3.0,2459.0
25.10.21,0,9,1,10871.0,8271.0,12840.0,5640.0,1620.0,93.0,48.0,151.0,32460.0,120.0,72.0,52.0,93.0,2.0,1620.0
26.10.21,1,9,1,13502.0,10595.0,13381.0,8362.0,2940.0,100.0,45.0,175.0,,,,,,,
27.10.21,2,9,1,8975.0,6615.0,16020.0,3916.0,1920.0,87.0,49.0,184.0,27600.0,120.0,73.0,66.0,89.0,3.0,2160.0
28.10.21,3,9,1,9388.0,6761.0,15303.0,3420.0,0.0,87.0,44.0,198.0,29760.0,180.0,74.0,65.0,90.0,6.0,3780.0
29.10.21,4,9,1,5722.0,3981.0,11760.0,1620.0,0.0,81.0,53.0,143.0,20580.0,120.0,65.0,55.0,75.0,4.0,2400.0
30.10.21,5,9,1,4280.0,3077.0,6421.0,1620.0,0.0,93.0,49.0,124.0,,,,,,,
31.10.21,6,9,1,3534.0,3105.0,10921.0,1020.0,0.0,95.0,47.0,164.0,40440.0,120.0,72.0,42.0,89.0,2.0,1500.0
01.11.21,0,10,1,4689.0,3248.0,12601.0,660.0,2460.0,98.0,50.0,189.0,31140.0,120.0,80.0,59.0,95.0,4.0,2460.0
02.11.21,1,10,1,4113.0,2798.0,12961.0,120.0,0.0,94.0,55.0,176.0,29940.0,120.0,79.0,72.0,85.0,0.0,180.0
03.11.21,2,10,1,3583.0,2483.0,9721.0,360.0,960.0,90.0,45.0,190.0,29940.0,120.0,80.0,67.0,112.0,3.0,2280.0
04.11.21,3,10,1,4232.0,3071.0,12120.0,120.0,2880.0,104.0,63.0,188.0,24120.0,120.0,77.0,60.0,102.0,4.0,2760.0
05.11.21,4,10,1,4722.0,3382.0,16081.0,0.0,2400.0,94.0,47.0,186.0,,,,,,,
06.11.21,5,10,1,8612.0,6766.0,16441.0,420.0,3960.0,107.0,59.0,199.0,30660.0,120.0,76.0,40.0,116.0,2.0,1860.0
07.11.21,6,10,1,3355.0,2390.0,10860.0,120.0,2409.0,94.0,44.0,165.0,24600.0,120.0,90.0,77.0,105.0,0.0,240.0
08.11.21,0,10,1,3868.0,2862.0,11821.0,0.0,4072.0,77.0,69.0,82.0,33480.0,120.0,81.0,65.0,117.0,7.0,3120.0
09.11.21,1,10,1,3077.0,2195.0,12000.0,0.0,1195.0,97.0,47.0,187.0,28680.0,120.0,82.0,73.0,120.0,4.0,1800.0
10.11.21,2,10,1,4666.0,3248.0,9721.0,780.0,0.0,90.0,55.0,195.0,31140.0,120.0,84.0,75.0,95.0,5.0,3060.0
11.11.21,3,10,1,4737.0,7202.0,13623.0,0.0,840.0,95.0,48.0,182.0,28620.0,120.0,80.0,76.0,101.0,1.0,780.0
12.11.21,4,10,1,7936.0,5441.0,20162.0,360.0,1842.0,102.0,57.0,187.0,30540.0,120.0,76.0,64.0,94.0,2.0,1140.0
13.11.21,5,10,1,10571.0,7679.0,20460.0,960.0,1980.0,99.0,60.0,142.0,31860.0,120.0,80.0,67.0,122.0,4.0,2520.0
14.11.21,6,10,1,6713.0,4578.0,23822.0,0.0,0.0,98.0,53.0,129.0,32100.0,120.0,81.0,65.0,108.0,2.0,1020.0
15.11.21,0,10,1,3313.0,2442.0,9362.0,0.0,2400.0,99.0,76.0,170.0,26280.0,240.0,78.0,68.0,109.0,2.0,1680.0
16.11.21,1,10,1,2861.0,2021.0,12060.0,120.0,1500.0,,,,29820.0,120.0,77.0,65.0,109.0,5.0,1920.0
17.11.21,2,10,1,4140.0,3125.0,13200.0,120.0,2760.0,93.0,74.0,168.0,31020.0,120.0,78.0,70.0,97.0,4.0,3180.0
18.11.21,3,10,1,4540.0,3116.0,13499.0,180.0,1620.0,96.0,52.0,198.0,29700.0,120.0,75.0,66.0,102.0,4.0,2160.0
19.11.21,4,10,1,2465.0,1825.0,7501.0,240.0,1500.0,88.0,58.0,150.0,27420.0,120.0,74.0,68.0,82.0,1.0,660.0
20.11.21,5,10,1,6215.0,4193.0,20042.0,60.0,0.0,89.0,46.0,130.0,32400.0,180.0,70.0,55.0,88.0,1.0,1260.0
21.11.21,6,10,1,7676.0,5239.0,18900.0,660.0,720.0,,,,19860.0,120.0,70.0,59.0,78.0,0.0,300.0
22.11.21,0,10,1,3645.0,2510.0,13381.0,0.0,1800.0,88.0,59.0,183.0,29700.0,120.0,72.0,54.0,106.0,8.0,3720.0
23.11.21,1,10,1,6809.0,4808.0,11520.0,960.0,2100.0,,,,27000.0,360.0,,,,2.0,1680.0
24.11.21,2,10,1,3334.0,2505.0,11040.0,0.0,3420.0,88.0,56.0,172.0,28140.0,120.0,,,,4.0,1200.0
25.11.21,3,10,1,3989.0,2770.0,14340.0,60.0,1620.0,87.0,66.0,149.0,25080.0,180.0,73.0,60.0,82.0,1.0,780.0
26.11.21,4,10,1,4174.0,2861.0,13201.0,0.0,1620.0,88.0,58.0,200.0,22920.0,120.0,76.0,67.0,91.0,2.0,900.0
27.11.21,5,10,1,8934.0,6506.0,18958.0,782.0,3240.0,,,,19680.0,120.0,78.0,69.0,93.0,1.0,660.0
28.11.21,6,10,1,3032.0,2101.0,15000.0,0.0,600.0,91.0,45.0,152.0,21120.0,120.0,80.0,70.0,88.0,2.0,1080.0
29.11.21,0,10,1,7137.0,5100.0,12060.0,1440.0,2580.0,57.0,57.0,57.0,27599.0,180.0,81.0,75.0,101.0,3.0,1561.0
30.11.21,1,10,1,4595.0,3181.0,14701.0,60.0,2040.0,92.0,41.0,142.0,26700.0,120.0,72.0,56.0,83.0,2.0,1620.0
01.12.21,2,11,1,5740.0,4083.0,16620.0,900.0,1860.0,94.0,49.0,176.0,26280.0,180.0,74.0,67.0,81.0,3.0,2400.0
02.12.21,3,11,1,4172.0,3043.0,13500.0,960.0,0.0,77.0,66.0,87.0,33660.0,120.0,76.0,66.0,84.0,2.0,600.0
03.12.21,4,11,1,6822.0,4832.0,17160.0,120.0,3540.0,,,,11580.0,120.0,78.0,70.0,85.0,0.0,240.0
04.12.21,5,11,1,10582.0,7767.0,22261.0,1440.0,1800.0,95.0,42.0,150.0,25080.0,180.0,76.0,66.0,85.0,2.0,1380.0
05.12.21,6,11,1,2551.0,1768.0,13982.0,60.0,540.0,98.0,49.0,194.0,32040.0,120.0,81.0,68.0,113.0,1.0,1020.0
06.12.21,0,11,1,5386.0,3746.0,12601.0,540.0,1740.0,94.0,58.0,200.0,21420.0,120.0,74.0,67.0,82.0,2.0,1080.0
07.12.21,1,11,1,3283.0,2258.0,15180.0,0.0,0.0,94.0,43.0,161.0,30360.0,120.0,79.0,71.0,110.0,3.0,1500.0
08.12.21,2,11,1,4872.0,3423.0,13442.0,60.0,1620.0,91.0,40.0,144.0,18840.0,120.0,76.0,68.0,88.0,1.0,1380.0
09.12.21,3,11,1,2660.0,1961.0,10261.0,120.0,1981.0,92.0,45.0,197.0,26820.0,120.0,78.0,71.0,84.0,8.0,3720.0
10.12.21,4,11,1,5630.0,4000.0,11823.0,1439.0,0.0,,,,34440.0,180.0,79.0,51.0,113.0,7.0,2400.0
11.12.21,5,11,1,8574.0,5692.0,18901.0,1620.0,0.0,97.0,45.0,199.0,14400.0,120.0,81.0,71.0,87.0,3.0,1800.0
12.12.21,6,11,1,3618.0,2485.0,18542.0,0.0,0.0,93.0,56.0,150.0,35940.0,120.0,75.0,65.0,94.0,3.0,1980.0
13.12.21,0,11,1,2388.0,1667.0,10742.0,60.0,540.0,90.0,48.0,163.0,27480.0,120.0,75.0,40.0,96.0,4.0,3420.0
14.12.21,1,11,1,3958.0,2689.0,14581.0,0.0,0.0,90.0,43.0,125.0,40920.0,180.0,78.0,62.0,112.0,6.0,5580.0
15.12.21,2,11,1,4825.0,3367.0,14822.0,60.0,720.0,,,,29340.0,120.0,75.0,68.0,87.0,1.0,360.0
16.12.21,3,11,1,2777.0,2022.0,10320.0,60.0,2640.0,91.0,46.0,185.0,19620.0,120.0,80.0,67.0,110.0,3.0,1140.0
17.12.21,4,11,1,6015.0,4335.0,18781.0,1440.0,0.0,94.0,58.0,192.0,26880.0,180.0,78.0,59.0,104.0,2.0,900.0
18.12.21,5,11,1,6260.0,4512.0,10381.0,1259.0,60.0,91.0,45.0,190.0,,,,,,,
19.12.21,6,11,1,3555.0,2411.0,13367.0,60.0,0.0,88.0,45.0,164.0,24000.0,120.0,75.0,64.0,84.0,2.0,600.0
20.12.21,0,11,1,4578.0,3259.0,16322.0,300.0,2280.0,84.0,47.0,136.0,16440.0,120.0,67.0,58.0,80.0,4.0,1800.0
21.12.21,1,11,2,4324.0,3041.0,18600.0,360.0,0.0,81.0,53.0,179.0,18240.0,120.0,69.0,63.0,76.0,0.0,120.0
22.12.21,2,11,2,4893.0,3763.0,13441.0,720.0,3090.0,86.0,45.0,183.0,29220.0,120.0,74.0,61.0,170.0,3.0,1620.0
23.12.21,3,11,2,4220.0,2896.0,13981.0,120.0,0.0,85.0,43.0,171.0,18300.0,120.0,69.0,61.0,76.0,4.0,1080.0
24.12.21,4,11,2,5363.0,3698.0,20761.0,60.0,0.0,85.0,50.0,164.0,,,,,,,
25.12.21,5,11,2,4494.0,3106.0,27121.0,0.0,0.0,88.0,47.0,129.0,,,,,,,
26.12.21,6,11,2,,,,,,,,,35280.0,120.0,71.0,53.0,80.0,3.0,900.0
27.12.21,0,11,2,,,,,,,,,,,,,,,
28.12.21,1,11,2,,,,,,,,,,,,,,,
29.12.21,2,11,2,,,,,,,,,,,,,,,
30.12.21,3,11,2,,,,,,,,,,,,,,,
31.12.21,4,11,2,4617.0,3135.0,14280.0,60.0,0.0,103.0,52.0,142.0,,,,,,,
01.01.22,5,0,2,9324.0,6567.0,20700.0,240.0,2280.0,101.0,54.0,156.0,31440.0,120.0,83.0,75.0,108.0,3.0,1380.0
02.01.22,6,0,2,3421.0,2299.0,8520.0,0.0,0.0,94.0,64.0,153.0,24420.0,120.0,84.0,70.0,95.0,4.0,1740.0
03.01.22,0,0,2,,,,,,,,,31500.0,120.0,78.0,69.0,89.0,3.0,2760.0
04.01.22,1,0,2,3180.0,2199.0,12481.0,0.0,840.0,84.0,45.0,126.0,29580.0,120.0,77.0,67.0,97.0,4.0,2520.0
05.01.22,2,0,2,7165.0,4874.0,24839.0,60.0,0.0,97.0,46.0,138.0,29700.0,120.0,78.0,71.0,88.0,4.0,1800.0
06.01.22,3,0,2,6035.0,4161.0,20582.0,240.0,0.0,94.0,48.0,181.0,26880.0,120.0,75.0,68.0,90.0,3.0,1560.0
07.01.22,4,0,2,4706.0,3192.0,18841.0,120.0,0.0,96.0,61.0,190.0,,,,,,,
08.01.22,5,0,2,3220.0,2249.0,17701.0,0.0,0.0,88.0,46.0,125.0,31920.0,120.0,78.0,49.0,110.0,7.0,2400.0
09.01.22,6,0,2,3005.0,2085.0,19743.0,0.0,0.0,91.0,46.0,140.0,27180.0,120.0,81.0,70.0,107.0,2.0,660.0
10.01.22,0,0,2,3514.0,2442.0,11880.0,60.0,2100.0,97.0,46.0,188.0,22140.0,120.0,75.0,64.0,84.0,5.0,2580.0
11.01.22,1,0,2,3501.0,2461.0,15300.0,60.0,1740.0,93.0,49.0,171.0,30420.0,120.0,81.0,73.0,93.0,3.0,720.0
12.01.22,2,0,2,2674.0,1878.0,10380.0,180.0,1140.0,89.0,56.0,124.0,28500.0,180.0,80.0,69.0,115.0,2.0,900.0
13.01.22,3,0,2,3184.0,2294.0,10500.0,60.0,3180.0,86.0,44.0,170.0,25380.0,180.0,74.0,59.0,100.0,2.0,1200.0
14.01.22,4,0,2,4411.0,2970.0,13501.0,360.0,0.0,81.0,43.0,187.0,32400.0,120.0,76.0,68.0,113.0,2.0,1500.0
15.01.22,5,0,2,8290.0,5799.0,20461.0,2340.0,0.0,89.0,51.0,135.0,35340.0,120.0,68.0,57.0,110.0,4.0,2220.0
16.01.22,6,0,2,2686.0,1963.0,13802.0,0.0,1500.0,89.0,55.0,148.0,32640.0,120.0,73.0,58.0,91.0,6.0,2820.0
17.01.22,0,0,2,2546.0,1794.0,7860.0,0.0,2640.0,82.0,43.0,149.0,,,,,,,
18.01.22,1,0,2,2367.0,1732.0,7799.0,120.0,1560.0,87.0,56.0,106.0,27000.0,120.0,73.0,63.0,107.0,1.0,300.0
19.01.22,2,0,2,2537.0,1773.0,10440.0,0.0,540.0,92.0,40.0,125.0,26040.0,120.0,81.0,70.0,106.0,1.0,360.0
20.01.22,3,0,2,3102.0,2149.0,11280.0,0.0,780.0,,,,29280.0,120.0,79.0,71.0,88.0,0.0,120.0
21.01.22,4,0,2,3271.0,2304.0,13320.0,180.0,1800.0,89.0,45.0,158.0,31260.0,600.0,74.0,61.0,87.0,2.0,2100.0
22.01.22,5,0,2,3620.0,2633.0,14940.0,720.0,0.0,,,,35220.0,120.0,75.0,52.0,88.0,3.0,2160.0
23.01.22,6,0,2,1462.0,1011.0,7740.0,0.0,0.0,77.0,48.0,116.0,32940.0,120.0,69.0,57.0,85.0,4.0,1620.0
24.01.22,0,0,2,3403.0,2375.0,9661.0,60.0,1620.0,87.0,46.0,149.0,30060.0,180.0,68.0,54.0,79.0,2.0,660.0
25.01.22,1,0,2,5542.0,3798.0,13621.0,420.0,1560.0,,,,31620.0,720.0,71.0,59.0,99.0,2.0,1980.0
26.01.22,2,0,2,2811.0,1932.0,8762.0,0.0,1560.0,84.0,47.0,118.0,33360.0,120.0,70.0,56.0,82.0,4.0,1680.0
27.01.22,3,0,2,4039.0,2898.0,9540.0,540.0,2280.0,86.0,42.0,144.0,29820.0,120.0,68.0,58.0,84.0,2.0,780.0
28.01.22,4,0,2,5753.0,4299.0,10262.0,2160.0,1919.0,87.0,44.0,171.0,32640.0,120.0,74.0,66.0,92.0,5.0,2940.0
29.01.22,5,0,2,3115.0,2144.0,17821.0,60.0,960.0,90.0,46.0,151.0,29820.0,120.0,72.0,61.0,108.0,1.0,960.0
30.01.22,6,0,2,2671.0,1896.0,12780.0,60.0,2040.0,82.0,43.0,137.0,28980.0,120.0,68.0,53.0,82.0,4.0,2880.0
31.01.22,0,0,2,2721.0,2029.0,8640.0,60.0,2520.0,81.0,46.0,118.0,25380.0,120.0,73.0,51.0,175.0,1.0,540.0
01.02.22,1,1,2,3457.0,2347.0,11281.0,0.0,2280.0,89.0,44.0,151.0,30840.0,120.0,71.0,62.0,96.0,1.0,840.0
02.02.22,2,1,2,2577.0,1815.0,7860.0,0.0,1860.0,86.0,43.0,194.0,29880.0,120.0,72.0,61.0,91.0,0.0,120.0
03.02.22,3,1,2,4533.0,3164.0,13980.0,120.0,2100.0,99.0,62.0,135.0,31980.0,180.0,70.0,62.0,85.0,2.0,1320.0
04.02.22,4,1,2,6425.0,4717.0,10140.0,1860.0,1560.0,,,,39000.0,120.0,,,,2.0,1200.0
05.02.22,5,1,2,3405.0,2326.0,17400.0,0.0,2280.0,,,,24840.0,120.0,,,,2.0,900.0
06.02.22,6,1,2,3853.0,2617.0,11341.0,421.0,0.0,85.0,55.0,117.0,,,,,,,
07.02.22,0,1,2,3561.0,2444.0,11880.0,120.0,1200.0,90.0,50.0,149.0,31200.0,120.0,73.0,62.0,87.0,2.0,1140.0
08.02.22,1,1,2,6463.0,4426.0,11701.0,1500.0,1860.0,86.0,54.0,130.0,29160.0,120.0,76.0,61.0,90.0,3.0,1500.0
09.02.22,2,1,2,3815.0,2700.0,14341.0,240.0,1800.0,88.0,52.0,142.0,33060.0,120.0,76.0,55.0,107.0,2.0,540.0
10.02.22,3,1,2,3888.0,2734.0,22081.0,60.0,0.0,90.0,40.0,164.0,33420.0,120.0,70.0,53.0,107.0,4.0,3600.0
11.02.22,4,1,2,4666.0,3343.0,16200.0,420.0,1920.0,92.0,56.0,198.0,18660.0,120.0,69.0,58.0,96.0,2.0,1860.0
12.02.22,5,1,2,4692.0,3352.0,18363.0,60.0,60.0,84.0,41.0,127.0,28860.0,120.0,72.0,54.0,131.0,7.0,2460.0
13.02.22,6,1,2,6306.0,4434.0,14281.0,1800.0,0.0,,,,22740.0,180.0,67.0,53.0,78.0,2.0,900.0
14.02.22,0,1,2,1447.0,998.0,8400.0,0.0,0.0,85.0,46.0,124.0,31080.0,120.0,69.0,60.0,78.0,0.0,300.0
15.02.22,1,1,2,4054.0,2775.0,10561.0,660.0,2280.0,78.0,46.0,128.0,26520.0,120.0,71.0,62.0,103.0,2.0,1560.0
16.02.22,2,1,2,2180.0,1474.0,8100.0,0.0,0.0,78.0,52.0,167.0,29400.0,120.0,70.0,55.0,121.0,5.0,4080.0
17.02.22,3,1,2,3186.0,2181.0,17702.0,60.0,0.0,82.0,42.0,150.0,29640.0,120.0,67.0,51.0,143.0,1.0,2520.0
18.02.22,4,1,2,2461.0,1808.0,11641.0,0.0,1980.0,,,,31260.0,120.0,67.0,53.0,89.0,2.0,1500.0
19.02.22,5,1,2,4558.0,3196.0,14580.0,0.0,1980.0,81.0,49.0,125.0,17700.0,660.0,66.0,57.0,80.0,0.0,720.0
20.02.22,6,1,2,3889.0,2696.0,11520.0,540.0,1980.0,,,,,,,,,,
21.02.22,0,1,2,2708.0,1912.0,8160.0,120.0,1740.0,82.0,51.0,176.0,25560.0,120.0,64.0,55.0,73.0,2.0,720.0
22.02.22,1,1,2,3790.0,2596.0,17221.0,120.0,600.0,86.0,54.0,129.0,32460.0,180.0,66.0,54.0,81.0,4.0,2280.0
23.02.22,2,1,2,4933.0,3355.0,10981.0,601.0,1560.0,84.0,50.0,139.0,,,,,,,
24.02.22,3,1,2,3044.0,2160.0,10200.0,540.0,0.0,76.0,49.0,122.0,30180.0,120.0,62.0,50.0,81.0,1.0,720.0
25.02.22,4,1,2,6429.0,4581.0,13922.0,1260.0,3060.0,81.0,57.0,142.0,,,,,,,
26.02.22,5,1,2,4942.0,3552.0,17640.0,541.0,1620.0,77.0,40.0,128.0,17940.0,120.0,67.0,56.0,74.0,1.0,840.0
27.02.22,6,1,2,2292.0,1583.0,9541.0,0.0,0.0,85.0,48.0,173.0,35220.0,180.0,70.0,56.0,106.0,5.0,2520.0
28.02.22,0,1,2,4378.0,3166.0,9241.0,660.0,1859.0,83.0,67.0,102.0,26040.0,720.0,70.0,59.0,102.0,1.0,1380.0
01.03.22,1,2,2,3703.0,2635.0,18060.0,180.0,1800.0,87.0,59.0,139.0,26160.0,120.0,73.0,61.0,83.0,0.0,300.0
02.03.22,2,2,2,4138.0,2816.0,14160.0,60.0,0.0,90.0,52.0,139.0,31080.0,120.0,73.0,54.0,95.0,0.0,120.0
03.03.22,3,2,2,2466.0,1744.0,8640.0,60.0,1920.0,,,,29040.0,180.0,75.0,61.0,98.0,0.0,240.0
04.03.22,4,2,2,3111.0,2212.0,9601.0,180.0,1020.0,72.0,46.0,97.0,29400.0,120.0,62.0,48.0,75.0,1.0,660.0
05.03.22,5,2,2,7360.0,5124.0,19500.0,0.0,2760.0,95.0,45.0,163.0,16920.0,120.0,68.0,58.0,80.0,0.0,120.0
06.03.22,6,2,2,4899.0,3574.0,9361.0,1080.0,3300.0,94.0,47.0,154.0,,,,,,,
07.03.22,0,2,2,3053.0,2135.0,8821.0,240.0,1740.0,87.0,45.0,130.0,27960.0,120.0,70.0,56.0,78.0,0.0,120.0
08.03.22,1,2,2,2927.0,2052.0,14401.0,180.0,1680.0,91.0,55.0,144.0,45000.0,120.0,71.0,56.0,113.0,4.0,2340.0
09.03.22,2,2,2,3910.0,2787.0,13501.0,120.0,2040.0,86.0,56.0,188.0,29520.0,120.0,77.0,60.0,98.0,2.0,1620.0
10.03.22,3,2,2,3111.0,2108.0,11220.0,120.0,0.0,87.0,48.0,148.0,23400.0,120.0,72.0,55.0,83.0,1.0,660.0
11.03.22,4,2,2,3446.0,2393.0,14040.0,0.0,0.0,92.0,52.0,146.0,42840.0,120.0,71.0,58.0,88.0,5.0,3900.0
12.03.22,5,2,2,3277.0,2259.0,13560.0,0.0,1260.0,95.0,46.0,157.0,,,,,,,
13.03.22,6,2,2,7637.0,5434.0,16862.0,2581.0,0.0,92.0,47.0,162.0,15720.0,120.0,76.0,66.0,114.0,1.0,540.0
14.03.22,0,2,2,1359.0,937.0,7081.0,0.0,0.0,86.0,49.0,206.0,24600.0,120.0,88.0,72.0,129.0,1.0,480.0
15.03.22,1,2,2,3584.0,2460.0,16199.0,0.0,1380.0,83.0,43.0,133.0,24240.0,120.0,71.0,58.0,80.0,0.0,180.0
16.03.22,2,2,2,1957.0,1380.0,8100.0,0.0,600.0,82.0,44.0,130.0,44760.0,120.0,69.0,55.0,112.0,4.0,2100.0
17.03.22,3,2,2,1451.0,1051.0,5940.0,0.0,840.0,77.0,51.0,128.0,37200.0,120.0,69.0,54.0,90.0,6.0,2940.0
18.03.22,4,2,2,9512.0,6871.0,16560.0,3120.0,2160.0,65.0,60.0,71.0,34680.0,120.0,,,,5.0,2520.0
19.03.22,5,2,2,1922.0,1322.0,11461.0,0.0,0.0,81.0,59.0,108.0,,,,,,,
20.03.22,6,2,3,3491.0,2445.0,12302.0,240.0,0.0,74.0,45.0,103.0,22080.0,120.0,61.0,46.0,75.0,3.0,1500.0
21.03.22,0,2,3,2902.0,1964.0,16744.0,120.0,0.0,86.0,47.0,152.0,38040.0,120.0,58.0,50.0,72.0,1.0,960.0
22.03.22,1,2,3,5575.0,3834.0,9660.0,1260.0,1260.0,93.0,55.0,178.0,36720.0,240.0,64.0,55.0,77.0,2.0,1860.0
23.03.22,2,2,3,2150.0,1513.0,8700.0,120.0,540.0,86.0,68.0,170.0,33480.0,120.0,64.0,51.0,76.0,1.0,1080.0
24.03.22,3,2,3,1710.0,1187.0,9781.0,0.0,540.0,86.0,46.0,165.0,33000.0,120.0,68.0,54.0,109.0,4.0,1320.0
25.03.22,4,2,3,1854.0,1345.0,7200.0,0.0,1560.0,91.0,69.0,156.0,14520.0,120.0,75.0,60.0,92.0,1.0,480.0
26.03.22,5,2,3,5324.0,3951.0,19380.0,180.0,3780.0,92.0,47.0,184.0,,,,,,,
27.03.22,6,2,3,8106.0,5374.0,15060.0,1740.0,0.0,99.0,57.0,185.0,,,,,,,
28.03.22,0,2,3,4274.0,3077.0,9480.0,1080.0,0.0,76.0,54.0,120.0,27720.0,120.0,67.0,53.0,122.0,1.0,540.0
29.03.22,1,2,3,1948.0,1354.0,8102.0,0.0,0.0,79.0,60.0,137.0,25800.0,120.0,70.0,58.0,79.0,2.0,2040.0
30.03.22,2,2,3,2668.0,1825.0,10740.0,0.0,0.0,83.0,42.0,191.0,31080.0,120.0,64.0,53.0,94.0,0.0,120.0
31.03.22,3,2,3,2851.0,1964.0,9600.0,60.0,0.0,82.0,50.0,120.0,25800.0,120.0,66.0,53.0,75.0,0.0,120.0
01.04.22,4,3,3,7041.0,5524.0,11161.0,3840.0,720.0,88.0,50.0,176.0,28140.0,120.0,67.0,55.0,79.0,0.0,120.0
02.04.22,5,3,3,2679.0,1910.0,7500.0,480.0,0.0,,,,,,,,,,
03.04.22,6,3,3,5516.0,3799.0,12362.0,1440.0,0.0,99.0,48.0,193.0,,,,,,,
04.04.22,0,3,3,5356.0,3709.0,13861.0,779.0,840.0,86.0,48.0,129.0,16860.0,120.0,75.0,64.0,101.0,0.0,120.0
05.04.22,1,3,3,5795.0,4085.0,12901.0,1920.0,960.0,85.0,61.0,122.0,30840.0,240.0,75.0,64.0,83.0,0.0,240.0
06.04.22,2,3,3,4270.0,2878.0,14160.0,0.0,0.0,84.0,61.0,121.0,23460.0,180.0,77.0,63.0,106.0,1.0,780.0
07.04.22,3,3,3,6868.0,5171.0,13440.0,1920.0,840.0,88.0,51.0,141.0,,,,,,,
08.04.22,4,3,3,3970.0,2732.0,15000.0,0.0,0.0,81.0,61.0,137.0,29640.0,120.0,77.0,68.0,105.0,0.0,120.0
09.04.22,5,3,3,11402.0,8075.0,19981.0,3540.0,1020.0,,,,27840.0,180.0,74.0,61.0,97.0,1.0,840.0
10.04.22,6,3,3,4352.0,2892.0,12602.0,181.0,0.0,81.0,48.0,118.0,,,,,,,
11.04.22,0,3,3,5975.0,4157.0,12000.0,720.0,2040.0,89.0,55.0,169.0,31200.0,120.0,70.0,58.0,92.0,1.0,540.0
12.04.22,1,3,3,2773.0,1901.0,9360.0,0.0,660.0,81.0,44.0,137.0,29460.0,120.0,70.0,55.0,104.0,1.0,720.0
13.04.22,2,3,3,10364.0,7352.0,18240.0,2400.0,600.0,91.0,49.0,187.0,38100.0,120.0,68.0,50.0,93.0,2.0,1260.0
14.04.22,3,3,3,5597.0,3791.0,16468.0,840.0,0.0,81.0,53.0,164.0,30840.0,120.0,71.0,59.0,95.0,2.0,480.0
15.04.22,4,3,3,4814.0,3419.0,18241.0,60.0,900.0,82.0,59.0,127.0,,,,,,,
16.04.22,5,3,3,8985.0,6042.0,22921.0,660.0,0.0,98.0,65.0,195.0,,,,,,,
17.04.22,6,3,3,2889.0,1919.0,11821.0,0.0,0.0,78.0,50.0,125.0,35940.0,120.0,63.0,48.0,76.0,1.0,300.0
18.04.22,0,3,3,3331.0,2291.0,13309.0,120.0,1020.0,81.0,52.0,126.0,16740.0,840.0,72.0,64.0,99.0,2.0,1980.0
19.04.22,1,3,3,5943.0,4173.0,14340.0,780.0,0.0,78.0,56.0,154.0,32580.0,120.0,63.0,56.0,81.0,1.0,660.0
20.04.22,2,3,3,3215.0,2169.0,11641.0,0.0,0.0,84.0,40.0,158.0,30600.0,120.0,67.0,58.0,73.0,0.0,120.0
21.04.22,3,3,3,8944.0,6222.0,22141.0,120.0,3480.0,96.0,45.0,195.0,32820.0,480.0,66.0,54.0,84.0,1.0,900.0
06.07.21,1,6,0,4653.0,3525.0,6120.0,1380.0,0.0,71.0,56.0,113.0,26820.0,180.0,62.0,55.0,74.0,0.0,180.0
07.07.21,2,6,0,5575.0,4531.0,7020.0,2700.0,0.0,71.0,38.0,112.0,26160.0,120.0,59.0,51.0,67.0,0.0,120.0
08.07.21,3,6,0,13567.0,10908.0,10800.0,7140.0,0.0,75.0,41.0,182.0,25080.0,120.0,63.0,55.0,71.0,0.0,120.0
09.07.21,4,6,0,12940.0,9851.0,15241.0,2880.0,1080.0,72.0,46.0,130.0,22920.0,660.0,61.0,54.0,76.0,0.0,1440.0
10.07.21,5,6,0,7125.0,5285.0,17640.0,1800.0,0.0,67.0,59.0,82.0,11220.0,180.0,70.0,64.0,80.0,0.0,180.0
11.07.21,6,6,0,18261.0,13694.0,15181.0,9779.0,0.0,77.0,42.0,106.0,27840.0,120.0,63.0,53.0,73.0,1.0,900.0
12.07.21,0,6,0,8324.0,6340.0,10441.0,3360.0,0.0,71.0,40.0,115.0,23580.0,120.0,,,,0.0,120.0
13.07.21,1,6,0,5155.0,4061.0,9300.0,1800.0,0.0,70.0,46.0,118.0,30540.0,120.0,60.0,49.0,67.0,2.0,1800.0
14.07.21,2,6,0,5329.0,4157.0,8940.0,1620.0,0.0,68.0,44.0,115.0,32040.0,120.0,63.0,54.0,71.0,2.0,900.0
15.07.21,3,6,0,5108.0,3913.0,8160.0,1440.0,0.0,67.0,46.0,116.0,27840.0,540.0,59.0,53.0,78.0,0.0,540.0
16.07.21,4,6,0,10814.0,8179.0,20974.0,3901.0,0.0,78.0,52.0,125.0,25980.0,0.0,59.0,50.0,111.0,1.0,780.0
17.07.21,5,6,0,12488.0,8864.0,21540.0,1980.0,0.0,79.0,57.0,128.0,20820.0,120.0,64.0,57.0,72.0,1.0,420.0
18.07.21,6,6,0,13531.0,9594.0,29102.0,1921.0,0.0,78.0,42.0,163.0,21840.0,120.0,58.0,48.0,68.0,0.0,180.0
19.07.21,0,6,0,4299.0,3452.0,5040.0,2160.0,0.0,68.0,48.0,120.0,20700.0,480.0,66.0,61.0,76.0,0.0,480.0
20.07.21,1,6,0,8297.0,6297.0,8279.0,3061.0,0.0,73.0,53.0,120.0,30000.0,120.0,57.0,48.0,66.0,0.0,120.0
21.07.21,2,6,0,9988.0,7874.0,6600.0,6240.0,0.0,73.0,53.0,119.0,31680.0,120.0,61.0,50.0,108.0,1.0,1080.0
22.07.21,3,6,0,5677.0,4409.0,6061.0,2700.0,0.0,70.0,50.0,117.0,24420.0,120.0,60.0,53.0,66.0,0.0,120.0
23.07.21,4,6,0,6289.0,4646.0,9119.0,1921.0,0.0,71.0,49.0,109.0,26400.0,120.0,59.0,48.0,71.0,0.0,120.0
24.07.21,5,6,0,14953.0,11205.0,25081.0,3060.0,0.0,90.0,46.0,163.0,24720.0,120.0,59.0,53.0,76.0,0.0,600.0
25.07.21,6,6,0,12347.0,9417.0,10621.0,6180.0,60.0,78.0,49.0,118.0,31140.0,120.0,67.0,61.0,104.0,0.0,360.0
26.07.21,0,6,0,7195.0,5735.0,7981.0,3659.0,0.0,67.0,48.0,110.0,22740.0,120.0,57.0,51.0,95.0,1.0,720.0
27.07.21,1,6,0,6371.0,4948.0,9781.0,2100.0,0.0,,,,27300.0,120.0,57.0,51.0,68.0,0.0,120.0
28.07.21,2,6,0,4343.0,3425.0,8281.0,1260.0,0.0,67.0,43.0,108.0,25860.0,120.0,57.0,52.0,67.0,0.0,120.0
29.07.21,3,6,0,9998.0,8308.0,9480.0,5160.0,0.0,77.0,45.0,171.0,26700.0,120.0,56.0,50.0,64.0,0.0,120.0
30.07.21,4,6,0,12056.0,9179.0,14520.0,4500.0,0.0,75.0,42.0,202.0,25740.0,120.0,62.0,57.0,68.0,1.0,780.0
31.07.21,5,6,0,21589.0,17926.0,14639.0,13802.0,0.0,82.0,56.0,184.0,16140.0,120.0,66.0,62.0,86.0,1.0,2160.0
01.08.21,6,7,0,23347.0,18867.0,17341.0,13140.0,0.0,84.0,55.0,158.0,30900.0,240.0,63.0,55.0,93.0,0.0,420.0
02.08.21,0,7,0,30605.0,24085.0,15241.0,18720.0,0.0,84.0,42.0,154.0,26640.0,120.0,66.0,58.0,74.0,0.0,720.0
03.08.21,1,7,0,22240.0,17582.0,14520.0,11700.0,0.0,75.0,55.0,116.0,29640.0,120.0,62.0,55.0,75.0,0.0,120.0
04.08.21,2,7,0,20516.0,15708.0,20041.0,9301.0,600.0,76.0,52.0,156.0,16800.0,120.0,60.0,49.0,77.0,0.0,240.0
05.08.21,3,7,0,20062.0,15141.0,14461.0,10500.0,0.0,73.0,53.0,103.0,32160.0,120.0,63.0,57.0,73.0,0.0,180.0
06.08.21,4,7,0,24565.0,18681.0,16561.0,13020.0,0.0,78.0,52.0,186.0,25440.0,120.0,55.0,50.0,68.0,1.0,720.0
07.08.21,5,7,0,21569.0,15055.0,27123.0,5398.0,0.0,76.0,54.0,122.0,15540.0,120.0,59.0,50.0,74.0,0.0,120.0
08.08.21,6,7,0,13822.0,10591.0,14520.0,5881.0,0.0,70.0,45.0,118.0,25020.0,120.0,57.0,49.0,67.0,1.0,960.0
09.08.21,0,7,0,7565.0,5900.0,8580.0,3060.0,0.0,70.0,48.0,114.0,30240.0,240.0,58.0,49.0,73.0,2.0,1680.0
10.08.21,1,7,0,6224.0,4670.0,10980.0,1680.0,0.0,66.0,51.0,125.0,31800.0,120.0,60.0,47.0,71.0,0.0,120.0
11.08.21,2,7,0,4995.0,3802.0,10019.0,1081.0,0.0,66.0,40.0,106.0,25800.0,120.0,53.0,48.0,62.0,2.0,1380.0
12.08.21,3,7,0,5539.0,4084.0,11400.0,1740.0,0.0,72.0,49.0,110.0,25980.0,120.0,56.0,50.0,71.0,0.0,420.0
13.08.21,4,7,0,7985.0,6401.0,8700.0,3841.0,0.0,70.0,48.0,135.0,30960.0,120.0,60.0,50.0,70.0,0.0,660.0
14.08.21,5,7,0,20466.0,15796.0,21422.0,8639.0,1260.0,94.0,62.0,163.0,23820.0,240.0,65.0,54.0,77.0,0.0,660.0
15.08.21,6,7,0,6936.0,5043.0,22860.0,60.0,600.0,79.0,45.0,125.0,14760.0,120.0,62.0,51.0,76.0,0.0,540.0
16.08.21,0,7,0,3999.0,3189.0,7920.0,1260.0,60.0,69.0,47.0,164.0,31320.0,120.0,61.0,51.0,74.0,3.0,1980.0
17.08.21,1,7,0,4569.0,3656.0,6840.0,1800.0,0.0,77.0,53.0,131.0,29460.0,120.0,64.0,56.0,105.0,3.0,1920.0
18.08.21,2,7,0,8395.0,6445.0,9660.0,3480.0,0.0,71.0,55.0,115.0,26760.0,120.0,60.0,50.0,102.0,2.0,840.0
19.08.21,3,7,0,7906.0,6005.0,12542.0,3540.0,0.0,70.0,47.0,134.0,23820.0,120.0,68.0,61.0,77.0,1.0,720.0
20.08.21,4,7,0,11561.0,8729.0,14281.0,5519.0,0.0,76.0,45.0,154.0,22920.0,120.0,63.0,53.0,71.0,0.0,300.0
21.08.21,5,7,0,9608.0,7041.0,20581.0,2820.0,0.0,77.0,52.0,126.0,20640.0,120.0,63.0,55.0,70.0,0.0,120.0
22.08.21,6,7,0,12981.0,9724.0,12121.0,7860.0,0.0,80.0,46.0,146.0,28440.0,0.0,62.0,47.0,73.0,1.0,840.0
23.08.21,0,7,0,3944.0,3138.0,7802.0,1200.0,0.0,69.0,41.0,144.0,24480.0,120.0,62.0,58.0,70.0,0.0,180.0
24.08.21,1,7,0,6268.0,4945.0,7860.0,3180.0,0.0,72.0,48.0,113.0,35040.0,120.0,61.0,48.0,99.0,3.0,1980.0
25.08.21,2,7,0,6075.0,4692.0,14760.0,1860.0,0.0,81.0,55.0,117.0,24720.0,0.0,63.0,58.0,104.0,1.0,480.0
26.08.21,3,7,0,4646.0,3663.0,9300.0,1560.0,0.0,68.0,40.0,108.0,,,,,,,
27.08.21,4,7,0,13333.0,10071.0,23941.0,3661.0,0.0,81.0,43.0,159.0,26160.0,120.0,59.0,52.0,76.0,1.0,300.0
28.08.21,5,7,0,11186.0,8869.0,14397.0,7020.0,0.0,78.0,43.0,187.0,32880.0,120.0,,,,0.0,1260.0
29.08.21,6,7,0,17220.0,13373.0,13141.0,10620.0,900.0,74.0,49.0,115.0,20400.0,120.0,63.0,53.0,78.0,0.0,180.0
30.08.21,0,7,0,7655.0,5848.0,13562.0,1619.0,0.0,70.0,45.0,109.0,24960.0,120.0,56.0,50.0,63.0,0.0,120.0
31.08.21,1,7,0,5511.0,3998.0,11699.0,1201.0,0.0,68.0,53.0,112.0,28380.0,120.0,60.0,50.0,84.0,1.0,1260.0
01.09.21,2,8,0,5962.0,4812.0,8461.0,2940.0,0.0,66.0,46.0,110.0,25080.0,120.0,59.0,53.0,66.0,0.0,120.0
02.09.21,3,8,0,8117.0,6049.0,15719.0,1741.0,0.0,71.0,51.0,110.0,28140.0,120.0,56.0,48.0,66.0,1.0,540.0
03.09.21,4,8,0,18731.0,15916.0,21662.0,2460.0,6540.0,92.0,49.0,175.0,19680.0,120.0,66.0,60.0,83.0,0.0,420.0
04.09.21,5,8,0,12895.0,9503.0,22979.0,3781.0,0.0,81.0,50.0,127.0,17040.0,120.0,68.0,65.0,74.0,0.0,120.0
05.09.21,6,8,0,4312.0,3258.0,12660.0,1200.0,0.0,69.0,47.0,96.0,34440.0,300.0,54.0,47.0,72.0,0.0,360.0
06.09.21,0,8,0,5199.0,3992.0,9601.0,1500.0,0.0,67.0,41.0,138.0,25620.0,180.0,55.0,45.0,72.0,1.0,540.0
07.09.21,1,8,0,5346.0,3994.0,7322.0,1740.0,0.0,66.0,48.0,128.0,26160.0,120.0,54.0,47.0,78.0,1.0,480.0
08.09.21,2,8,0,4845.0,3577.0,8161.0,1259.0,0.0,65.0,52.0,103.0,26460.0,180.0,57.0,48.0,65.0,0.0,300.0
09.09.21,3,8,0,5493.0,4108.0,7620.0,1740.0,0.0,65.0,46.0,176.0,29760.0,120.0,56.0,50.0,89.0,0.0,2640.0
10.09.21,4,8,0,8181.0,6466.0,10982.0,3600.0,0.0,68.0,46.0,130.0,25500.0,0.0,55.0,48.0,62.0,0.0,60.0
11.09.21,5,8,0,18929.0,14924.0,13861.0,11340.0,0.0,73.0,45.0,118.0,21900.0,240.0,55.0,46.0,61.0,1.0,900.0
12.09.21,6,8,0,14291.0,10638.0,17101.0,6480.0,0.0,78.0,52.0,116.0,31800.0,120.0,62.0,52.0,75.0,1.0,1320.0
13.09.21,0,8,0,12869.0,10385.0,6421.0,8940.0,0.0,73.0,40.0,175.0,24600.0,120.0,58.0,48.0,71.0,0.0,120.0
14.09.21,1,8,0,8985.0,7035.0,9541.0,4559.0,0.0,71.0,43.0,146.0,29220.0,120.0,55.0,46.0,73.0,0.0,120.0
15.09.21,2,8,0,6506.0,5381.0,10860.0,3060.0,0.0,71.0,44.0,169.0,,,,,,,
16.09.21,3,8,0,9408.0,7154.0,10201.0,3600.0,60.0,76.0,51.0,160.0,25020.0,120.0,62.0,57.0,70.0,1.0,720.0
17.09.21,4,8,0,27573.0,21405.0,12242.0,18899.0,0.0,78.0,42.0,137.0,24780.0,120.0,59.0,53.0,67.0,0.0,120.0
18.09.21,5,8,0,21287.0,16752.0,10380.0,15960.0,3240.0,71.0,57.0,81.0,23880.0,300.0,60.0,50.0,77.0,0.0,600.0
19.09.21,6,8,0,17528.0,13647.0,10022.0,9239.0,360.0,73.0,47.0,152.0,32460.0,120.0,58.0,47.0,81.0,3.0,660.0
20.09.21,0,8,0,19901.0,16139.0,14461.0,10398.0,0.0,79.0,48.0,164.0,25920.0,120.0,60.0,52.0,74.0,1.0,600.0
21.09.21,1,8,0,7355.0,5719.0,11700.0,2879.0,0.0,68.0,47.0,112.0,19860.0,120.0,58.0,48.0,73.0,0.0,120.0
22.09.21,2,8,1,5125.0,3812.0,11999.0,1080.0,0.0,73.0,42.0,127.0,24960.0,120.0,58.0,51.0,63.0,0.0,960.0
23.09.21,3,8,1,7381.0,5906.0,10021.0,3540.0,0.0,69.0,48.0,116.0,22320.0,120.0,62.0,55.0,69.0,0.0,120.0
24.09.21,4,8,1,8861.0,6807.0,12240.0,3600.0,0.0,79.0,43.0,130.0,20280.0,180.0,66.0,57.0,80.0,0.0,180.0
25.09.21,5,8,1,13585.0,10578.0,20580.0,5700.0,0.0,78.0,45.0,130.0,27240.0,120.0,62.0,50.0,115.0,0.0,780.0
26.09.21,6,8,1,4332.0,3116.0,11522.0,1560.0,0.0,72.0,58.0,104.0,28020.0,120.0,65.0,59.0,87.0,1.0,1080.0
27.09.21,0,8,1,7347.0,5612.0,7320.0,3000.0,0.0,67.0,43.0,143.0,24720.0,120.0,58.0,48.0,73.0,0.0,120.0
28.09.21,1,8,1,7314.0,5761.0,8701.0,3180.0,0.0,65.0,50.0,112.0,31560.0,300.0,58.0,49.0,68.0,0.0,300.0
29.09.21,2,8,1,5934.0,4534.0,12600.0,1561.0,0.0,69.0,50.0,150.0,,,,,,,
30.09.21,3,8,1,6165.0,5017.0,7740.0,3000.0,0.0,64.0,37.0,123.0,25320.0,120.0,58.0,49.0,72.0,2.0,1260.0
01.10.21,4,9,1,8409.0,6651.0,16620.0,1980.0,60.0,68.0,48.0,126.0,27060.0,120.0,53.0,46.0,70.0,0.0,660.0
02.10.21,5,9,1,6075.0,4411.0,21664.0,900.0,0.0,68.0,45.0,112.0,15720.0,120.0,54.0,46.0,70.0,0.0,180.0
03.10.21,6,9,1,2185.0,1598.0,16263.0,0.0,0.0,65.0,46.0,82.0,28140.0,120.0,51.0,46.0,61.0,0.0,120.0
04.10.21,0,9,1,6951.0,5410.0,9841.0,2759.0,0.0,69.0,43.0,116.0,22980.0,120.0,54.0,49.0,68.0,0.0,240.0
05.10.21,1,9,1,7432.0,5763.0,11041.0,2819.0,0.0,67.0,46.0,114.0,31080.0,180.0,53.0,46.0,68.0,0.0,420.0
06.10.21,2,9,1,6290.0,5035.0,8221.0,2160.0,60.0,68.0,47.0,174.0,25560.0,120.0,56.0,48.0,65.0,0.0,360.0
07.10.21,3,9,1,7484.0,5791.0,10381.0,2520.0,0.0,76.0,42.0,171.0,20700.0,120.0,57.0,45.0,96.0,0.0,1260.0
08.10.21,4,9,1,6306.0,4906.0,12120.0,2280.0,0.0,68.0,43.0,174.0,30180.0,960.0,57.0,49.0,79.0,1.0,1620.0
09.10.21,5,9,1,12394.0,9031.0,24241.0,2160.0,0.0,73.0,48.0,102.0,25740.0,120.0,56.0,48.0,76.0,1.0,960.0
10.10.21,6,9,1,9487.0,7200.0,27663.0,2340.0,120.0,74.0,48.0,114.0,18000.0,120.0,61.0,50.0,101.0,1.0,720.0
11.10.21,0,9,1,11031.0,8449.0,12242.0,3540.0,360.0,65.0,43.0,112.0,25620.0,240.0,61.0,48.0,71.0,0.0,240.0
12.10.21,1,9,1,10152.0,7813.0,10741.0,4020.0,0.0,67.0,56.0,99.0,26880.0,720.0,57.0,45.0,89.0,0.0,720.0
13.10.21,2,9,1,12646.0,10606.0,7140.0,8940.0,0.0,68.0,45.0,154.0,24240.0,0.0,56.0,48.0,68.0,0.0,60.0
14.10.21,3,9,1,7090.0,5208.0,10200.0,2760.0,0.0,64.0,43.0,105.0,,,,,,,
15.10.21,4,9,1,9286.0,7031.0,11701.0,3540.0,0.0,68.0,45.0,184.0,28920.0,120.0,55.0,49.0,71.0,1.0,300.0
16.10.21,5,9,1,10785.0,7963.0,19500.0,2640.0,0.0,74.0,51.0,143.0,26640.0,120.0,59.0,50.0,72.0,0.0,960.0
17.10.21,6,9,1,13097.0,9727.0,17402.0,5878.0,0.0,71.0,41.0,115.0,29400.0,1260.0,58.0,46.0,72.0,0.0,1260.0
18.10.21,0,9,1,7235.0,5675.0,7201.0,3240.0,0.0,68.0,51.0,101.0,26160.0,120.0,55.0,49.0,69.0,0.0,240.0
19.10.21,1,9,1,6709.0,5556.0,8760.0,3300.0,0.0,66.0,46.0,109.0,30420.0,1860.0,54.0,46.0,79.0,1.0,2280.0
20.10.21,2,9,1,7170.0,5568.0,7139.0,3660.0,0.0,67.0,41.0,119.0,28260.0,120.0,65.0,56.0,94.0,0.0,360.0
21.10.21,3,9,1,5726.0,4640.0,9060.0,2700.0,0.0,67.0,47.0,116.0,26760.0,120.0,60.0,54.0,75.0,1.0,1560.0
22.10.21,4,9,1,10266.0,7740.0,16800.0,3122.0,0.0,72.0,46.0,105.0,26460.0,120.0,60.0,47.0,103.0,2.0,1800.0
23.10.21,5,9,1,15023.0,11414.0,6060.0,10020.0,60.0,73.0,53.0,136.0,31020.0,120.0,61.0,55.0,80.0,1.0,1020.0
24.10.21,6,9,1,16400.0,12531.0,17160.0,9240.0,0.0,76.0,49.0,180.0,29100.0,240.0,57.0,47.0,75.0,2.0,1680.0
25.10.21,0,9,1,5579.0,4222.0,13500.0,1260.0,0.0,69.0,41.0,107.0,28020.0,1140.0,61.0,53.0,72.0,1.0,2100.0
26.10.21,1,9,1,8648.0,6747.0,16140.0,2700.0,0.0,69.0,54.0,96.0,25620.0,120.0,57.0,52.0,64.0,0.0,540.0
27.10.21,2,9,1,7118.0,5414.0,12481.0,2340.0,0.0,66.0,45.0,97.0,23040.0,120.0,57.0,50.0,66.0,0.0,120.0
28.10.21,3,9,1,8027.0,6191.0,9120.0,3540.0,0.0,70.0,46.0,120.0,27660.0,120.0,64.0,56.0,72.0,0.0,120.0
29.10.21,4,9,1,7950.0,5537.0,15122.0,1080.0,0.0,65.0,48.0,101.0,26820.0,120.0,60.0,54.0,88.0,1.0,360.0
30.10.21,5,9,1,8291.0,6001.0,21361.0,479.0,0.0,72.0,44.0,121.0,28560.0,120.0,63.0,53.0,71.0,1.0,300.0
31.10.21,6,9,1,9828.0,6959.0,21060.0,540.0,0.0,74.0,55.0,123.0,29460.0,120.0,63.0,50.0,75.0,0.0,360.0
01.11.21,0,10,1,6332.0,4893.0,11102.0,2040.0,0.0,71.0,37.0,121.0,22380.0,120.0,59.0,54.0,70.0,1.0,360.0
02.11.21,1,10,1,8740.0,6711.0,11281.0,3660.0,0.0,74.0,46.0,115.0,22500.0,120.0,62.0,49.0,110.0,0.0,540.0
03.11.21,2,10,1,8603.0,6094.0,12000.0,1620.0,0.0,67.0,56.0,122.0,29760.0,120.0,62.0,48.0,70.0,0.0,120.0
04.11.21,3,10,1,5800.0,4315.0,11161.0,1740.0,0.0,66.0,44.0,172.0,26160.0,120.0,61.0,50.0,75.0,0.0,120.0
05.11.21,4,10,1,7419.0,5466.0,12480.0,1740.0,0.0,67.0,47.0,126.0,25140.0,120.0,59.0,51.0,72.0,0.0,120.0
06.11.21,5,10,1,5979.0,4377.0,14580.0,900.0,0.0,67.0,41.0,112.0,29100.0,120.0,60.0,52.0,75.0,0.0,120.0
07.11.21,6,10,1,14164.0,10494.0,16919.0,6720.0,0.0,68.0,53.0,138.0,28860.0,120.0,58.0,48.0,75.0,0.0,420.0
08.11.21,0,10,1,7506.0,5446.0,15062.0,1380.0,0.0,68.0,43.0,111.0,22020.0,120.0,56.0,47.0,73.0,0.0,120.0
09.11.21,1,10,1,7449.0,5843.0,9480.0,3719.0,0.0,67.0,41.0,98.0,24660.0,120.0,57.0,49.0,67.0,1.0,1261.0
10.11.21,2,10,1,6211.0,4881.0,9601.0,2641.0,0.0,66.0,41.0,111.0,29160.0,120.0,61.0,53.0,71.0,1.0,1440.0
11.11.21,3,10,1,6102.0,4861.0,9541.0,2220.0,0.0,69.0,42.0,108.0,28320.0,120.0,58.0,50.0,66.0,0.0,120.0
12.11.21,4,10,1,8007.0,6181.0,11820.0,3001.0,0.0,,,,27720.0,120.0,60.0,51.0,74.0,1.0,2280.0
13.11.21,5,10,1,16200.0,12280.0,17160.0,6900.0,0.0,72.0,45.0,127.0,22800.0,120.0,57.0,52.0,69.0,0.0,300.0
14.11.21,6,10,1,7784.0,5717.0,17221.0,1500.0,0.0,72.0,43.0,127.0,24240.0,120.0,56.0,51.0,75.0,3.0,2640.0
15.11.21,0,10,1,8729.0,6460.0,14040.0,2340.0,0.0,68.0,47.0,114.0,27120.0,120.0,59.0,53.0,68.0,0.0,360.0
16.11.21,1,10,1,7828.0,6281.0,10140.0,3300.0,0.0,64.0,48.0,124.0,25500.0,120.0,65.0,57.0,82.0,0.0,780.0
17.11.21,2,10,1,7305.0,5503.0,12481.0,2100.0,0.0,71.0,48.0,113.0,29580.0,120.0,63.0,52.0,98.0,1.0,1200.0
18.11.21,3,10,1,6326.0,4771.0,9660.0,2040.0,0.0,72.0,52.0,154.0,22740.0,120.0,63.0,51.0,77.0,2.0,480.0
19.11.21,4,10,1,12103.0,9366.0,15000.0,5039.0,0.0,77.0,46.0,130.0,34259.0,120.0,59.0,53.0,72.0,1.0,2041.0
20.11.21,5,10,1,9754.0,7067.0,20041.0,1980.0,0.0,63.0,48.0,89.0,24780.0,120.0,61.0,48.0,76.0,2.0,1380.0
21.11.21,6,10,1,7719.0,5922.0,18122.0,2280.0,0.0,77.0,68.0,102.0,29460.0,180.0,65.0,52.0,88.0,1.0,1620.0
22.11.21,0,10,1,8375.0,6391.0,10980.0,2641.0,0.0,70.0,45.0,175.0,25140.0,120.0,65.0,54.0,77.0,1.0,1020.0
23.11.21,1,10,1,9405.0,7116.0,15719.0,2461.0,0.0,73.0,43.0,172.0,27840.0,0.0,59.0,51.0,69.0,2.0,1380.0
24.11.21,2,10,1,5826.0,4316.0,11279.0,1500.0,0.0,68.0,45.0,131.0,23880.0,120.0,58.0,49.0,79.0,0.0,120.0
25.11.21,3,10,1,8480.0,6427.0,10920.0,3360.0,0.0,,,,25560.0,120.0,61.0,51.0,72.0,0.0,120.0
26.11.21,4,10,1,8163.0,6233.0,12300.0,2460.0,0.0,68.0,46.0,96.0,24420.0,120.0,61.0,55.0,83.0,0.0,600.0
27.11.21,5,10,1,13431.0,9885.0,21684.0,4740.0,0.0,82.0,51.0,125.0,33540.0,300.0,65.0,52.0,115.0,0.0,300.0
28.11.21,6,10,1,4108.0,3016.0,19622.0,60.0,0.0,,,,32820.0,120.0,67.0,57.0,87.0,0.0,180.0
29.11.21,0,10,1,6524.0,4917.0,11040.0,1860.0,0.0,69.0,40.0,118.0,23220.0,120.0,64.0,51.0,103.0,1.0,300.0
30.11.21,1,10,1,5642.0,4289.0,7380.0,2220.0,0.0,69.0,48.0,122.0,30600.0,120.0,62.0,51.0,77.0,0.0,120.0
01.12.21,2,11,1,8793.0,6796.0,11942.0,3840.0,0.0,69.0,44.0,132.0,,,,,,,
02.12.21,3,11,1,9066.0,7227.0,11760.0,3600.0,0.0,69.0,47.0,118.0,25680.0,0.0,65.0,60.0,73.0,0.0,0.0
03.12.21,4,11,1,10999.0,8300.0,19082.0,2640.0,0.0,80.0,55.0,181.0,30960.0,120.0,59.0,55.0,72.0,3.0,2100.0
04.12.21,5,11,1,9917.0,7545.0,13920.0,3300.0,0.0,75.0,44.0,149.0,29760.0,600.0,64.0,54.0,74.0,3.0,3840.0
05.12.21,6,11,1,3793.0,2789.0,20402.0,300.0,0.0,74.0,50.0,106.0,19620.0,120.0,,,,0.0,600.0
06.12.21,0,11,1,7630.0,5587.0,14460.0,1501.0,0.0,69.0,46.0,105.0,24600.0,120.0,59.0,50.0,102.0,0.0,240.0
07.12.21,1,11,1,9449.0,7251.0,12359.0,3540.0,0.0,77.0,41.0,143.0,33480.0,120.0,65.0,53.0,79.0,2.0,900.0
08.12.21,2,11,1,8781.0,6859.0,9180.0,3360.0,0.0,73.0,61.0,90.0,19860.0,120.0,65.0,58.0,73.0,0.0,120.0
09.12.21,3,11,1,8332.0,6806.0,15060.0,2760.0,120.0,74.0,59.0,90.0,25920.0,120.0,58.0,49.0,66.0,0.0,360.0
10.12.21,4,11,1,7416.0,5736.0,16260.0,1740.0,0.0,73.0,42.0,130.0,18000.0,120.0,64.0,51.0,111.0,0.0,1260.0
11.12.21,5,11,1,7873.0,5902.0,18659.0,1320.0,0.0,71.0,53.0,90.0,27780.0,120.0,61.0,54.0,73.0,0.0,180.0
12.12.21,6,11,1,7898.0,5812.0,14940.0,2340.0,0.0,70.0,51.0,187.0,22620.0,120.0,62.0,54.0,73.0,0.0,120.0
13.12.21,0,11,1,7118.0,5626.0,10621.0,2460.0,0.0,67.0,41.0,94.0,24660.0,120.0,58.0,51.0,79.0,1.0,1020.0
14.12.21,1,11,1,9458.0,7183.0,13740.0,2640.0,0.0,71.0,44.0,131.0,26340.0,180.0,62.0,50.0,90.0,1.0,360.0
15.12.21,2,11,1,6781.0,5763.0,5220.0,4380.0,0.0,67.0,43.0,125.0,31680.0,240.0,65.0,53.0,74.0,0.0,1440.0
16.12.21,3,11,1,7783.0,5884.0,10380.0,2640.0,0.0,73.0,45.0,107.0,28620.0,240.0,59.0,53.0,66.0,1.0,1500.0
17.12.21,4,11,1,3403.0,2566.0,9960.0,840.0,0.0,73.0,46.0,109.0,27480.0,120.0,65.0,61.0,72.0,0.0,480.0
18.12.21,5,11,1,11200.0,8804.0,15300.0,4200.0,60.0,85.0,58.0,129.0,33000.0,120.0,63.0,50.0,85.0,3.0,3600.0
19.12.21,6,11,1,5911.0,4605.0,18360.0,1680.0,0.0,73.0,48.0,114.0,30120.0,120.0,65.0,56.0,84.0,0.0,1560.0
20.12.21,0,11,1,7675.0,5790.0,10200.0,2400.0,0.0,66.0,47.0,140.0,24780.0,120.0,61.0,50.0,97.0,0.0,240.0
21.12.21,1,11,2,10203.0,8052.0,10920.0,4260.0,0.0,72.0,45.0,175.0,24780.0,120.0,59.0,49.0,74.0,1.0,1080.0
22.12.21,2,11,2,7082.0,5568.0,13260.0,2220.0,0.0,70.0,40.0,105.0,23040.0,120.0,62.0,52.0,69.0,0.0,120.0
23.12.21,3,11,2,4418.0,3212.0,15181.0,240.0,0.0,73.0,46.0,107.0,16080.0,120.0,68.0,53.0,97.0,0.0,780.0
24.12.21,4,11,2,5094.0,3697.0,21540.0,120.0,0.0,76.0,46.0,120.0,16020.0,120.0,67.0,60.0,78.0,0.0,780.0
25.12.21,5,11,2,5783.0,4243.0,17880.0,420.0,0.0,78.0,56.0,161.0,31140.0,120.0,65.0,51.0,75.0,1.0,540.0
26.12.21,6,11,2,4359.0,3187.0,16140.0,60.0,0.0,73.0,41.0,117.0,31260.0,120.0,60.0,53.0,69.0,1.0,1020.0
27.12.21,0,11,2,7276.0,5373.0,16800.0,1740.0,0.0,66.0,48.0,129.0,29940.0,180.0,61.0,51.0,90.0,1.0,1200.0
28.12.21,1,11,2,6033.0,4453.0,18480.0,540.0,0.0,72.0,51.0,113.0,29220.0,240.0,56.0,49.0,72.0,0.0,240.0
29.12.21,2,11,2,5509.0,4135.0,14942.0,720.0,0.0,69.0,45.0,123.0,28440.0,120.0,64.0,55.0,103.0,2.0,1980.0
30.12.21,3,11,2,11658.0,8735.0,13200.0,5280.0,0.0,68.0,47.0,144.0,27900.0,120.0,57.0,50.0,66.0,0.0,120.0
31.12.21,4,11,2,4125.0,3011.0,16022.0,0.0,0.0,71.0,45.0,103.0,28080.0,240.0,56.0,47.0,71.0,2.0,1500.0
01.01.22,5,0,2,8454.0,5932.0,18901.0,1260.0,0.0,75.0,45.0,146.0,25980.0,120.0,61.0,52.0,74.0,4.0,4140.0
02.01.22,6,0,2,7430.0,5047.0,14400.0,1079.0,0.0,71.0,48.0,211.0,30480.0,240.0,59.0,50.0,67.0,0.0,240.0
03.01.22,0,0,2,6102.0,0.0,0.0,0.0,0.0,75.0,49.0,118.0,26160.0,120.0,59.0,50.0,77.0,3.0,1380.0
04.01.22,1,0,2,6305.0,4499.0,15180.0,1200.0,0.0,72.0,50.0,123.0,30180.0,120.0,57.0,50.0,64.0,0.0,600.0
05.01.22,2,0,2,11090.0,8030.0,19320.0,1440.0,120.0,76.0,42.0,166.0,30060.0,1500.0,60.0,51.0,79.0,0.0,1500.0
06.01.22,3,0,2,3137.0,2314.0,11880.0,0.0,0.0,73.0,52.0,101.0,27360.0,120.0,65.0,53.0,76.0,2.0,1380.0
07.01.22,4,0,2,9401.0,6794.0,16741.0,2820.0,0.0,,,,31680.0,120.0,66.0,56.0,80.0,2.0,1020.0
08.01.22,5,0,2,10110.0,7852.0,16200.0,3182.0,0.0,81.0,63.0,108.0,29940.0,120.0,60.0,51.0,73.0,2.0,1080.0
09.01.22,6,0,2,6498.0,5106.0,11101.0,2340.0,0.0,72.0,53.0,114.0,29160.0,120.0,66.0,56.0,74.0,0.0,120.0
10.01.22,0,0,2,9453.0,7063.0,17940.0,2580.0,0.0,81.0,49.0,111.0,25980.0,120.0,63.0,56.0,71.0,2.0,1860.0
11.01.22,1,0,2,11265.0,8164.0,22801.0,2821.0,0.0,80.0,56.0,164.0,29460.0,120.0,62.0,55.0,80.0,1.0,3660.0
12.01.22,2,0,2,7994.0,5668.0,20281.0,1320.0,0.0,74.0,44.0,164.0,,,,,,,
13.01.22,3,0,2,8051.0,6092.0,10981.0,2820.0,0.0,76.0,45.0,119.0,28980.0,120.0,65.0,57.0,72.0,1.0,540.0
14.01.22,4,0,2,7168.0,5231.0,12481.0,1920.0,0.0,68.0,68.0,92.0,34200.0,120.0,65.0,58.0,78.0,1.0,1260.0
15.01.22,5,0,2,3108.0,2321.0,14041.0,120.0,0.0,71.0,52.0,137.0,32640.0,120.0,65.0,56.0,76.0,0.0,1020.0
16.01.22,6,0,2,6902.0,5354.0,9181.0,2460.0,60.0,70.0,41.0,94.0,32040.0,120.0,61.0,52.0,74.0,2.0,1740.0
17.01.22,0,0,2,7107.0,5684.0,11220.0,2640.0,0.0,68.0,44.0,168.0,23400.0,120.0,63.0,50.0,71.0,0.0,120.0
18.01.22,1,0,2,5900.0,4659.0,6901.0,2280.0,0.0,65.0,45.0,167.0,25980.0,120.0,60.0,55.0,73.0,1.0,300.0
19.01.22,2,0,2,10834.0,7922.0,12900.0,3180.0,0.0,75.0,44.0,161.0,33120.0,120.0,63.0,56.0,73.0,2.0,720.0
20.01.22,3,0,2,6963.0,5380.0,11401.0,2339.0,0.0,69.0,50.0,100.0,22920.0,240.0,63.0,55.0,69.0,1.0,900.0
21.01.22,4,0,2,10154.0,7724.0,14522.0,3059.0,0.0,70.0,41.0,114.0,29820.0,120.0,60.0,52.0,80.0,1.0,1260.0
22.01.22,5,0,2,13272.0,10194.0,15601.0,3960.0,120.0,81.0,58.0,133.0,30300.0,120.0,61.0,52.0,87.0,1.0,1080.0
23.01.22,6,0,2,9117.0,6652.0,26101.0,1020.0,0.0,79.0,42.0,133.0,18900.0,120.0,65.0,60.0,72.0,1.0,661.0
24.01.22,0,0,2,5633.0,4545.0,5760.0,2880.0,0.0,62.0,49.0,107.0,26580.0,120.0,62.0,54.0,92.0,0.0,540.0
25.01.22,1,0,2,4928.0,3958.0,9480.0,1860.0,0.0,65.0,53.0,83.0,33060.0,180.0,58.0,49.0,82.0,2.0,1680.0
26.01.22,2,0,2,5776.0,4229.0,7801.0,1620.0,0.0,65.0,44.0,105.0,26460.0,120.0,59.0,50.0,83.0,0.0,120.0
27.01.22,3,0,2,6239.0,4699.0,11520.0,1800.0,0.0,69.0,55.0,173.0,34260.0,120.0,54.0,48.0,63.0,2.0,1440.0
28.01.22,4,0,2,5721.0,4369.0,10260.0,1620.0,0.0,67.0,48.0,108.0,26640.0,180.0,56.0,45.0,79.0,0.0,900.0
29.01.22,5,0,2,7638.0,5864.0,17641.0,2160.0,0.0,,,,24660.0,240.0,53.0,47.0,70.0,1.0,840.0
30.01.22,6,0,2,13838.0,10516.0,9360.0,7860.0,0.0,68.0,47.0,150.0,17340.0,0.0,61.0,54.0,69.0,0.0,0.0
31.01.22,0,0,2,4702.0,3629.0,8400.0,1500.0,0.0,65.0,44.0,160.0,30600.0,240.0,52.0,48.0,60.0,1.0,2040.0
01.02.22,1,1,2,1067.0,790.0,4800.0,0.0,0.0,61.0,49.0,80.0,28500.0,120.0,55.0,47.0,100.0,1.0,960.0
02.02.22,2,1,2,7385.0,6020.0,8221.0,3120.0,0.0,70.0,54.0,115.0,24600.0,120.0,53.0,47.0,63.0,0.0,300.0
03.02.22,3,1,2,10200.0,7995.0,8220.0,4320.0,0.0,70.0,49.0,180.0,25620.0,0.0,58.0,49.0,75.0,0.0,0.0
04.02.22,4,1,2,11304.0,8510.0,9779.0,4620.0,0.0,70.0,45.0,168.0,25980.0,180.0,62.0,55.0,98.0,0.0,180.0
05.02.22,5,1,2,9292.0,6969.0,17642.0,1981.0,0.0,70.0,39.0,110.0,31620.0,120.0,58.0,53.0,68.0,0.0,120.0
06.02.22,6,1,2,20770.0,16106.0,12180.0,10440.0,60.0,79.0,43.0,179.0,22200.0,120.0,56.0,50.0,61.0,0.0,120.0
07.02.22,0,1,2,12480.0,10031.0,10020.0,6420.0,0.0,75.0,46.0,185.0,26520.0,120.0,58.0,54.0,72.0,1.0,660.0
08.02.22,1,1,2,9158.0,6802.0,15602.0,2279.0,0.0,77.0,47.0,118.0,30360.0,120.0,57.0,48.0,94.0,0.0,420.0
09.02.22,2,1,2,7176.0,5712.0,11280.0,2400.0,0.0,67.0,45.0,171.0,31980.0,120.0,60.0,49.0,70.0,3.0,1980.0
10.02.22,3,1,2,11218.0,8944.0,10141.0,6180.0,0.0,73.0,41.0,112.0,25860.0,120.0,62.0,54.0,108.0,3.0,1320.0
11.02.22,4,1,2,12454.0,9932.0,8580.0,6180.0,0.0,66.0,41.0,204.0,29160.0,120.0,56.0,50.0,62.0,1.0,600.0
12.02.22,5,1,2,635.0,467.0,3840.0,0.0,0.0,73.0,41.0,94.0,21240.0,0.0,57.0,50.0,66.0,0.0,0.0
13.02.22,6,1,2,13909.0,11046.0,8101.0,7440.0,0.0,76.0,56.0,134.0,28440.0,120.0,59.0,51.0,73.0,2.0,1680.0
14.02.22,0,1,2,9847.0,7966.0,6300.0,4800.0,0.0,70.0,47.0,206.0,30420.0,120.0,58.0,50.0,66.0,0.0,240.0
15.02.22,1,1,2,4710.0,3475.0,8160.0,1500.0,0.0,71.0,50.0,124.0,28980.0,120.0,59.0,54.0,73.0,2.0,1140.0
16.02.22,2,1,2,8874.0,6989.0,9000.0,3960.0,0.0,69.0,51.0,126.0,27960.0,120.0,62.0,50.0,74.0,2.0,1320.0
17.02.22,3,1,2,12074.0,9970.0,6060.0,6180.0,0.0,78.0,50.0,206.0,23940.0,120.0,63.0,51.0,73.0,0.0,360.0
18.02.22,4,1,2,14411.0,10812.0,11100.0,6060.0,0.0,71.0,41.0,107.0,27000.0,120.0,63.0,57.0,81.0,0.0,120.0
19.02.22,5,1,2,17010.0,14529.0,10440.0,9660.0,180.0,85.0,50.0,169.0,24480.0,120.0,63.0,56.0,82.0,0.0,1080.0
20.02.22,6,1,2,20599.0,16353.0,7678.0,11160.0,0.0,73.0,41.0,179.0,30780.0,120.0,62.0,54.0,76.0,1.0,1500.0
21.02.22,0,1,2,8547.0,6541.0,9000.0,3420.0,0.0,68.0,50.0,130.0,24000.0,120.0,63.0,57.0,81.0,1.0,1080.0
22.02.22,1,1,2,11859.0,9291.0,8881.0,5400.0,0.0,70.0,73.0,104.0,28560.0,120.0,58.0,52.0,65.0,1.0,900.0
23.02.22,2,1,2,6983.0,5379.0,7382.0,3179.0,0.0,66.0,46.0,113.0,29100.0,120.0,56.0,51.0,74.0,0.0,240.0
24.02.22,3,1,2,6082.0,4866.0,6901.0,2700.0,0.0,68.0,39.0,173.0,24780.0,120.0,58.0,48.0,99.0,1.0,1380.0
25.02.22,4,1,2,9836.0,7403.0,11639.0,3180.0,0.0,65.0,44.0,170.0,26220.0,120.0,53.0,48.0,61.0,4.0,3060.0
26.02.22,5,1,2,9441.0,6818.0,17281.0,2040.0,0.0,72.0,57.0,147.0,30780.0,120.0,57.0,49.0,98.0,2.0,960.0
27.02.22,6,1,2,5725.0,4239.0,20222.0,240.0,0.0,84.0,50.0,151.0,20460.0,120.0,57.0,51.0,69.0,0.0,300.0
28.02.22,0,1,2,2448.0,1746.0,6241.0,419.0,0.0,64.0,49.0,104.0,10680.0,120.0,56.0,50.0,64.0,2.0,720.0
01.03.22,1,2,2,4950.0,3408.0,8700.0,1140.0,0.0,61.0,49.0,86.0,22500.0,0.0,52.0,46.0,66.0,0.0,0.0
02.03.22,2,2,2,2364.0,1728.0,8101.0,300.0,0.0,63.0,49.0,119.0,30120.0,120.0,53.0,46.0,76.0,1.0,1380.0
03.03.22,3,2,2,9138.0,7286.0,10980.0,4740.0,0.0,65.0,42.0,115.0,28080.0,120.0,54.0,48.0,87.0,1.0,660.0
04.03.22,4,2,2,9953.0,7208.0,19864.0,1980.0,0.0,76.0,44.0,100.0,24600.0,120.0,54.0,47.0,63.0,1.0,660.0
05.03.22,5,2,2,4722.0,3309.0,10680.0,480.0,0.0,64.0,53.0,100.0,26100.0,120.0,59.0,55.0,70.0,0.0,480.0
06.03.22,6,2,2,2411.0,1755.0,13620.0,0.0,0.0,63.0,46.0,103.0,28560.0,120.0,54.0,48.0,63.0,0.0,600.0
07.03.22,0,2,2,6529.0,5121.0,6599.0,3780.0,0.0,62.0,48.0,117.0,27960.0,120.0,56.0,49.0,77.0,0.0,360.0
08.03.22,1,2,2,4440.0,3457.0,7260.0,1740.0,0.0,65.0,45.0,95.0,29100.0,120.0,55.0,48.0,62.0,0.0,120.0
09.03.22,2,2,2,5447.0,4038.0,6420.0,2400.0,0.0,63.0,44.0,86.0,26700.0,120.0,63.0,55.0,80.0,1.0,900.0
10.03.22,3,2,2,5046.0,3676.0,5341.0,1920.0,0.0,66.0,45.0,114.0,35160.0,120.0,62.0,53.0,71.0,1.0,1080.0
11.03.22,4,2,2,5296.0,3796.0,6780.0,1740.0,0.0,68.0,46.0,104.0,25860.0,120.0,57.0,51.0,70.0,1.0,2700.0
12.03.22,5,2,2,17033.0,12309.0,13321.0,9660.0,0.0,71.0,44.0,142.0,22920.0,120.0,65.0,58.0,77.0,0.0,900.0
13.03.22,6,2,2,7711.0,5918.0,10921.0,3600.0,0.0,70.0,47.0,106.0,29640.0,120.0,65.0,54.0,85.0,1.0,900.0
14.03.22,0,2,2,5052.0,3833.0,6900.0,1860.0,0.0,68.0,40.0,109.0,31860.0,120.0,59.0,53.0,88.0,0.0,120.0
15.03.22,1,2,2,14641.0,11317.0,11941.0,5580.0,60.0,68.0,48.0,135.0,26520.0,120.0,61.0,55.0,81.0,1.0,660.0
16.03.22,2,2,2,6714.0,4820.0,6662.0,2579.0,0.0,66.0,48.0,104.0,27900.0,120.0,70.0,61.0,104.0,1.0,1620.0
17.03.22,3,2,2,7584.0,6005.0,10381.0,3480.0,0.0,70.0,40.0,148.0,28560.0,120.0,62.0,56.0,72.0,1.0,1680.0
18.03.22,4,2,2,9070.0,6800.0,15541.0,2460.0,0.0,73.0,50.0,121.0,24780.0,120.0,67.0,57.0,98.0,0.0,480.0
19.03.22,5,2,2,16874.0,13338.0,27245.0,7079.0,0.0,84.0,56.0,134.0,25680.0,120.0,62.0,53.0,73.0,0.0,420.0
20.03.22,6,2,3,4736.0,3727.0,10201.0,2460.0,0.0,72.0,40.0,109.0,20760.0,120.0,63.0,57.0,72.0,0.0,360.0
21.03.22,0,2,3,10540.0,8217.0,11820.0,5160.0,0.0,67.0,52.0,85.0,26880.0,120.0,59.0,53.0,70.0,0.0,720.0
22.03.22,1,2,3,6992.0,5560.0,7082.0,4139.0,0.0,60.0,60.0,60.0,25500.0,120.0,55.0,50.0,71.0,2.0,780.0
23.03.22,2,2,3,6115.0,4531.0,8521.0,1620.0,0.0,69.0,42.0,160.0,30960.0,120.0,58.0,49.0,74.0,0.0,300.0
24.03.22,3,2,3,5689.0,4817.0,5161.0,3480.0,0.0,65.0,50.0,153.0,17880.0,120.0,67.0,60.0,76.0,0.0,480.0
25.03.22,4,2,3,13164.0,10233.0,13200.0,7080.0,0.0,67.0,41.0,128.0,27420.0,120.0,54.0,50.0,73.0,1.0,780.0
26.03.22,5,2,3,6013.0,4423.0,17224.0,540.0,0.0,86.0,47.0,142.0,22680.0,180.0,61.0,53.0,72.0,1.0,420.0
27.03.22,6,2,3,14435.0,9761.0,8521.0,8220.0,2580.0,75.0,46.0,139.0,28980.0,180.0,59.0,50.0,73.0,0.0,780.0
28.03.22,0,2,3,6279.0,5007.0,5400.0,3360.0,0.0,65.0,50.0,83.0,25620.0,120.0,57.0,51.0,71.0,1.0,780.0
29.03.22,1,2,3,11937.0,9678.0,8580.0,5700.0,0.0,68.0,44.0,157.0,26700.0,120.0,59.0,54.0,76.0,0.0,120.0
30.03.22,2,2,3,8087.0,6324.0,10620.0,2879.0,0.0,,,,32520.0,120.0,61.0,54.0,74.0,2.0,840.0
31.03.22,3,2,3,9759.0,7613.0,11221.0,4080.0,0.0,,,,22740.0,120.0,63.0,55.0,72.0,0.0,1020.0
01.04.22,4,3,3,5636.0,4551.0,6662.0,2280.0,0.0,67.0,46.0,147.0,28920.0,120.0,61.0,49.0,68.0,1.0,1800.0
02.04.22,5,3,3,6881.0,4964.0,20640.0,1140.0,0.0,72.0,49.0,127.0,26340.0,120.0,62.0,51.0,75.0,1.0,1620.0
03.04.22,6,3,3,14236.0,11531.0,8701.0,7320.0,2100.0,70.0,51.0,120.0,30360.0,120.0,60.0,54.0,69.0,1.0,720.0
04.04.22,0,3,3,7181.0,5761.0,6182.0,3601.0,0.0,67.0,43.0,126.0,24420.0,120.0,60.0,50.0,72.0,0.0,900.0
05.04.22,1,3,3,6648.0,5220.0,8220.0,2580.0,0.0,71.0,47.0,118.0,30360.0,300.0,56.0,50.0,63.0,2.0,1860.0
06.04.22,2,3,3,5914.0,4770.0,6360.0,2760.0,0.0,69.0,53.0,142.0,28500.0,240.0,59.0,50.0,67.0,0.0,240.0
07.04.22,3,3,3,7209.0,5634.0,8101.0,3301.0,0.0,66.0,46.0,113.0,25620.0,120.0,62.0,51.0,84.0,1.0,2400.0
08.04.22,4,3,3,12364.0,9455.0,11161.0,5819.0,0.0,71.0,45.0,193.0,24540.0,120.0,63.0,56.0,73.0,1.0,600.0
09.04.22,5,3,3,10470.0,7731.0,17279.0,3180.0,0.0,77.0,59.0,166.0,31260.0,120.0,63.0,57.0,87.0,2.0,1620.0
10.04.22,6,3,3,8472.0,6641.0,16141.0,2700.0,120.0,75.0,44.0,121.0,27600.0,180.0,59.0,51.0,72.0,0.0,720.0
11.04.22,0,3,3,6308.0,4986.0,7620.0,3120.0,0.0,65.0,44.0,125.0,25500.0,120.0,58.0,50.0,67.0,1.0,1140.0
12.04.22,1,3,3,10493.0,8808.0,5880.0,4200.0,713.0,62.0,42.0,109.0,26100.0,120.0,58.0,50.0,73.0,4.0,3360.0
13.04.22,2,3,3,9359.0,7354.0,13561.0,3360.0,0.0,71.0,43.0,130.0,29160.0,120.0,64.0,57.0,74.0,0.0,840.0
14.04.22,3,3,3,9049.0,7344.0,12780.0,4140.0,0.0,70.0,48.0,194.0,,,,,,,
15.04.22,4,3,3,27005.0,22826.0,17154.0,10079.0,9513.0,75.0,41.0,139.0,21600.0,120.0,65.0,57.0,83.0,1.0,1440.0
16.04.22,5,3,3,18233.0,12915.0,26639.0,6001.0,0.0,77.0,37.0,149.0,22200.0,120.0,67.0,62.0,91.0,0.0,240.0
17.04.22,6,3,3,27338.0,21273.0,20821.0,13500.0,1800.0,79.0,42.0,162.0,26040.0,120.0,62.0,55.0,81.0,0.0,120.0
18.04.22,0,3,3,26202.0,19793.0,21720.0,12899.0,0.0,71.0,47.0,109.0,28200.0,120.0,62.0,50.0,73.0,2.0,1020.0
19.04.22,1,3,3,13468.0,13171.0,13919.0,3180.0,1440.0,67.0,46.0,128.0,27300.0,120.0,58.0,49.0,67.0,0.0,600.0
20.04.22,2,3,3,11356.0,9868.0,10861.0,4619.0,300.0,66.0,47.0,122.0,29040.0,120.0,56.0,50.0,68.0,1.0,780.0
21.04.22,3,3,3,15741.0,12775.0,6900.0,9060.0,0.0,67.0,45.0,169.0,26400.0,120.0,56.0,48.0,73.0,2.0,1380.0
06.07.21,1,6,0,2854.0,2491.0,5099.0,960.0,0.0,79.0,59.0,116.0,26400.0,120.0,62.0,51.0,85.0,0.0,300.0
07.07.21,2,6,0,6016.0,5149.0,9060.0,1680.0,0.0,84.0,46.0,125.0,26400.0,120.0,62.0,51.0,85.0,0.0,300.0
08.07.21,3,6,0,5233.0,4385.0,7080.0,1680.0,0.0,82.0,55.0,116.0,19320.0,120.0,70.0,37.0,92.0,1.0,300.0
09.07.21,4,6,0,2741.0,2269.0,10982.0,120.0,0.0,85.0,49.0,131.0,37740.0,120.0,74.0,55.0,111.0,0.0,180.0
10.07.21,5,6,0,4057.0,3304.0,13321.0,120.0,0.0,91.0,51.0,191.0,27480.0,120.0,74.0,51.0,96.0,2.0,540.0
11.07.21,6,6,0,1629.0,1346.0,7260.0,0.0,0.0,83.0,47.0,169.0,28920.0,120.0,69.0,52.0,82.0,2.0,540.0
12.07.21,0,6,0,8501.0,7555.0,6121.0,4500.0,0.0,91.0,47.0,152.0,18300.0,120.0,73.0,62.0,101.0,5.0,1920.0
13.07.21,1,6,0,1298.0,1079.0,6000.0,0.0,0.0,85.0,68.0,109.0,32100.0,120.0,75.0,54.0,113.0,1.0,1320.0
14.07.21,2,6,0,4090.0,3295.0,10020.0,540.0,0.0,92.0,57.0,149.0,21960.0,120.0,75.0,62.0,99.0,0.0,720.0
15.07.21,3,6,0,6177.0,5182.0,11940.0,2040.0,0.0,90.0,45.0,116.0,38580.0,120.0,76.0,60.0,104.0,4.0,1740.0
16.07.21,4,6,0,3941.0,3210.0,12661.0,240.0,0.0,88.0,50.0,137.0,29640.0,120.0,74.0,62.0,95.0,2.0,1080.0
17.07.21,5,6,0,5406.0,4373.0,16200.0,420.0,0.0,91.0,68.0,122.0,28020.0,120.0,75.0,65.0,89.0,2.0,540.0
18.07.21,6,6,0,1830.0,1501.0,9481.0,0.0,0.0,88.0,69.0,114.0,27120.0,180.0,74.0,62.0,88.0,3.0,1020.0
19.07.21,0,6,0,2637.0,2163.0,7861.0,240.0,0.0,70.0,60.0,86.0,29700.0,120.0,74.0,60.0,90.0,0.0,120.0
20.07.21,1,6,0,2418.0,1998.0,8460.0,120.0,0.0,84.0,41.0,171.0,24420.0,120.0,74.0,63.0,89.0,1.0,900.0
21.07.21,2,6,0,5605.0,4595.0,8761.0,1860.0,0.0,93.0,51.0,140.0,26100.0,120.0,73.0,57.0,106.0,0.0,120.0
22.07.21,3,6,0,2724.0,2349.0,6781.0,900.0,0.0,91.0,74.0,135.0,28080.0,120.0,81.0,38.0,98.0,2.0,720.0
23.07.21,4,6,0,5668.0,4755.0,9481.0,1920.0,0.0,98.0,79.0,180.0,19740.0,120.0,88.0,79.0,110.0,4.0,1440.0
24.07.21,5,6,0,887.0,736.0,3780.0,0.0,0.0,90.0,66.0,114.0,29640.0,120.0,77.0,40.0,100.0,1.0,300.0
25.07.21,6,6,0,1036.0,843.0,3900.0,0.0,0.0,102.0,84.0,184.0,34320.0,120.0,92.0,76.0,114.0,5.0,3060.0
26.07.21,0,6,0,9259.0,7969.0,8999.0,4680.0,720.0,94.0,49.0,142.0,10740.0,120.0,83.0,78.0,92.0,2.0,480.0
27.07.21,1,6,0,1207.0,983.0,6300.0,0.0,0.0,91.0,58.0,143.0,12600.0,180.0,84.0,75.0,96.0,2.0,600.0
28.07.21,2,6,0,825.0,674.0,3840.0,0.0,0.0,86.0,74.0,101.0,31980.0,120.0,74.0,65.0,89.0,1.0,300.0
29.07.21,3,6,0,5303.0,4395.0,9419.0,1621.0,0.0,95.0,67.0,137.0,24180.0,120.0,72.0,53.0,100.0,0.0,120.0
30.07.21,4,6,0,4925.0,4423.0,10560.0,1920.0,0.0,71.0,61.0,84.0,27360.0,120.0,75.0,58.0,139.0,2.0,1080.0
31.07.21,5,6,0,3265.0,2661.0,7981.0,420.0,0.0,94.0,56.0,130.0,,,,,,,
01.08.21,6,7,0,10465.0,8974.0,9122.0,5280.0,0.0,73.0,55.0,101.0,28680.0,120.0,71.0,55.0,88.0,0.0,480.0
02.08.21,0,7,0,956.0,780.0,5280.0,0.0,0.0,82.0,58.0,107.0,28740.0,120.0,76.0,56.0,148.0,1.0,300.0
03.08.21,1,7,0,5148.0,4341.0,8760.0,1260.0,0.0,84.0,47.0,126.0,11940.0,120.0,73.0,58.0,94.0,1.0,1380.0
04.08.21,2,7,0,5166.0,4455.0,10440.0,1560.0,0.0,90.0,61.0,115.0,32580.0,120.0,70.0,50.0,89.0,0.0,960.0
05.08.21,3,7,0,5294.0,4452.0,7921.0,1680.0,0.0,90.0,63.0,191.0,27120.0,120.0,78.0,45.0,98.0,0.0,420.0
06.08.21,4,7,0,1834.0,1500.0,7260.0,60.0,0.0,87.0,54.0,193.0,26340.0,120.0,75.0,56.0,95.0,1.0,780.0
07.08.21,5,7,0,2620.0,2353.0,7981.0,720.0,0.0,92.0,52.0,132.0,32760.0,120.0,72.0,55.0,107.0,2.0,1260.0
08.08.21,6,7,0,1970.0,1612.0,7320.0,120.0,0.0,88.0,53.0,106.0,33720.0,120.0,76.0,50.0,101.0,1.0,300.0
09.08.21,0,7,0,4770.0,3863.0,7140.0,1500.0,0.0,87.0,61.0,160.0,17520.0,180.0,77.0,66.0,101.0,2.0,1080.0
10.08.21,1,7,0,3301.0,2687.0,10202.0,360.0,0.0,95.0,54.0,170.0,36060.0,120.0,79.0,68.0,96.0,6.0,3960.0
11.08.21,2,7,0,1644.0,1358.0,7500.0,0.0,0.0,85.0,43.0,180.0,22920.0,120.0,76.0,68.0,93.0,0.0,480.0
12.08.21,3,7,0,3684.0,2969.0,9421.0,360.0,0.0,90.0,52.0,185.0,22380.0,120.0,70.0,65.0,92.0,0.0,120.0
13.08.21,4,7,0,6004.0,4841.0,12420.0,1141.0,0.0,95.0,64.0,134.0,25020.0,120.0,67.0,56.0,88.0,0.0,660.0
14.08.21,5,7,0,9590.0,8033.0,16920.0,3240.0,0.0,107.0,66.0,160.0,20280.0,120.0,80.0,63.0,101.0,3.0,2040.0
15.08.21,6,7,0,3405.0,2750.0,10140.0,360.0,0.0,95.0,78.0,127.0,28860.0,120.0,77.0,60.0,99.0,2.0,3300.0
16.08.21,0,7,0,1443.0,1196.0,6061.0,0.0,0.0,85.0,70.0,121.0,19860.0,120.0,77.0,63.0,92.0,2.0,480.0
17.08.21,1,7,0,4168.0,3602.0,6720.0,1380.0,0.0,69.0,57.0,83.0,25140.0,120.0,72.0,52.0,99.0,4.0,1800.0
18.08.21,2,7,0,5335.0,4690.0,7620.0,2580.0,0.0,66.0,50.0,76.0,28920.0,120.0,67.0,50.0,95.0,1.0,840.0
19.08.21,3,7,0,4076.0,3517.0,7620.0,1500.0,0.0,92.0,62.0,137.0,24780.0,120.0,84.0,66.0,104.0,1.0,360.0
20.08.21,4,7,0,7169.0,6376.0,11340.0,2820.0,0.0,73.0,65.0,84.0,29580.0,120.0,75.0,65.0,90.0,4.0,1620.0
21.08.21,5,7,0,3484.0,2842.0,10560.0,360.0,0.0,94.0,50.0,133.0,28920.0,120.0,75.0,37.0,108.0,0.0,180.0
22.08.21,6,7,0,5759.0,4681.0,17160.0,300.0,0.0,98.0,48.0,168.0,24660.0,120.0,79.0,67.0,91.0,1.0,420.0
23.08.21,0,7,0,3125.0,2536.0,11403.0,0.0,0.0,88.0,59.0,110.0,31080.0,120.0,73.0,61.0,86.0,2.0,1500.0
24.08.21,1,7,0,2593.0,2117.0,8581.0,180.0,0.0,86.0,55.0,118.0,30120.0,120.0,73.0,65.0,95.0,1.0,420.0
25.08.21,2,7,0,4633.0,3691.0,13559.0,240.0,0.0,93.0,52.0,137.0,36240.0,120.0,68.0,51.0,83.0,3.0,1680.0
26.08.21,3,7,0,654.0,544.0,3180.0,60.0,0.0,85.0,55.0,125.0,24420.0,120.0,69.0,49.0,84.0,1.0,300.0
27.08.21,4,7,0,2395.0,2045.0,8401.0,360.0,0.0,84.0,55.0,110.0,29340.0,120.0,70.0,48.0,92.0,1.0,660.0
28.08.21,5,7,0,2228.0,1846.0,9960.0,0.0,0.0,89.0,73.0,103.0,37680.0,240.0,71.0,61.0,88.0,2.0,960.0
29.08.21,6,7,0,1950.0,1620.0,9001.0,0.0,0.0,86.0,57.0,100.0,29220.0,120.0,73.0,56.0,85.0,4.0,1980.0
30.08.21,0,7,0,883.0,730.0,4261.0,0.0,0.0,90.0,57.0,188.0,27480.0,120.0,76.0,66.0,104.0,1.0,600.0
31.08.21,1,7,0,4162.0,3391.0,12120.0,541.0,0.0,102.0,59.0,132.0,28620.0,120.0,75.0,63.0,101.0,3.0,1380.0
01.09.21,2,8,0,8452.0,6812.0,12060.0,2581.0,0.0,94.0,52.0,129.0,23100.0,120.0,76.0,54.0,110.0,5.0,1620.0
02.09.21,3,8,0,5714.0,5161.0,7441.0,2880.0,0.0,90.0,48.0,127.0,22200.0,120.0,71.0,53.0,100.0,2.0,900.0
03.09.21,4,8,0,5941.0,5056.0,11163.0,1860.0,0.0,89.0,41.0,186.0,25020.0,120.0,75.0,56.0,99.0,1.0,780.0
04.09.21,5,8,0,3898.0,3209.0,9719.0,1080.0,0.0,98.0,65.0,191.0,26220.0,120.0,72.0,61.0,93.0,0.0,120.0
05.09.21,6,8,0,,,,,,,,,33180.0,120.0,74.0,57.0,101.0,0.0,120.0
06.09.21,0,8,0,3520.0,3129.0,5820.0,1440.0,0.0,90.0,61.0,182.0,,,,,,,
07.09.21,1,8,0,3218.0,2604.0,9659.0,301.0,0.0,87.0,57.0,180.0,29340.0,120.0,77.0,65.0,98.0,1.0,300.0
08.09.21,2,8,0,653.0,540.0,4020.0,0.0,0.0,72.0,67.0,76.0,28860.0,120.0,71.0,58.0,87.0,4.0,2460.0
09.09.21,3,8,0,4283.0,3541.0,11702.0,900.0,0.0,95.0,58.0,118.0,24420.0,120.0,69.0,57.0,91.0,0.0,600.0
10.09.21,4,8,0,4705.0,4005.0,6300.0,2400.0,0.0,95.0,63.0,125.0,38400.0,120.0,78.0,56.0,106.0,2.0,900.0
11.09.21,5,8,0,3257.0,2615.0,8940.0,180.0,0.0,74.0,67.0,91.0,34680.0,120.0,77.0,53.0,105.0,4.0,1500.0
12.09.21,6,8,0,2839.0,2235.0,6360.0,240.0,0.0,90.0,68.0,112.0,31380.0,120.0,71.0,61.0,96.0,1.0,660.0
13.09.21,0,8,0,3283.0,3045.0,6660.0,1380.0,0.0,87.0,54.0,206.0,,,,,,,
14.09.21,1,8,0,620.0,513.0,3300.0,0.0,0.0,94.0,74.0,188.0,30240.0,120.0,76.0,59.0,108.0,0.0,120.0
15.09.21,2,8,0,3810.0,3287.0,6180.0,1260.0,0.0,90.0,50.0,114.0,27780.0,120.0,76.0,64.0,97.0,2.0,720.0
16.09.21,3,8,0,3090.0,2605.0,4979.0,1140.0,0.0,90.0,51.0,150.0,,,,,,,
17.09.21,4,8,0,1111.0,895.0,2700.0,120.0,0.0,87.0,34.0,117.0,31080.0,180.0,70.0,49.0,100.0,1.0,360.0
18.09.21,5,8,0,,,,,,,,,,,,,,,
19.09.21,6,8,0,,,,,,,,,,,,,,,
20.09.21,0,8,0,3669.0,3058.0,5340.0,1260.0,0.0,91.0,69.0,184.0,,,,,,,
21.09.21,1,8,0,988.0,853.0,1980.0,420.0,0.0,83.0,65.0,104.0,30480.0,120.0,76.0,67.0,88.0,0.0,120.0
22.09.21,2,8,1,899.0,752.0,4140.0,0.0,0.0,87.0,61.0,107.0,29460.0,120.0,69.0,34.0,87.0,0.0,120.0
23.09.21,3,8,1,5421.0,4689.0,8160.0,2100.0,0.0,97.0,52.0,132.0,21300.0,120.0,75.0,66.0,96.0,2.0,660.0
24.09.21,4,8,1,7666.0,6344.0,9301.0,2580.0,0.0,96.0,67.0,132.0,25320.0,120.0,75.0,62.0,105.0,2.0,480.0
25.09.21,5,8,1,2263.0,1855.0,8580.0,180.0,0.0,90.0,64.0,126.0,38400.0,120.0,72.0,53.0,92.0,3.0,960.0
26.09.21,6,8,1,1839.0,1503.0,7382.0,119.0,0.0,89.0,51.0,112.0,31560.0,240.0,71.0,60.0,95.0,1.0,660.0
27.09.21,0,8,1,4965.0,4231.0,7022.0,1860.0,0.0,93.0,70.0,193.0,21060.0,120.0,80.0,71.0,103.0,1.0,360.0
28.09.21,1,8,1,4387.0,3980.0,8881.0,1800.0,0.0,85.0,60.0,130.0,20940.0,120.0,73.0,54.0,88.0,2.0,660.0
29.09.21,2,8,1,4145.0,3632.0,8701.0,1380.0,0.0,92.0,49.0,194.0,23460.0,120.0,76.0,60.0,104.0,0.0,120.0
30.09.21,3,8,1,4715.0,3967.0,10260.0,1080.0,0.0,94.0,53.0,183.0,24300.0,120.0,77.0,66.0,102.0,1.0,540.0
01.10.21,4,9,1,6333.0,5727.0,8221.0,3240.0,0.0,92.0,48.0,140.0,23760.0,120.0,72.0,65.0,81.0,0.0,300.0
02.10.21,5,9,1,,,,,,,,,,,,,,,
03.10.21,6,9,1,,,,,,,,,,,,,,,
04.10.21,0,9,1,4704.0,4033.0,10323.0,1200.0,840.0,90.0,50.0,145.0,,,,,,,
05.10.21,1,9,1,4561.0,3885.0,8160.0,1380.0,0.0,86.0,59.0,113.0,25080.0,120.0,78.0,60.0,108.0,1.0,420.0
06.10.21,2,9,1,3787.0,3256.0,8160.0,1140.0,0.0,81.0,46.0,186.0,24300.0,120.0,74.0,57.0,91.0,2.0,600.0
07.10.21,3,9,1,5679.0,4898.0,8940.0,2040.0,0.0,81.0,38.0,110.0,23280.0,120.0,64.0,52.0,83.0,3.0,720.0
08.10.21,4,9,1,3824.0,3244.0,7320.0,900.0,0.0,80.0,54.0,114.0,25740.0,120.0,63.0,45.0,86.0,2.0,840.0
09.10.21,5,9,1,2432.0,1982.0,10500.0,60.0,0.0,86.0,76.0,90.0,30960.0,120.0,64.0,50.0,94.0,2.0,600.0
10.10.21,6,9,1,4209.0,3665.0,4260.0,2460.0,0.0,,,,34200.0,300.0,,,,1.0,1140.0
11.10.21,0,9,1,5498.0,4531.0,10982.0,1320.0,0.0,92.0,49.0,177.0,,,,,,,
12.10.21,1,9,1,4899.0,4051.0,8821.0,1260.0,0.0,89.0,58.0,180.0,,,,,,,
13.10.21,2,9,1,7618.0,6375.0,8822.0,3180.0,0.0,85.0,42.0,159.0,15300.0,180.0,79.0,72.0,97.0,1.0,780.0
14.10.21,3,9,1,6593.0,5517.0,13379.0,1681.0,0.0,86.0,57.0,178.0,31800.0,120.0,79.0,57.0,104.0,3.0,720.0
15.10.21,4,9,1,5202.0,4678.0,8522.0,2160.0,0.0,65.0,53.0,79.0,25740.0,120.0,66.0,51.0,98.0,0.0,120.0
16.10.21,5,9,1,1212.0,1004.0,6120.0,0.0,0.0,56.0,34.0,69.0,35580.0,120.0,65.0,33.0,97.0,2.0,660.0
17.10.21,6,9,1,2265.0,1850.0,10741.0,0.0,0.0,78.0,47.0,108.0,37260.0,120.0,61.0,46.0,84.0,2.0,720.0
18.10.21,0,9,1,3760.0,3321.0,9301.0,1260.0,0.0,77.0,50.0,111.0,23040.0,120.0,69.0,48.0,101.0,1.0,540.0
19.10.21,1,9,1,5537.0,4777.0,12301.0,1441.0,840.0,82.0,46.0,173.0,22980.0,120.0,70.0,57.0,92.0,1.0,780.0
20.10.21,2,9,1,3460.0,2811.0,6780.0,780.0,0.0,76.0,45.0,106.0,24360.0,120.0,89.0,80.0,108.0,3.0,1200.0
21.10.21,3,9,1,5872.0,4875.0,12240.0,1620.0,0.0,79.0,44.0,162.0,,,,,,,
22.10.21,4,9,1,5767.0,4832.0,12300.0,1260.0,960.0,86.0,58.0,178.0,20640.0,120.0,72.0,52.0,141.0,0.0,120.0
23.10.21,5,9,1,9094.0,7398.0,12960.0,3060.0,0.0,99.0,54.0,123.0,37080.0,120.0,71.0,48.0,100.0,6.0,2580.0
24.10.21,6,9,1,4609.0,3852.0,12422.0,1500.0,0.0,99.0,50.0,172.0,28260.0,120.0,75.0,55.0,97.0,2.0,480.0
25.10.21,0,9,1,7469.0,6262.0,12000.0,2819.0,0.0,88.0,53.0,177.0,27240.0,120.0,71.0,61.0,93.0,3.0,1560.0
26.10.21,1,9,1,5823.0,4954.0,12300.0,1560.0,0.0,88.0,64.0,125.0,21960.0,120.0,72.0,64.0,79.0,1.0,660.0
27.10.21,2,9,1,4276.0,3675.0,8460.0,1200.0,0.0,80.0,55.0,204.0,26160.0,120.0,69.0,50.0,124.0,1.0,360.0
28.10.21,3,9,1,4957.0,4394.0,8462.0,2040.0,0.0,80.0,55.0,172.0,21960.0,120.0,67.0,50.0,97.0,5.0,1080.0
29.10.21,4,9,1,5698.0,4680.0,13561.0,1260.0,0.0,39.0,34.0,45.0,28440.0,120.0,64.0,34.0,88.0,3.0,1080.0
30.10.21,5,9,1,3856.0,3119.0,10500.0,480.0,0.0,86.0,57.0,119.0,22800.0,120.0,81.0,61.0,99.0,1.0,480.0
31.10.21,6,9,1,7457.0,7135.0,15361.0,1740.0,0.0,60.0,50.0,75.0,36660.0,120.0,65.0,50.0,99.0,4.0,1440.0
01.11.21,0,10,1,5260.0,4670.0,8039.0,2101.0,0.0,87.0,50.0,108.0,19440.0,120.0,74.0,67.0,97.0,3.0,1020.0
02.11.21,1,10,1,5603.0,4916.0,11160.0,1980.0,0.0,91.0,59.0,134.0,21960.0,120.0,68.0,63.0,78.0,0.0,120.0
03.11.21,2,10,1,3383.0,3020.0,7920.0,1200.0,0.0,80.0,50.0,150.0,21360.0,120.0,77.0,64.0,97.0,2.0,600.0
04.11.21,3,10,1,4020.0,3275.0,8159.0,901.0,0.0,82.0,37.0,185.0,29220.0,120.0,68.0,50.0,99.0,2.0,960.0
05.11.21,4,10,1,1916.0,1540.0,4680.0,360.0,0.0,87.0,48.0,110.0,33180.0,120.0,65.0,37.0,92.0,4.0,1080.0
06.11.21,5,10,1,,,,,,,,,,,,,,,
07.11.21,6,10,1,,,,,,,,,,,,,,,
08.11.21,0,10,1,5265.0,4518.0,9350.0,1560.0,0.0,82.0,46.0,119.0,,,,,,,
09.11.21,1,10,1,4898.0,4326.0,9000.0,1500.0,0.0,85.0,39.0,112.0,22560.0,120.0,74.0,66.0,84.0,3.0,1440.0
10.11.21,2,10,1,4537.0,4029.0,7740.0,1620.0,0.0,82.0,41.0,133.0,21960.0,120.0,68.0,55.0,90.0,2.0,480.0
11.11.21,3,10,1,6849.0,5964.0,7321.0,3360.0,0.0,86.0,58.0,134.0,25680.0,120.0,75.0,56.0,97.0,3.0,1320.0
12.11.21,4,10,1,20337.0,18202.0,13981.0,12240.0,0.0,,,,14100.0,120.0,77.0,39.0,96.0,0.0,240.0
13.11.21,5,10,1,14050.0,11867.0,15242.0,5759.0,0.0,104.0,45.0,180.0,22080.0,120.0,88.0,73.0,103.0,4.0,1440.0
14.11.21,6,10,1,3904.0,3438.0,6540.0,1680.0,0.0,88.0,52.0,127.0,13980.0,120.0,81.0,68.0,98.0,1.0,480.0
15.11.21,0,10,1,4272.0,3635.0,7080.0,1260.0,0.0,86.0,64.0,170.0,25260.0,120.0,70.0,39.0,86.0,2.0,960.0
16.11.21,1,10,1,4842.0,4164.0,7380.0,1440.0,0.0,84.0,60.0,168.0,,,,,,,
17.11.21,2,10,1,4943.0,4050.0,11522.0,780.0,0.0,92.0,50.0,158.0,23640.0,120.0,70.0,54.0,93.0,3.0,900.0
18.11.21,3,10,1,4571.0,3904.0,7319.0,1561.0,0.0,87.0,68.0,176.0,23940.0,180.0,80.0,66.0,98.0,1.0,600.0
19.11.21,4,10,1,4023.0,3466.0,6421.0,1680.0,0.0,82.0,62.0,110.0,27600.0,120.0,70.0,43.0,95.0,2.0,1140.0
20.11.21,5,10,1,3537.0,2954.0,9781.0,360.0,0.0,63.0,51.0,80.0,36240.0,120.0,70.0,51.0,103.0,2.0,900.0
21.11.21,6,10,1,,,,,,,,,35760.0,120.0,62.0,47.0,94.0,1.0,300.0
22.11.21,0,10,1,3633.0,3202.0,6541.0,1200.0,0.0,80.0,54.0,114.0,,,,,,,
23.11.21,1,10,1,4658.0,3988.0,7379.0,1441.0,0.0,80.0,51.0,121.0,21660.0,120.0,66.0,47.0,79.0,0.0,360.0
24.11.21,2,10,1,6281.0,5340.0,13980.0,1080.0,1860.0,89.0,52.0,168.0,32820.0,120.0,66.0,41.0,97.0,3.0,1260.0
25.11.21,3,10,1,6405.0,5332.0,11761.0,1440.0,0.0,90.0,52.0,146.0,20640.0,120.0,83.0,75.0,94.0,3.0,1080.0
26.11.21,4,10,1,8065.0,6737.0,12301.0,2520.0,0.0,95.0,70.0,167.0,22380.0,120.0,77.0,65.0,98.0,0.0,300.0
27.11.21,5,10,1,1201.0,1003.0,5340.0,0.0,0.0,86.0,39.0,140.0,30480.0,120.0,78.0,60.0,96.0,6.0,3300.0
28.11.21,6,10,1,7797.0,7389.0,7980.0,1801.0,1140.0,93.0,54.0,174.0,28500.0,180.0,66.0,51.0,86.0,1.0,540.0
29.11.21,0,10,1,521.0,434.0,1500.0,60.0,0.0,,,,27600.0,120.0,,,,2.0,480.0
30.11.21,1,10,1,4413.0,3901.0,10141.0,1260.0,0.0,74.0,56.0,109.0,,,,,,,
01.12.21,2,11,1,5525.0,4823.0,9002.0,1980.0,0.0,75.0,52.0,108.0,21960.0,120.0,62.0,44.0,98.0,0.0,120.0
02.12.21,3,11,1,9242.0,7768.0,12962.0,2939.0,0.0,87.0,52.0,208.0,22440.0,120.0,59.0,46.0,75.0,2.0,1320.0
03.12.21,4,11,1,789.0,660.0,3480.0,0.0,0.0,78.0,63.0,148.0,24300.0,120.0,79.0,37.0,102.0,0.0,780.0
04.12.21,5,11,1,1308.0,1073.0,4200.0,180.0,0.0,79.0,44.0,113.0,29040.0,120.0,66.0,48.0,77.0,3.0,2160.0
05.12.21,6,11,1,2767.0,2292.0,9661.0,240.0,0.0,88.0,48.0,110.0,37140.0,120.0,64.0,54.0,77.0,2.0,2460.0
06.12.21,0,11,1,4865.0,4257.0,9001.0,1500.0,0.0,81.0,64.0,115.0,21660.0,120.0,67.0,50.0,77.0,0.0,120.0
07.12.21,1,11,1,9641.0,8068.0,10740.0,3960.0,0.0,88.0,46.0,165.0,25680.0,360.0,59.0,47.0,77.0,2.0,1020.0
08.12.21,2,11,1,5603.0,4952.0,8940.0,2220.0,0.0,78.0,46.0,108.0,20700.0,120.0,79.0,66.0,96.0,1.0,840.0
09.12.21,3,11,1,5261.0,4275.0,9120.0,1080.0,0.0,82.0,44.0,110.0,22500.0,120.0,72.0,65.0,96.0,3.0,1680.0
10.12.21,4,11,1,1847.0,1528.0,7440.0,0.0,0.0,78.0,46.0,114.0,29760.0,120.0,66.0,50.0,82.0,0.0,120.0
11.12.21,5,11,1,8599.0,7062.0,15779.0,1801.0,0.0,97.0,45.0,191.0,28620.0,120.0,69.0,48.0,100.0,2.0,1680.0
12.12.21,6,11,1,2338.0,1976.0,6420.0,300.0,0.0,80.0,61.0,116.0,40260.0,120.0,71.0,55.0,91.0,6.0,3120.0
13.12.21,0,11,1,891.0,744.0,3960.0,0.0,0.0,77.0,47.0,173.0,24060.0,120.0,69.0,58.0,112.0,0.0,120.0
14.12.21,1,11,1,4393.0,3835.0,8162.0,1619.0,0.0,80.0,48.0,129.0,28380.0,120.0,63.0,53.0,78.0,4.0,1260.0
15.12.21,2,11,1,4793.0,4167.0,7680.0,1500.0,0.0,83.0,54.0,108.0,24600.0,120.0,69.0,55.0,109.0,2.0,1140.0
16.12.21,3,11,1,8806.0,7466.0,10381.0,3539.0,0.0,89.0,57.0,178.0,24120.0,120.0,78.0,55.0,143.0,1.0,720.0
17.12.21,4,11,1,605.0,505.0,2940.0,0.0,0.0,74.0,51.0,91.0,23760.0,120.0,76.0,59.0,88.0,0.0,1380.0
18.12.21,5,11,1,6700.0,5478.0,17942.0,960.0,0.0,99.0,51.0,165.0,28920.0,120.0,62.0,50.0,77.0,0.0,600.0
19.12.21,6,11,1,3687.0,3016.0,10260.0,600.0,0.0,87.0,48.0,120.0,27600.0,120.0,79.0,57.0,104.0,4.0,3060.0
20.12.21,0,11,1,7908.0,6355.0,1683.0,4379.0,0.0,78.0,55.0,114.0,1980.0,120.0,72.0,67.0,79.0,0.0,120.0
21.12.21,1,11,2,7376.0,6740.0,8221.0,3420.0,0.0,86.0,52.0,189.0,23880.0,120.0,78.0,50.0,102.0,3.0,1020.0
22.12.21,2,11,2,6313.0,5169.0,9359.0,1981.0,0.0,95.0,58.0,165.0,23160.0,120.0,69.0,51.0,84.0,1.0,660.0
23.12.21,3,11,2,700.0,579.0,4080.0,0.0,0.0,83.0,56.0,110.0,30360.0,120.0,79.0,62.0,98.0,1.0,840.0
24.12.21,4,11,2,2174.0,1785.0,7560.0,120.0,0.0,,,,37560.0,180.0,66.0,53.0,93.0,1.0,780.0
25.12.21,5,11,2,1087.0,895.0,5160.0,0.0,0.0,,,,31380.0,120.0,62.0,33.0,79.0,3.0,1440.0
26.12.21,6,11,2,3897.0,3266.0,8641.0,1081.0,0.0,,,,31140.0,120.0,63.0,49.0,80.0,4.0,2040.0
27.12.21,0,11,2,1481.0,1219.0,8820.0,0.0,0.0,,,,33060.0,120.0,62.0,50.0,102.0,3.0,960.0
28.12.21,1,11,2,5670.0,4899.0,12720.0,1860.0,0.0,,,,28140.0,120.0,62.0,52.0,90.0,2.0,900.0
29.12.21,2,11,2,4284.0,3514.0,11763.0,421.0,0.0,,,,33120.0,180.0,64.0,49.0,81.0,3.0,1860.0
30.12.21,3,11,2,4863.0,3978.0,15482.0,360.0,0.0,,,,26400.0,120.0,64.0,44.0,134.0,4.0,1200.0
31.12.21,4,11,2,5639.0,4615.0,14520.0,720.0,540.0,,,,23220.0,120.0,67.0,56.0,94.0,0.0,420.0
01.01.22,5,0,2,1823.0,1537.0,7260.0,120.0,0.0,,,,23280.0,120.0,71.0,59.0,85.0,2.0,660.0
02.01.22,6,0,2,6891.0,5507.0,10980.0,1920.0,0.0,79.0,47.0,119.0,25920.0,120.0,65.0,49.0,100.0,2.0,1380.0
03.01.22,0,0,2,1751.0,1460.0,7681.0,0.0,0.0,74.0,34.0,89.0,26760.0,120.0,61.0,34.0,81.0,2.0,960.0
04.01.22,1,0,2,12619.0,10309.0,13740.0,4500.0,0.0,82.0,41.0,119.0,25440.0,120.0,60.0,51.0,90.0,1.0,540.0
05.01.22,2,0,2,1127.0,947.0,6600.0,0.0,0.0,68.0,50.0,90.0,32100.0,120.0,64.0,50.0,85.0,2.0,1020.0
06.01.22,3,0,2,2247.0,1840.0,7680.0,360.0,0.0,80.0,42.0,182.0,26760.0,120.0,62.0,53.0,73.0,1.0,840.0
07.01.22,4,0,2,6292.0,5216.0,14462.0,1439.0,0.0,61.0,50.0,83.0,29100.0,120.0,65.0,50.0,102.0,0.0,120.0
08.01.22,5,0,2,1794.0,1480.0,7440.0,120.0,0.0,70.0,39.0,107.0,31080.0,120.0,67.0,52.0,93.0,2.0,1140.0
09.01.22,6,0,2,1337.0,1103.0,5640.0,60.0,0.0,,,,22140.0,120.0,,,,0.0,420.0
10.01.22,0,0,2,2059.0,1670.0,5040.0,360.0,0.0,79.0,61.0,102.0,,,,,,,
11.01.22,1,0,2,5189.0,4243.0,9000.0,1500.0,0.0,88.0,54.0,167.0,26760.0,120.0,73.0,62.0,88.0,2.0,480.0
12.01.22,2,0,2,1384.0,1145.0,5400.0,60.0,0.0,80.0,43.0,101.0,28980.0,120.0,82.0,61.0,99.0,2.0,600.0
13.01.22,3,0,2,2354.0,1922.0,5941.0,419.0,0.0,83.0,55.0,114.0,26340.0,120.0,71.0,35.0,96.0,1.0,900.0
14.01.22,4,0,2,1403.0,1148.0,6060.0,60.0,0.0,78.0,51.0,103.0,33720.0,120.0,71.0,46.0,87.0,1.0,660.0
15.01.22,5,0,2,6655.0,5522.0,12781.0,1320.0,0.0,99.0,55.0,172.0,33660.0,120.0,64.0,49.0,91.0,0.0,120.0
16.01.22,6,0,2,1742.0,1459.0,6541.0,120.0,0.0,78.0,60.0,98.0,25560.0,180.0,71.0,61.0,93.0,1.0,360.0
17.01.22,0,0,2,2690.0,2318.0,6300.0,840.0,0.0,78.0,50.0,106.0,28500.0,120.0,66.0,53.0,96.0,0.0,300.0
18.01.22,1,0,2,3931.0,3183.0,9780.0,420.0,0.0,81.0,53.0,131.0,28680.0,120.0,69.0,54.0,90.0,1.0,780.0
19.01.22,2,0,2,737.0,610.0,4680.0,0.0,0.0,73.0,53.0,96.0,32100.0,120.0,70.0,63.0,82.0,1.0,360.0
20.01.22,3,0,2,11947.0,10192.0,6240.0,6480.0,0.0,81.0,52.0,141.0,32220.0,120.0,62.0,42.0,82.0,1.0,660.0
21.01.22,4,0,2,14970.0,12634.0,8820.0,7680.0,0.0,84.0,48.0,151.0,19620.0,120.0,80.0,61.0,93.0,2.0,1080.0
22.01.22,5,0,2,5045.0,4162.0,10680.0,1500.0,0.0,86.0,52.0,114.0,31620.0,120.0,74.0,64.0,85.0,1.0,660.0
23.01.22,6,0,2,12616.0,11669.0,14101.0,5520.0,540.0,96.0,55.0,190.0,29460.0,180.0,75.0,60.0,91.0,3.0,1020.0
24.01.22,0,0,2,11813.0,11789.0,4620.0,4380.0,1560.0,94.0,49.0,190.0,25440.0,120.0,76.0,61.0,94.0,2.0,840.0
25.01.22,1,0,2,1697.0,1395.0,6779.0,0.0,0.0,100.0,54.0,126.0,19800.0,120.0,87.0,80.0,111.0,1.0,300.0
26.01.22,2,0,2,7213.0,6048.0,3720.0,3360.0,0.0,91.0,54.0,176.0,36180.0,120.0,97.0,88.0,120.0,1.0,1020.0
27.01.22,3,0,2,9445.0,7636.0,4081.0,4980.0,0.0,84.0,47.0,164.0,34740.0,120.0,79.0,45.0,148.0,3.0,1140.0
28.01.22,4,0,2,2626.0,2165.0,8401.0,240.0,0.0,78.0,53.0,101.0,27360.0,300.0,80.0,71.0,148.0,4.0,2160.0
29.01.22,5,0,2,1459.0,1252.0,7320.0,0.0,0.0,75.0,45.0,94.0,37800.0,120.0,65.0,51.0,87.0,3.0,1440.0
30.01.22,6,0,2,1499.0,1241.0,7380.0,0.0,0.0,70.0,58.0,98.0,37800.0,120.0,60.0,50.0,78.0,2.0,660.0
31.01.22,0,0,2,1151.0,946.0,5460.0,0.0,0.0,67.0,35.0,90.0,31800.0,120.0,55.0,48.0,71.0,1.0,300.0
01.02.22,1,1,2,567.0,471.0,2640.0,0.0,0.0,65.0,44.0,166.0,33720.0,120.0,59.0,51.0,89.0,0.0,180.0
02.02.22,2,1,2,,,,,,,,,40560.0,120.0,57.0,47.0,77.0,5.0,3240.0
03.02.22,3,1,2,,,,,,,,,29700.0,120.0,54.0,45.0,86.0,1.0,300.0
04.02.22,4,1,2,675.0,554.0,4081.0,0.0,0.0,69.0,53.0,93.0,28920.0,120.0,57.0,47.0,77.0,1.0,780.0
05.02.22,5,1,2,1470.0,1230.0,5700.0,0.0,0.0,57.0,50.0,65.0,35760.0,120.0,59.0,49.0,82.0,1.0,420.0
06.02.22,6,1,2,8475.0,7503.0,13440.0,1500.0,780.0,59.0,58.0,63.0,29700.0,120.0,60.0,44.0,78.0,0.0,120.0
07.02.22,0,1,2,6000.0,5161.0,4801.0,2940.0,0.0,79.0,44.0,168.0,26880.0,120.0,72.0,56.0,101.0,2.0,480.0
08.02.22,1,1,2,3406.0,2759.0,8520.0,360.0,0.0,78.0,47.0,150.0,30900.0,120.0,73.0,54.0,100.0,3.0,2280.0
09.02.22,2,1,2,627.0,518.0,3000.0,0.0,0.0,73.0,50.0,166.0,24120.0,120.0,72.0,57.0,91.0,1.0,780.0
10.02.22,3,1,2,11188.0,9492.0,9060.0,5280.0,0.0,82.0,47.0,156.0,25080.0,120.0,68.0,57.0,88.0,1.0,360.0
11.02.22,4,1,2,10852.0,9058.0,11280.0,4680.0,0.0,85.0,56.0,186.0,17700.0,120.0,73.0,63.0,89.0,0.0,120.0
12.02.22,5,1,2,7692.0,6656.0,14400.0,3180.0,0.0,83.0,42.0,183.0,26880.0,120.0,71.0,46.0,94.0,0.0,120.0
13.02.22,6,1,2,4188.0,3577.0,4440.0,2040.0,0.0,79.0,58.0,116.0,34140.0,120.0,68.0,51.0,131.0,0.0,960.0
14.02.22,0,1,2,7570.0,6227.0,11160.0,3120.0,0.0,82.0,45.0,143.0,22380.0,120.0,67.0,55.0,76.0,0.0,120.0
15.02.22,1,1,2,7036.0,6330.0,8460.0,2640.0,240.0,81.0,49.0,175.0,20160.0,120.0,70.0,57.0,80.0,1.0,480.0
16.02.22,2,1,2,14668.0,13472.0,7980.0,10605.0,0.0,79.0,53.0,159.0,29460.0,120.0,66.0,57.0,84.0,3.0,1020.0
17.02.22,3,1,2,6718.0,5542.0,13740.0,1200.0,0.0,77.0,48.0,112.0,18600.0,180.0,74.0,65.0,101.0,0.0,180.0
18.02.22,4,1,2,4528.0,3894.0,11641.0,1019.0,1560.0,82.0,47.0,143.0,30000.0,120.0,62.0,50.0,82.0,2.0,1440.0
19.02.22,5,1,2,6503.0,5312.0,14040.0,2220.0,0.0,87.0,46.0,126.0,25380.0,180.0,71.0,51.0,87.0,2.0,720.0
20.02.22,6,1,2,7843.0,6401.0,11160.0,3000.0,960.0,78.0,50.0,153.0,25860.0,120.0,,,,3.0,1620.0
21.02.22,0,1,2,6479.0,5764.0,9300.0,1560.0,3480.0,76.0,48.0,144.0,27360.0,120.0,68.0,49.0,88.0,4.0,1380.0
22.02.22,1,1,2,15169.0,12773.0,8760.0,7980.0,0.0,76.0,49.0,157.0,22320.0,120.0,65.0,49.0,85.0,0.0,240.0
23.02.22,2,1,2,5524.0,4861.0,11400.0,1620.0,3540.0,73.0,39.0,144.0,23700.0,120.0,63.0,50.0,86.0,1.0,300.0
24.02.22,3,1,2,6146.0,5325.0,11940.0,1740.0,0.0,79.0,45.0,121.0,17880.0,120.0,68.0,53.0,79.0,0.0,180.0
25.02.22,4,1,2,8182.0,6817.0,10621.0,2880.0,1260.0,82.0,41.0,149.0,24960.0,120.0,69.0,62.0,83.0,3.0,1080.0
26.02.22,5,1,2,6423.0,6201.0,7021.0,3360.0,3720.0,89.0,50.0,178.0,30060.0,120.0,73.0,56.0,98.0,1.0,1320.0
27.02.22,6,1,2,6969.0,5878.0,10861.0,1920.0,1020.0,86.0,68.0,164.0,27000.0,120.0,73.0,56.0,92.0,3.0,720.0
28.02.22,0,1,2,12722.0,10806.0,8280.0,6060.0,1320.0,75.0,47.0,136.0,24480.0,120.0,65.0,51.0,81.0,0.0,180.0
01.03.22,1,2,2,9850.0,8565.0,8640.0,3420.0,2760.0,79.0,50.0,127.0,20220.0,120.0,66.0,52.0,89.0,1.0,900.0
02.03.22,2,2,2,8999.0,7743.0,12600.0,3240.0,0.0,79.0,44.0,199.0,27240.0,120.0,57.0,47.0,87.0,2.0,1140.0
03.03.22,3,2,2,6238.0,5350.0,11580.0,1800.0,600.0,73.0,42.0,140.0,25620.0,120.0,64.0,50.0,81.0,2.0,480.0
04.03.22,4,2,2,15556.0,12786.0,12000.0,8100.0,0.0,78.0,48.0,133.0,25320.0,120.0,63.0,51.0,92.0,2.0,1200.0
05.03.22,5,2,2,12579.0,11233.0,8280.0,9488.0,0.0,85.0,50.0,151.0,,,,,,,
06.03.22,6,2,2,10562.0,9154.0,11100.0,9000.0,0.0,85.0,54.0,141.0,24120.0,120.0,67.0,52.0,76.0,0.0,120.0
07.03.22,0,2,2,6721.0,5870.0,10799.0,2280.0,2760.0,75.0,45.0,135.0,24660.0,120.0,64.0,50.0,97.0,2.0,720.0
08.03.22,1,2,2,8337.0,7089.0,15840.0,2100.0,0.0,93.0,61.0,152.0,22080.0,120.0,78.0,59.0,96.0,3.0,1800.0
09.03.22,2,2,2,10692.0,9077.0,13620.0,4260.0,0.0,87.0,49.0,184.0,28260.0,120.0,73.0,56.0,93.0,2.0,540.0
10.03.22,3,2,2,17201.0,14649.0,10440.0,9180.0,0.0,80.0,46.0,144.0,18420.0,120.0,70.0,50.0,106.0,3.0,960.0
11.03.22,4,2,2,8284.0,7397.0,8341.0,3599.0,60.0,76.0,51.0,117.0,21660.0,120.0,63.0,48.0,75.0,2.0,660.0
12.03.22,5,2,2,8619.0,7063.0,11160.0,3060.0,2040.0,80.0,51.0,204.0,29160.0,120.0,59.0,47.0,75.0,1.0,300.0
13.03.22,6,2,2,1339.0,1099.0,5040.0,0.0,0.0,64.0,55.0,73.0,26880.0,120.0,70.0,55.0,92.0,1.0,780.0
14.03.22,0,2,2,5621.0,4913.0,8520.0,2040.0,0.0,78.0,53.0,112.0,,,,,,,
15.03.22,1,2,2,11953.0,10045.0,12300.0,4920.0,0.0,77.0,45.0,119.0,25740.0,120.0,70.0,55.0,93.0,2.0,480.0
16.03.22,2,2,2,11471.0,9988.0,9841.0,5881.0,0.0,81.0,48.0,155.0,24120.0,120.0,84.0,67.0,96.0,2.0,1080.0
17.03.22,3,2,2,11526.0,9752.0,15000.0,3900.0,0.0,86.0,57.0,150.0,20280.0,120.0,73.0,64.0,87.0,0.0,120.0
18.03.22,4,2,2,9105.0,7552.0,18540.0,2221.0,0.0,84.0,59.0,121.0,21060.0,120.0,76.0,66.0,88.0,1.0,840.0
19.03.22,5,2,2,7240.0,5964.0,18541.0,1200.0,0.0,81.0,51.0,109.0,28200.0,120.0,67.0,48.0,82.0,0.0,120.0
20.03.22,6,2,3,11691.0,9897.0,15061.0,4621.0,0.0,86.0,55.0,112.0,27780.0,120.0,74.0,62.0,95.0,0.0,180.0
21.03.22,0,2,3,6246.0,5344.0,12061.0,1679.0,0.0,82.0,50.0,125.0,,,,,,,
22.03.22,1,2,3,6057.0,5332.0,7140.0,2760.0,0.0,74.0,49.0,110.0,23760.0,120.0,69.0,55.0,91.0,0.0,1200.0
23.03.22,2,2,3,12473.0,10648.0,9061.0,6660.0,0.0,76.0,52.0,125.0,28860.0,120.0,70.0,36.0,93.0,0.0,360.0
24.03.22,3,2,3,10182.0,8686.0,12361.0,3780.0,0.0,84.0,49.0,177.0,19080.0,120.0,76.0,51.0,102.0,0.0,120.0
25.03.22,4,2,3,5725.0,5082.0,7920.0,2400.0,0.0,67.0,43.0,85.0,21840.0,120.0,67.0,43.0,85.0,1.0,900.0
26.03.22,5,2,3,15462.0,13152.0,17039.0,7982.0,0.0,89.0,40.0,129.0,40200.0,120.0,61.0,46.0,98.0,1.0,900.0
27.03.22,6,2,3,2205.0,1791.0,6000.0,1980.0,0.0,74.0,46.0,147.0,20820.0,120.0,69.0,54.0,90.0,3.0,1140.0
28.03.22,0,2,3,8678.0,7526.0,10020.0,3960.0,0.0,81.0,51.0,126.0,21000.0,120.0,70.0,64.0,80.0,2.0,1080.0
29.03.22,1,2,3,6659.0,5715.0,14400.0,1980.0,0.0,77.0,49.0,120.0,29760.0,120.0,69.0,50.0,87.0,5.0,1620.0
30.03.22,2,2,3,7221.0,6478.0,7140.0,3420.0,1620.0,63.0,50.0,76.0,22800.0,120.0,72.0,55.0,85.0,3.0,1020.0
31.03.22,3,2,3,5271.0,4499.0,7860.0,1860.0,0.0,76.0,55.0,113.0,23160.0,120.0,69.0,47.0,90.0,0.0,120.0
01.04.22,4,3,3,5362.0,4652.0,10981.0,1320.0,0.0,72.0,54.0,112.0,28080.0,120.0,62.0,47.0,80.0,3.0,1500.0
02.04.22,5,3,3,5670.0,5196.0,8161.0,3000.0,0.0,71.0,45.0,110.0,26040.0,120.0,62.0,35.0,76.0,0.0,120.0
03.04.22,6,3,3,3686.0,2992.0,12180.0,540.0,0.0,77.0,49.0,136.0,25860.0,120.0,71.0,55.0,86.0,2.0,1320.0
04.04.22,0,3,3,5210.0,4647.0,7800.0,2460.0,0.0,59.0,41.0,68.0,25260.0,120.0,63.0,38.0,79.0,0.0,780.0
05.04.22,1,3,3,7043.0,6079.0,10200.0,2160.0,0.0,78.0,47.0,140.0,,,,,,,
06.04.22,2,3,3,4978.0,4333.0,8460.0,1740.0,0.0,75.0,43.0,113.0,28320.0,120.0,78.0,46.0,99.0,1.0,1980.0
07.04.22,3,3,3,7007.0,5938.0,12720.0,1920.0,0.0,80.0,36.0,173.0,28620.0,120.0,65.0,50.0,98.0,2.0,1080.0
08.04.22,4,3,3,5687.0,5016.0,6961.0,2579.0,0.0,75.0,47.0,101.0,20460.0,120.0,67.0,47.0,84.0,3.0,1200.0
09.04.22,5,3,3,847.0,691.0,3121.0,60.0,0.0,68.0,54.0,148.0,45180.0,120.0,67.0,45.0,89.0,5.0,3420.0
10.04.22,6,3,3,3950.0,3179.0,11880.0,300.0,0.0,80.0,44.0,135.0,,,,,,,
11.04.22,0,3,3,4046.0,3534.0,6960.0,1500.0,0.0,70.0,47.0,110.0,24000.0,120.0,71.0,54.0,88.0,5.0,1740.0
12.04.22,1,3,3,4344.0,3739.0,9120.0,1380.0,0.0,74.0,57.0,107.0,23400.0,120.0,63.0,52.0,80.0,1.0,540.0
13.04.22,2,3,3,10177.0,8799.0,6899.0,5460.0,0.0,81.0,55.0,137.0,25560.0,120.0,65.0,46.0,82.0,4.0,2760.0
14.04.22,3,3,3,6390.0,5417.0,11760.0,1980.0,0.0,78.0,46.0,166.0,19800.0,120.0,65.0,57.0,79.0,2.0,1200.0
15.04.22,4,3,3,5587.0,4598.0,13740.0,780.0,0.0,85.0,42.0,151.0,37380.0,120.0,74.0,52.0,104.0,2.0,840.0
16.04.22,5,3,3,511.0,441.0,3360.0,0.0,0.0,63.0,48.0,88.0,21180.0,120.0,68.0,53.0,95.0,1.0,300.0
17.04.22,6,3,3,3107.0,2546.0,11880.0,300.0,0.0,75.0,50.0,123.0,,,,,,,
18.04.22,0,3,3,3419.0,2738.0,9420.0,420.0,0.0,77.0,50.0,168.0,,,,,,,
19.04.22,1,3,3,10016.0,7973.0,8700.0,4380.0,0.0,67.0,52.0,166.0,22200.0,120.0,60.0,52.0,85.0,1.0,420.0
20.04.22,2,3,3,6222.0,5509.0,7381.0,2880.0,0.0,72.0,56.0,111.0,25560.0,120.0,59.0,48.0,75.0,3.0,840.0
21.04.22,3,3,3,6649.0,5914.0,7560.0,3120.0,0.0,64.0,45.0,112.0,27120.0,120.0,57.0,43.0,80.0,1.0,2340.0
06.07.21,1,6,0,2584.0,1841.0,16801.0,60.0,0.0,72.0,61.0,114.0,24960.0,120.0,64.0,60.0,71.0,0.0,180.0
07.07.21,2,6,0,4594.0,3201.0,19500.0,600.0,0.0,72.0,61.0,111.0,24540.0,120.0,63.0,59.0,70.0,0.0,120.0
08.07.21,3,6,0,9602.0,7011.0,18242.0,4439.0,0.0,78.0,58.0,148.0,25680.0,120.0,60.0,55.0,66.0,0.0,180.0
09.07.21,4,6,0,14121.0,11017.0,18962.0,4259.0,1500.0,76.0,60.0,110.0,24180.0,120.0,60.0,54.0,68.0,1.0,420.0
10.07.21,5,6,0,7022.0,4835.0,20759.0,661.0,0.0,74.0,53.0,113.0,27120.0,480.0,63.0,59.0,71.0,0.0,840.0
11.07.21,6,6,0,13668.0,10505.0,15181.0,8340.0,0.0,76.0,53.0,137.0,27000.0,120.0,64.0,53.0,124.0,0.0,240.0
12.07.21,0,6,0,2593.0,1806.0,22140.0,0.0,0.0,72.0,50.0,97.0,25560.0,120.0,60.0,50.0,83.0,1.0,2160.0
13.07.21,1,6,0,3998.0,2794.0,18600.0,239.0,0.0,68.0,43.0,109.0,23880.0,120.0,64.0,56.0,123.0,0.0,120.0
14.07.21,2,6,0,2550.0,1802.0,14820.0,120.0,0.0,66.0,40.0,88.0,30780.0,120.0,59.0,57.0,64.0,1.0,960.0
15.07.21,3,6,0,3263.0,2259.0,15241.0,180.0,0.0,68.0,55.0,109.0,23400.0,120.0,57.0,51.0,63.0,0.0,120.0
16.07.21,4,6,0,4287.0,3150.0,22800.0,540.0,0.0,71.0,58.0,89.0,23400.0,120.0,59.0,55.0,68.0,0.0,120.0
17.07.21,5,6,0,7437.0,5119.0,20042.0,180.0,0.0,75.0,62.0,107.0,25020.0,120.0,61.0,56.0,68.0,0.0,120.0
18.07.21,6,6,0,9797.0,6862.0,25022.0,840.0,0.0,82.0,43.0,115.0,23880.0,120.0,59.0,53.0,66.0,0.0,180.0
19.07.21,0,6,0,2670.0,1875.0,18120.0,0.0,0.0,72.0,59.0,105.0,26280.0,120.0,60.0,53.0,77.0,0.0,300.0
20.07.21,1,6,0,3035.0,2125.0,19801.0,0.0,0.0,75.0,59.0,100.0,27480.0,120.0,58.0,53.0,64.0,1.0,360.0
21.07.21,2,6,0,1140.0,829.0,11040.0,0.0,0.0,69.0,47.0,99.0,25800.0,120.0,,,,0.0,180.0
22.07.21,3,6,0,3374.0,2370.0,16021.0,60.0,0.0,72.0,55.0,106.0,25140.0,120.0,59.0,53.0,67.0,0.0,300.0
23.07.21,4,6,0,3269.0,2336.0,17880.0,0.0,0.0,75.0,60.0,172.0,24480.0,120.0,58.0,53.0,67.0,1.0,600.0
24.07.21,5,6,0,3040.0,2114.0,15060.0,60.0,0.0,78.0,57.0,101.0,28500.0,120.0,61.0,56.0,69.0,1.0,960.0
25.07.21,6,6,0,9130.0,6833.0,13620.0,4560.0,0.0,78.0,54.0,131.0,33480.0,2160.0,60.0,56.0,70.0,0.0,2220.0
26.07.21,0,6,0,5808.0,4387.0,16921.0,1500.0,0.0,75.0,59.0,126.0,23100.0,120.0,62.0,59.0,67.0,1.0,360.0
27.07.21,1,6,0,7119.0,5302.0,15720.0,2820.0,0.0,72.0,58.0,179.0,25920.0,120.0,58.0,55.0,64.0,0.0,120.0
28.07.21,2,6,0,6027.0,4444.0,11701.0,2460.0,0.0,73.0,58.0,147.0,24540.0,120.0,58.0,54.0,69.0,0.0,120.0
29.07.21,3,6,0,9911.0,7349.0,17160.0,3900.0,0.0,76.0,54.0,174.0,26700.0,120.0,58.0,53.0,65.0,0.0,120.0
30.07.21,4,6,0,12304.0,9776.0,15963.0,6660.0,0.0,80.0,61.0,160.0,26820.0,240.0,61.0,57.0,69.0,1.0,660.0
31.07.21,5,6,0,10684.0,8063.0,16621.0,4980.0,0.0,75.0,45.0,121.0,29220.0,300.0,59.0,54.0,73.0,0.0,300.0
01.08.21,6,7,0,12013.0,9738.0,14821.0,5280.0,0.0,71.0,54.0,177.0,24000.0,120.0,58.0,49.0,68.0,0.0,240.0
02.08.21,0,7,0,3157.0,2362.0,16498.0,421.0,60.0,68.0,47.0,88.0,21780.0,120.0,63.0,58.0,68.0,0.0,120.0
03.08.21,1,7,0,9802.0,7283.0,17521.0,3720.0,0.0,75.0,58.0,175.0,26940.0,120.0,58.0,54.0,66.0,0.0,120.0
04.08.21,2,7,0,8503.0,6557.0,14942.0,3900.0,0.0,70.0,50.0,164.0,25620.0,120.0,59.0,57.0,65.0,0.0,180.0
05.08.21,3,7,0,5243.0,3667.0,19020.0,300.0,0.0,69.0,48.0,109.0,24780.0,120.0,58.0,50.0,74.0,1.0,300.0
06.08.21,4,7,0,13531.0,10391.0,18600.0,6060.0,0.0,76.0,51.0,156.0,24060.0,240.0,59.0,53.0,67.0,1.0,720.0
07.08.21,5,7,0,16002.0,12317.0,14821.0,8219.0,0.0,82.0,54.0,182.0,27420.0,120.0,61.0,57.0,67.0,0.0,120.0
08.08.21,6,7,0,14955.0,11051.0,20703.0,4921.0,0.0,77.0,57.0,140.0,26580.0,120.0,59.0,53.0,68.0,0.0,240.0
09.08.21,0,7,0,3427.0,2439.0,16620.0,300.0,0.0,68.0,48.0,128.0,24120.0,120.0,58.0,52.0,63.0,3.0,1320.0
10.08.21,1,7,0,6546.0,5157.0,14220.0,3180.0,0.0,72.0,37.0,186.0,24120.0,120.0,58.0,54.0,64.0,0.0,180.0
11.08.21,2,7,0,3110.0,2202.0,15961.0,181.0,0.0,74.0,60.0,112.0,25740.0,120.0,58.0,55.0,63.0,0.0,120.0
12.08.21,3,7,0,6633.0,4846.0,23160.0,2040.0,0.0,77.0,45.0,138.0,25380.0,240.0,57.0,54.0,67.0,1.0,900.0
13.08.21,4,7,0,4014.0,2888.0,16201.0,420.0,0.0,75.0,57.0,135.0,26100.0,120.0,57.0,50.0,70.0,1.0,480.0
14.08.21,5,7,0,11991.0,8958.0,20821.0,3780.0,0.0,83.0,49.0,139.0,24240.0,120.0,58.0,53.0,66.0,0.0,120.0
15.08.21,6,7,0,11852.0,9030.0,18300.0,5280.0,0.0,80.0,46.0,115.0,22440.0,120.0,63.0,53.0,70.0,0.0,180.0
16.08.21,0,7,0,4286.0,3360.0,12240.0,2100.0,0.0,71.0,48.0,162.0,24960.0,120.0,59.0,51.0,69.0,0.0,180.0
17.08.21,1,7,0,4654.0,3560.0,12240.0,2220.0,0.0,72.0,53.0,165.0,26400.0,180.0,59.0,55.0,66.0,0.0,240.0
18.08.21,2,7,0,11728.0,8805.0,20040.0,5160.0,0.0,81.0,47.0,132.0,26520.0,120.0,62.0,59.0,72.0,0.0,240.0
19.08.21,3,7,0,10050.0,7978.0,15540.0,5400.0,0.0,76.0,56.0,167.0,24660.0,120.0,62.0,57.0,67.0,0.0,180.0
20.08.21,4,7,0,7987.0,6141.0,15840.0,3540.0,0.0,78.0,42.0,189.0,27240.0,120.0,62.0,54.0,70.0,0.0,120.0
21.08.21,5,7,0,13956.0,10568.0,15662.0,5700.0,0.0,77.0,60.0,118.0,23880.0,120.0,62.0,58.0,67.0,0.0,180.0
22.08.21,6,7,0,9397.0,7251.0,15720.0,4860.0,0.0,78.0,61.0,138.0,32160.0,120.0,59.0,54.0,67.0,1.0,600.0
23.08.21,0,7,0,4276.0,3204.0,13141.0,1500.0,0.0,74.0,49.0,204.0,24720.0,120.0,66.0,60.0,76.0,1.0,300.0
24.08.21,1,7,0,7891.0,6008.0,13440.0,3420.0,0.0,72.0,41.0,132.0,25980.0,120.0,60.0,53.0,72.0,0.0,120.0
25.08.21,2,7,0,4372.0,3392.0,11042.0,1620.0,0.0,74.0,42.0,150.0,25080.0,120.0,60.0,55.0,64.0,1.0,300.0
26.08.21,3,7,0,9647.0,7283.0,23220.0,3660.0,0.0,79.0,62.0,206.0,21540.0,120.0,61.0,56.0,68.0,0.0,120.0
27.08.21,4,7,0,4607.0,3259.0,16681.0,599.0,0.0,72.0,57.0,111.0,19200.0,120.0,60.0,55.0,71.0,0.0,120.0
28.08.21,5,7,0,11254.0,7941.0,21783.0,1859.0,0.0,75.0,57.0,147.0,24660.0,120.0,59.0,53.0,73.0,1.0,1140.0
29.08.21,6,7,0,15302.0,11295.0,18901.0,4801.0,0.0,72.0,53.0,167.0,24720.0,120.0,60.0,52.0,65.0,1.0,600.0
30.08.21,0,7,0,3099.0,2235.0,22741.0,60.0,0.0,70.0,59.0,89.0,23280.0,120.0,60.0,56.0,68.0,0.0,120.0
31.08.21,1,7,0,2038.0,1468.0,20760.0,0.0,0.0,71.0,46.0,117.0,27360.0,120.0,60.0,55.0,70.0,0.0,120.0
01.09.21,2,8,0,4565.0,3260.0,25622.0,60.0,0.0,75.0,60.0,151.0,23220.0,120.0,59.0,54.0,68.0,0.0,120.0
02.09.21,3,8,0,10890.0,7778.0,21059.0,1681.0,0.0,79.0,58.0,106.0,26400.0,120.0,59.0,54.0,65.0,0.0,120.0
03.09.21,4,8,0,8925.0,6387.0,18181.0,2700.0,0.0,,,,29460.0,180.0,59.0,52.0,72.0,0.0,180.0
04.09.21,5,8,0,5757.0,4044.0,19079.0,120.0,0.0,70.0,57.0,97.0,25680.0,180.0,59.0,56.0,65.0,0.0,420.0
05.09.21,6,8,0,8603.0,6423.0,16322.0,3180.0,0.0,,,,24240.0,120.0,58.0,52.0,67.0,0.0,180.0
06.09.21,0,8,0,8155.0,5931.0,19259.0,1681.0,0.0,84.0,63.0,136.0,27840.0,120.0,61.0,55.0,69.0,0.0,240.0
07.09.21,1,8,0,4171.0,2960.0,22983.0,240.0,0.0,74.0,59.0,101.0,26280.0,120.0,58.0,53.0,63.0,0.0,120.0
08.09.21,2,8,0,10626.0,7740.0,19802.0,3061.0,0.0,73.0,52.0,130.0,22440.0,120.0,58.0,53.0,64.0,1.0,540.0
09.09.21,3,8,0,6732.0,4805.0,23282.0,1320.0,0.0,75.0,57.0,125.0,36300.0,120.0,57.0,51.0,71.0,2.0,1440.0
10.09.21,4,8,0,5224.0,3705.0,32579.0,180.0,0.0,75.0,57.0,96.0,25500.0,120.0,58.0,51.0,70.0,0.0,120.0
11.09.21,5,8,0,8769.0,6183.0,21720.0,1920.0,0.0,73.0,50.0,125.0,24360.0,120.0,59.0,55.0,65.0,0.0,240.0
12.09.21,6,8,0,3688.0,2587.0,22560.0,120.0,0.0,73.0,53.0,100.0,23580.0,120.0,56.0,53.0,62.0,0.0,120.0
13.09.21,0,8,0,3060.0,2167.0,20400.0,0.0,0.0,71.0,48.0,105.0,23400.0,120.0,59.0,56.0,72.0,0.0,120.0
14.09.21,1,8,0,7482.0,5714.0,15360.0,3420.0,0.0,73.0,61.0,114.0,27900.0,120.0,58.0,53.0,65.0,0.0,120.0
15.09.21,2,8,0,4596.0,3251.0,25384.0,119.0,0.0,76.0,58.0,113.0,23580.0,120.0,57.0,54.0,62.0,0.0,180.0
16.09.21,3,8,0,12929.0,9220.0,15661.0,3480.0,0.0,73.0,56.0,149.0,27480.0,120.0,61.0,57.0,66.0,0.0,180.0
17.09.21,4,8,0,6167.0,4398.0,11822.0,1379.0,0.0,73.0,57.0,148.0,26940.0,120.0,59.0,56.0,65.0,0.0,660.0
18.09.21,5,8,0,14517.0,10520.0,16802.0,4979.0,0.0,78.0,55.0,123.0,29280.0,120.0,63.0,57.0,74.0,0.0,360.0
19.09.21,6,8,0,1743.0,1250.0,11462.0,60.0,0.0,69.0,53.0,91.0,29580.0,120.0,62.0,58.0,68.0,0.0,360.0
20.09.21,0,8,0,2538.0,1825.0,16020.0,120.0,0.0,75.0,53.0,107.0,22620.0,120.0,59.0,51.0,66.0,0.0,180.0
21.09.21,1,8,0,4969.0,3508.0,20221.0,240.0,0.0,75.0,40.0,110.0,26220.0,120.0,62.0,58.0,69.0,0.0,120.0
22.09.21,2,8,1,7085.0,5179.0,22980.0,1500.0,0.0,79.0,53.0,110.0,25080.0,120.0,60.0,53.0,66.0,0.0,120.0
23.09.21,3,8,1,8724.0,6545.0,18901.0,3540.0,0.0,79.0,47.0,166.0,25860.0,120.0,61.0,52.0,78.0,1.0,1800.0
24.09.21,4,8,1,6593.0,4770.0,29941.0,1020.0,0.0,86.0,64.0,126.0,26100.0,180.0,62.0,57.0,67.0,0.0,180.0
25.09.21,5,8,1,9307.0,6967.0,22260.0,2580.0,60.0,79.0,53.0,121.0,24780.0,120.0,60.0,57.0,68.0,1.0,720.0
26.09.21,6,8,1,3669.0,2589.0,21302.0,180.0,0.0,74.0,51.0,112.0,27720.0,180.0,62.0,57.0,73.0,1.0,1080.0
27.09.21,0,8,1,5875.0,4424.0,16201.0,1920.0,0.0,76.0,61.0,107.0,26220.0,120.0,62.0,57.0,72.0,1.0,1140.0
28.09.21,1,8,1,8965.0,6200.0,22620.0,900.0,0.0,71.0,58.0,104.0,26580.0,120.0,61.0,58.0,70.0,0.0,120.0
29.09.21,2,8,1,3601.0,2515.0,19020.0,0.0,0.0,73.0,50.0,100.0,25380.0,120.0,60.0,57.0,73.0,0.0,180.0
30.09.21,3,8,1,7141.0,5528.0,18781.0,3000.0,0.0,78.0,50.0,110.0,28680.0,120.0,61.0,58.0,66.0,2.0,2640.0
01.10.21,4,9,1,6204.0,4322.0,25802.0,481.0,0.0,79.0,53.0,107.0,24720.0,120.0,62.0,58.0,68.0,0.0,180.0
02.10.21,5,9,1,4277.0,3052.0,18239.0,240.0,0.0,74.0,49.0,101.0,30840.0,120.0,62.0,56.0,72.0,0.0,780.0
03.10.21,6,9,1,5746.0,4037.0,19859.0,300.0,0.0,75.0,47.0,137.0,32280.0,120.0,63.0,55.0,69.0,0.0,600.0
04.10.21,0,9,1,7073.0,5124.0,18420.0,1620.0,0.0,70.0,53.0,83.0,27960.0,120.0,63.0,57.0,111.0,1.0,1800.0
05.10.21,1,9,1,2676.0,1886.0,15181.0,60.0,0.0,70.0,44.0,96.0,31200.0,120.0,63.0,58.0,109.0,1.0,1260.0
06.10.21,2,9,1,8074.0,6302.0,15240.0,3600.0,0.0,73.0,55.0,95.0,26820.0,120.0,61.0,53.0,72.0,0.0,180.0
07.10.21,3,9,1,7025.0,5164.0,19321.0,1980.0,0.0,73.0,60.0,117.0,25620.0,180.0,62.0,57.0,71.0,0.0,240.0
08.10.21,4,9,1,13177.0,9716.0,24479.0,4501.0,0.0,77.0,52.0,188.0,24360.0,120.0,61.0,55.0,69.0,1.0,420.0
09.10.21,5,9,1,4249.0,2974.0,17821.0,240.0,0.0,70.0,53.0,89.0,29040.0,120.0,62.0,57.0,71.0,0.0,840.0
10.10.21,6,9,1,6938.0,4824.0,20283.0,420.0,0.0,72.0,54.0,120.0,28860.0,120.0,63.0,57.0,69.0,2.0,1200.0
11.10.21,0,9,1,4289.0,3092.0,21361.0,780.0,0.0,71.0,56.0,100.0,25740.0,120.0,62.0,56.0,70.0,0.0,120.0
12.10.21,1,9,1,4749.0,3379.0,18782.0,480.0,0.0,70.0,50.0,138.0,25140.0,120.0,60.0,57.0,66.0,0.0,120.0
13.10.21,2,9,1,7783.0,5779.0,16680.0,3600.0,0.0,71.0,57.0,118.0,29700.0,120.0,58.0,54.0,66.0,2.0,2700.0
14.10.21,3,9,1,3868.0,2746.0,19862.0,60.0,0.0,64.0,47.0,84.0,22860.0,120.0,57.0,52.0,62.0,0.0,180.0
15.10.21,4,9,1,4024.0,2905.0,20881.0,420.0,0.0,70.0,51.0,157.0,24120.0,120.0,56.0,53.0,61.0,0.0,120.0
16.10.21,5,9,1,7783.0,5538.0,19141.0,540.0,0.0,75.0,45.0,136.0,31380.0,120.0,56.0,53.0,63.0,0.0,240.0
17.10.21,6,9,1,5682.0,4012.0,16320.0,780.0,0.0,71.0,58.0,125.0,31500.0,120.0,61.0,56.0,69.0,1.0,360.0
18.10.21,0,9,1,2914.0,2088.0,19800.0,0.0,0.0,69.0,46.0,113.0,25080.0,120.0,58.0,54.0,65.0,0.0,120.0
19.10.21,1,9,1,3543.0,2502.0,18961.0,181.0,0.0,67.0,50.0,80.0,24540.0,120.0,58.0,55.0,70.0,0.0,120.0
20.10.21,2,9,1,5874.0,4636.0,11222.0,3180.0,0.0,73.0,55.0,175.0,25680.0,120.0,57.0,53.0,67.0,0.0,120.0
21.10.21,3,9,1,7742.0,5621.0,19081.0,2520.0,0.0,75.0,53.0,174.0,24360.0,180.0,57.0,53.0,62.0,0.0,180.0
22.10.21,4,9,1,8297.0,5973.0,24000.0,1440.0,0.0,74.0,44.0,177.0,25620.0,120.0,57.0,55.0,64.0,0.0,120.0
23.10.21,5,9,1,11969.0,8971.0,14820.0,6780.0,0.0,69.0,45.0,110.0,30540.0,120.0,57.0,53.0,66.0,0.0,120.0
24.10.21,6,9,1,4240.0,3119.0,15660.0,901.0,0.0,75.0,50.0,148.0,30180.0,120.0,59.0,54.0,73.0,0.0,480.0
25.10.21,0,9,1,2433.0,1736.0,17582.0,0.0,0.0,72.0,58.0,101.0,26400.0,120.0,60.0,54.0,65.0,0.0,180.0
26.10.21,1,9,1,2897.0,2067.0,16561.0,120.0,0.0,69.0,51.0,130.0,26460.0,120.0,60.0,55.0,81.0,1.0,900.0
27.10.21,2,9,1,3599.0,2593.0,21780.0,120.0,0.0,76.0,58.0,143.0,25620.0,180.0,60.0,52.0,67.0,0.0,180.0
28.10.21,3,9,1,6771.0,5107.0,14701.0,2580.0,0.0,78.0,57.0,169.0,29760.0,120.0,61.0,57.0,70.0,1.0,2280.0
29.10.21,4,9,1,11195.0,8770.0,22141.0,5940.0,0.0,74.0,49.0,100.0,26520.0,120.0,59.0,53.0,69.0,0.0,240.0
30.10.21,5,9,1,6366.0,4513.0,18600.0,779.0,0.0,77.0,44.0,181.0,31740.0,120.0,61.0,56.0,75.0,0.0,420.0
31.10.21,6,9,1,8606.0,6029.0,20161.0,900.0,0.0,78.0,52.0,137.0,32580.0,120.0,62.0,52.0,71.0,0.0,240.0
01.11.21,0,10,1,2378.0,1679.0,14821.0,0.0,0.0,72.0,45.0,156.0,26280.0,120.0,62.0,57.0,69.0,0.0,120.0
02.11.21,1,10,1,2903.0,2059.0,18422.0,120.0,0.0,73.0,57.0,207.0,25500.0,120.0,61.0,56.0,69.0,0.0,120.0
03.11.21,2,10,1,6440.0,4861.0,15242.0,2820.0,0.0,72.0,52.0,142.0,24180.0,120.0,62.0,58.0,72.0,0.0,180.0
04.11.21,3,10,1,8654.0,6470.0,18840.0,3300.0,0.0,78.0,51.0,108.0,25260.0,120.0,64.0,60.0,70.0,0.0,120.0
05.11.21,4,10,1,4938.0,3444.0,19381.0,240.0,0.0,73.0,53.0,102.0,26040.0,120.0,62.0,59.0,67.0,0.0,120.0
06.11.21,5,10,1,16884.0,12437.0,23040.0,4740.0,0.0,83.0,62.0,146.0,26460.0,120.0,63.0,57.0,69.0,0.0,360.0
07.11.21,6,10,1,9935.0,7529.0,14700.0,4680.0,0.0,75.0,50.0,101.0,32820.0,120.0,64.0,61.0,72.0,0.0,240.0
08.11.21,0,10,1,2895.0,1952.0,17339.0,60.0,0.0,71.0,48.0,149.0,26160.0,120.0,61.0,56.0,69.0,1.0,540.0
09.11.21,1,10,1,3527.0,2504.0,19320.0,180.0,0.0,69.0,52.0,212.0,24240.0,120.0,58.0,53.0,66.0,1.0,600.0
10.11.21,2,10,1,9361.0,7035.0,14280.0,4140.0,0.0,75.0,58.0,144.0,29160.0,120.0,59.0,52.0,67.0,2.0,1260.0
11.11.21,3,10,1,10822.0,8223.0,18060.0,4440.0,0.0,74.0,42.0,182.0,30840.0,120.0,59.0,55.0,68.0,0.0,240.0
12.11.21,4,10,1,1912.0,1372.0,14880.0,0.0,0.0,83.0,56.0,114.0,31200.0,120.0,58.0,53.0,68.0,0.0,240.0
13.11.21,5,10,1,5029.0,3497.0,24540.0,120.0,0.0,70.0,48.0,98.0,28140.0,120.0,61.0,54.0,73.0,1.0,480.0
14.11.21,6,10,1,4389.0,3367.0,21061.0,840.0,0.0,77.0,43.0,180.0,30000.0,120.0,58.0,54.0,65.0,0.0,900.0
15.11.21,0,10,1,2878.0,2005.0,16860.0,180.0,0.0,71.0,51.0,103.0,25920.0,180.0,58.0,50.0,85.0,2.0,2700.0
16.11.21,1,10,1,5597.0,4317.0,15600.0,2460.0,0.0,72.0,47.0,183.0,23160.0,120.0,58.0,54.0,70.0,0.0,120.0
17.11.21,2,10,1,7481.0,5710.0,18300.0,3300.0,0.0,72.0,57.0,169.0,27360.0,120.0,57.0,52.0,66.0,0.0,120.0
18.11.21,3,10,1,7523.0,5821.0,14820.0,3420.0,0.0,72.0,59.0,114.0,24540.0,120.0,58.0,54.0,66.0,0.0,120.0
19.11.21,4,10,1,6327.0,4449.0,21720.0,480.0,0.0,71.0,57.0,107.0,26160.0,120.0,59.0,54.0,66.0,0.0,180.0
20.11.21,5,10,1,7731.0,5443.0,28561.0,1080.0,0.0,75.0,51.0,108.0,28080.0,120.0,60.0,57.0,66.0,0.0,120.0
21.11.21,6,10,1,7737.0,5907.0,9120.0,4800.0,0.0,70.0,45.0,79.0,24960.0,120.0,61.0,56.0,71.0,0.0,240.0
22.11.21,0,10,1,3813.0,2678.0,19080.0,60.0,0.0,70.0,50.0,115.0,21420.0,120.0,62.0,57.0,71.0,0.0,120.0
23.11.21,1,10,1,4511.0,3197.0,18000.0,840.0,0.0,74.0,49.0,115.0,28920.0,120.0,60.0,56.0,71.0,1.0,2040.0
24.11.21,2,10,1,6700.0,5218.0,18179.0,2940.0,0.0,75.0,48.0,112.0,33360.0,120.0,59.0,54.0,68.0,1.0,300.0
25.11.21,3,10,1,8406.0,6206.0,20640.0,2760.0,0.0,76.0,47.0,154.0,24840.0,120.0,60.0,58.0,68.0,0.0,120.0
26.11.21,4,10,1,9632.0,6806.0,28679.0,1020.0,0.0,72.0,47.0,134.0,22560.0,120.0,59.0,56.0,72.0,0.0,120.0
27.11.21,5,10,1,9186.0,6954.0,17281.0,4620.0,0.0,73.0,53.0,149.0,24840.0,120.0,60.0,55.0,83.0,0.0,180.0
28.11.21,6,10,1,5024.0,3671.0,16982.0,1080.0,0.0,71.0,47.0,94.0,27360.0,120.0,59.0,53.0,64.0,0.0,480.0
29.11.21,0,10,1,3544.0,2510.0,16921.0,120.0,0.0,70.0,46.0,96.0,24120.0,120.0,58.0,54.0,63.0,0.0,180.0
30.11.21,1,10,1,6810.0,5407.0,12960.0,2700.0,0.0,,,,28860.0,120.0,59.0,56.0,65.0,0.0,120.0
01.12.21,2,11,1,6488.0,5001.0,15480.0,2760.0,0.0,,,,26580.0,120.0,60.0,56.0,64.0,0.0,120.0
02.12.21,3,11,1,12591.0,9596.0,17453.0,5580.0,0.0,80.0,61.0,165.0,27120.0,120.0,62.0,59.0,68.0,1.0,1800.0
03.12.21,4,11,1,13260.0,10504.0,15420.0,6600.0,0.0,79.0,62.0,150.0,27060.0,120.0,62.0,57.0,67.0,0.0,240.0
04.12.21,5,11,1,6394.0,4472.0,21720.0,780.0,0.0,78.0,43.0,152.0,28980.0,120.0,62.0,55.0,78.0,1.0,300.0
05.12.21,6,11,1,11775.0,9116.0,17160.0,5520.0,0.0,81.0,47.0,132.0,24720.0,180.0,63.0,58.0,73.0,0.0,180.0
06.12.21,0,11,1,3312.0,2347.0,17041.0,180.0,0.0,70.0,53.0,90.0,27180.0,180.0,62.0,58.0,70.0,0.0,180.0
07.12.21,1,11,1,7503.0,5883.0,12540.0,3300.0,0.0,76.0,62.0,152.0,26820.0,120.0,61.0,55.0,72.0,0.0,180.0
08.12.21,2,11,1,6410.0,4993.0,14100.0,3060.0,0.0,77.0,53.0,153.0,28440.0,120.0,63.0,59.0,72.0,0.0,120.0
09.12.21,3,11,1,9495.0,7541.0,18840.0,4080.0,0.0,73.0,60.0,122.0,25740.0,120.0,63.0,59.0,72.0,0.0,120.0
10.12.21,4,11,1,12553.0,9888.0,16920.0,5100.0,0.0,75.0,45.0,148.0,26640.0,180.0,64.0,60.0,83.0,0.0,240.0
11.12.21,5,11,1,14998.0,11546.0,17999.0,5341.0,0.0,81.0,48.0,153.0,25380.0,120.0,66.0,63.0,74.0,0.0,360.0
12.12.21,6,11,1,15504.0,12108.0,14220.0,7920.0,0.0,74.0,53.0,167.0,31440.0,120.0,65.0,61.0,85.0,0.0,240.0
13.12.21,0,11,1,2975.0,2101.0,15540.0,300.0,0.0,69.0,57.0,90.0,23280.0,120.0,66.0,60.0,74.0,0.0,120.0
14.12.21,1,11,1,7548.0,5548.0,17580.0,1860.0,0.0,74.0,53.0,132.0,24660.0,120.0,60.0,50.0,71.0,0.0,120.0
15.12.21,2,11,1,8879.0,6407.0,20940.0,2220.0,0.0,76.0,51.0,164.0,27000.0,120.0,64.0,60.0,77.0,0.0,240.0
16.12.21,3,11,1,10165.0,7810.0,15539.0,4980.0,0.0,70.0,54.0,119.0,26700.0,120.0,62.0,57.0,71.0,0.0,120.0
17.12.21,4,11,1,4183.0,2943.0,15720.0,240.0,0.0,69.0,40.0,123.0,26880.0,180.0,61.0,57.0,69.0,0.0,180.0
18.12.21,5,11,1,18471.0,13952.0,13740.0,9660.0,0.0,80.0,59.0,149.0,26580.0,180.0,60.0,54.0,71.0,1.0,1200.0
19.12.21,6,11,1,9532.0,7173.0,11820.0,4440.0,0.0,73.0,56.0,148.0,31800.0,120.0,71.0,62.0,84.0,7.0,3840.0
20.12.21,0,11,1,2690.0,1925.0,14401.0,0.0,0.0,69.0,45.0,202.0,26580.0,120.0,59.0,55.0,69.0,0.0,120.0
21.12.21,1,11,2,2776.0,1975.0,17820.0,0.0,0.0,69.0,58.0,94.0,25980.0,120.0,56.0,52.0,67.0,0.0,120.0
22.12.21,2,11,2,14312.0,10623.0,18240.0,4441.0,1740.0,73.0,49.0,172.0,23340.0,120.0,59.0,55.0,66.0,1.0,540.0
23.12.21,3,11,2,8822.0,6567.0,16380.0,3480.0,0.0,75.0,55.0,179.0,23280.0,120.0,58.0,54.0,67.0,0.0,120.0
24.12.21,4,11,2,6829.0,4818.0,27060.0,840.0,0.0,79.0,46.0,106.0,32460.0,120.0,59.0,56.0,71.0,0.0,600.0
25.12.21,5,11,2,6158.0,4162.0,15359.0,1200.0,0.0,75.0,60.0,156.0,26220.0,120.0,59.0,55.0,65.0,0.0,180.0
26.12.21,6,11,2,2716.0,1909.0,16141.0,0.0,0.0,70.0,47.0,97.0,19260.0,120.0,58.0,56.0,64.0,0.0,240.0
27.12.21,0,11,2,2379.0,1718.0,12120.0,300.0,0.0,73.0,47.0,188.0,28560.0,120.0,62.0,56.0,87.0,0.0,120.0
28.12.21,1,11,2,10785.0,7932.0,9480.0,5640.0,0.0,72.0,44.0,92.0,27601.0,120.0,59.0,56.0,66.0,0.0,120.0
29.12.21,2,11,2,10270.0,8088.0,11520.0,5400.0,0.0,,,,27120.0,120.0,61.0,57.0,70.0,0.0,120.0
30.12.21,3,11,2,3992.0,2851.0,14821.0,360.0,0.0,72.0,41.0,95.0,28980.0,120.0,62.0,59.0,71.0,0.0,180.0
31.12.21,4,11,2,2240.0,1590.0,11641.0,60.0,0.0,75.0,56.0,94.0,27780.0,120.0,64.0,57.0,73.0,1.0,1080.0
01.01.22,5,0,2,3916.0,2764.0,11700.0,420.0,0.0,74.0,60.0,92.0,22260.0,240.0,65.0,59.0,74.0,0.0,480.0
02.01.22,6,0,2,2142.0,1564.0,14520.0,0.0,1500.0,75.0,60.0,94.0,29400.0,120.0,66.0,60.0,80.0,0.0,180.0
03.01.22,0,0,2,4624.0,3471.0,13440.0,1500.0,0.0,75.0,55.0,153.0,25140.0,120.0,66.0,61.0,77.0,1.0,360.0
04.01.22,1,0,2,7880.0,5876.0,12540.0,3180.0,0.0,75.0,42.0,92.0,28980.0,120.0,64.0,60.0,71.0,1.0,600.0
05.01.22,2,0,2,2176.0,1569.0,13140.0,0.0,0.0,78.0,60.0,98.0,31140.0,120.0,66.0,60.0,74.0,1.0,600.0
06.01.22,3,0,2,1629.0,1168.0,11460.0,0.0,0.0,72.0,45.0,97.0,25140.0,1860.0,69.0,64.0,88.0,2.0,3300.0
07.01.22,4,0,2,2049.0,1464.0,10860.0,60.0,0.0,74.0,66.0,99.0,,,,,,,
08.01.22,5,0,2,8449.0,5988.0,15240.0,2160.0,0.0,75.0,58.0,88.0,31200.0,120.0,68.0,64.0,75.0,0.0,120.0
09.01.22,6,0,2,2963.0,2108.0,12540.0,180.0,0.0,77.0,46.0,107.0,23520.0,120.0,70.0,62.0,85.0,1.0,480.0
10.01.22,0,0,2,2385.0,1693.0,10320.0,120.0,0.0,78.0,46.0,111.0,29820.0,120.0,68.0,62.0,78.0,0.0,120.0
11.01.22,1,0,2,2422.0,1776.0,9300.0,240.0,0.0,78.0,52.0,89.0,26520.0,120.0,73.0,65.0,85.0,3.0,1740.0
12.01.22,2,0,2,6502.0,4864.0,17280.0,1860.0,0.0,85.0,51.0,183.0,26940.0,120.0,70.0,64.0,79.0,0.0,120.0
13.01.22,3,0,2,4076.0,2918.0,14642.0,360.0,0.0,83.0,56.0,107.0,21660.0,120.0,71.0,65.0,79.0,1.0,540.0
14.01.22,4,0,2,7665.0,5450.0,28380.0,540.0,0.0,82.0,53.0,164.0,26580.0,120.0,70.0,66.0,86.0,0.0,120.0
15.01.22,5,0,2,5454.0,3732.0,15060.0,240.0,0.0,75.0,42.0,111.0,,,,,,,
16.01.22,6,0,2,8776.0,6498.0,21660.0,2760.0,0.0,80.0,53.0,129.0,43620.0,1200.0,68.0,61.0,86.0,0.0,1680.0
17.01.22,0,0,2,2331.0,1725.0,16023.0,60.0,0.0,71.0,52.0,82.0,27300.0,840.0,66.0,61.0,73.0,0.0,840.0
18.01.22,1,0,2,3181.0,2263.0,15540.0,120.0,0.0,70.0,58.0,87.0,28080.0,120.0,62.0,55.0,69.0,0.0,120.0
19.01.22,2,0,2,1963.0,1423.0,13740.0,0.0,0.0,70.0,53.0,142.0,27900.0,120.0,60.0,55.0,69.0,0.0,120.0
20.01.22,3,0,2,2076.0,1496.0,13560.0,60.0,0.0,68.0,53.0,102.0,27660.0,240.0,60.0,56.0,65.0,0.0,240.0
21.01.22,4,0,2,4820.0,3456.0,17160.0,360.0,0.0,69.0,53.0,136.0,27840.0,120.0,60.0,55.0,66.0,1.0,720.0
22.01.22,5,0,2,9426.0,6806.0,22140.0,2520.0,0.0,81.0,46.0,157.0,28740.0,1440.0,60.0,55.0,66.0,1.0,2460.0
23.01.22,6,0,2,2335.0,1684.0,19680.0,0.0,0.0,71.0,47.0,101.0,24480.0,120.0,61.0,54.0,74.0,0.0,360.0
24.01.22,0,0,2,2135.0,1529.0,12420.0,0.0,0.0,67.0,53.0,84.0,24660.0,120.0,61.0,57.0,74.0,0.0,120.0
25.01.22,1,0,2,1544.0,1095.0,9900.0,0.0,0.0,67.0,58.0,93.0,25860.0,120.0,62.0,55.0,86.0,1.0,660.0
26.01.22,2,0,2,5694.0,4133.0,11881.0,1560.0,0.0,70.0,50.0,101.0,26880.0,120.0,59.0,55.0,64.0,0.0,180.0
27.01.22,3,0,2,7253.0,5440.0,16320.0,2760.0,0.0,74.0,51.0,145.0,28620.0,120.0,60.0,56.0,68.0,0.0,120.0
28.01.22,4,0,2,11743.0,8617.0,28020.0,3241.0,0.0,76.0,38.0,136.0,31020.0,120.0,60.0,55.0,71.0,0.0,300.0
29.01.22,5,0,2,9513.0,6866.0,21001.0,2700.0,0.0,70.0,62.0,82.0,32580.0,120.0,61.0,57.0,69.0,0.0,120.0
30.01.22,6,0,2,11036.0,8676.0,20402.0,5940.0,0.0,71.0,58.0,141.0,25500.0,120.0,58.0,55.0,64.0,0.0,240.0
31.01.22,0,0,2,7053.0,5235.0,22680.0,2340.0,0.0,69.0,53.0,144.0,27540.0,180.0,59.0,56.0,64.0,0.0,180.0
01.02.22,1,1,2,5524.0,4058.0,12120.0,1740.0,0.0,63.0,48.0,79.0,25740.0,120.0,58.0,54.0,64.0,0.0,120.0
02.02.22,2,1,2,5415.0,4145.0,10200.0,2340.0,0.0,65.0,50.0,156.0,26640.0,120.0,57.0,43.0,64.0,0.0,120.0
03.02.22,3,1,2,5617.0,4259.0,9361.0,1980.0,0.0,66.0,52.0,78.0,25800.0,120.0,58.0,53.0,67.0,0.0,180.0
04.02.22,4,1,2,9629.0,7146.0,31200.0,1980.0,0.0,78.0,61.0,195.0,27180.0,120.0,57.0,54.0,66.0,0.0,180.0
05.02.22,5,1,2,13114.0,9361.0,16500.0,5100.0,0.0,71.0,39.0,121.0,28560.0,120.0,57.0,50.0,69.0,1.0,540.0
06.02.22,6,1,2,13100.0,9737.0,16619.0,7140.0,0.0,67.0,56.0,129.0,27420.0,120.0,58.0,52.0,68.0,0.0,120.0
07.02.22,0,1,2,8319.0,6074.0,12480.0,2700.0,0.0,65.0,52.0,75.0,25920.0,120.0,57.0,54.0,63.0,0.0,180.0
08.02.22,1,1,2,6589.0,5166.0,10920.0,2940.0,0.0,68.0,43.0,157.0,24840.0,120.0,56.0,53.0,60.0,0.0,120.0
09.02.22,2,1,2,7131.0,5275.0,9720.0,2520.0,0.0,65.0,50.0,91.0,26220.0,120.0,56.0,53.0,62.0,0.0,240.0
10.02.22,3,1,2,7812.0,5950.0,12300.0,2880.0,0.0,65.0,51.0,91.0,25200.0,120.0,56.0,52.0,67.0,0.0,180.0
11.02.22,4,1,2,14377.0,10967.0,22201.0,4620.0,540.0,74.0,50.0,97.0,24600.0,120.0,54.0,52.0,63.0,0.0,180.0
12.02.22,5,1,2,27885.0,21771.0,16320.0,15360.0,0.0,80.0,48.0,158.0,29280.0,120.0,59.0,56.0,67.0,1.0,720.0
13.02.22,6,1,2,13554.0,10901.0,22080.0,8340.0,0.0,75.0,56.0,147.0,29280.0,120.0,58.0,54.0,67.0,0.0,180.0
14.02.22,0,1,2,4709.0,3407.0,11340.0,1440.0,0.0,70.0,43.0,162.0,25680.0,120.0,59.0,52.0,68.0,0.0,180.0
15.02.22,1,1,2,5332.0,3873.0,12841.0,1500.0,0.0,72.0,43.0,134.0,24780.0,120.0,59.0,55.0,63.0,0.0,120.0
16.02.22,2,1,2,4732.0,3442.0,10260.0,1320.0,0.0,72.0,38.0,131.0,24780.0,120.0,60.0,54.0,67.0,0.0,120.0
17.02.22,3,1,2,7622.0,5977.0,10561.0,3840.0,0.0,69.0,42.0,107.0,25260.0,120.0,59.0,56.0,63.0,0.0,180.0
18.02.22,4,1,2,11477.0,8379.0,30543.0,2701.0,0.0,69.0,59.0,88.0,27300.0,120.0,58.0,54.0,69.0,0.0,300.0
19.02.22,5,1,2,12728.0,10159.0,10201.0,6300.0,240.0,71.0,61.0,86.0,26340.0,120.0,60.0,56.0,66.0,0.0,420.0
20.02.22,6,1,2,20007.0,15552.0,21059.0,10620.0,0.0,78.0,49.0,177.0,25200.0,120.0,62.0,57.0,72.0,0.0,120.0
21.02.22,0,1,2,6948.0,4992.0,11940.0,1800.0,0.0,67.0,58.0,82.0,25500.0,120.0,61.0,58.0,67.0,0.0,120.0
22.02.22,1,1,2,7079.0,5380.0,10981.0,2940.0,0.0,66.0,55.0,82.0,24120.0,120.0,59.0,55.0,64.0,0.0,120.0
23.02.22,2,1,2,6618.0,4886.0,10618.0,2581.0,0.0,68.0,46.0,172.0,24240.0,120.0,59.0,56.0,65.0,0.0,180.0
24.02.22,3,1,2,5158.0,3766.0,10380.0,1740.0,0.0,67.0,55.0,96.0,22320.0,120.0,58.0,54.0,66.0,0.0,120.0
25.02.22,4,1,2,8529.0,6303.0,14521.0,2160.0,0.0,71.0,54.0,142.0,24180.0,120.0,57.0,53.0,72.0,0.0,120.0
26.02.22,5,1,2,10106.0,7231.0,22680.0,1740.0,0.0,68.0,59.0,83.0,26340.0,300.0,58.0,52.0,70.0,0.0,540.0
27.02.22,6,1,2,2939.0,2084.0,24060.0,0.0,0.0,73.0,58.0,181.0,29220.0,120.0,59.0,56.0,68.0,2.0,540.0
28.02.22,0,1,2,13924.0,10793.0,12899.0,6901.0,60.0,75.0,55.0,154.0,25800.0,180.0,59.0,51.0,64.0,0.0,180.0
01.03.22,1,2,2,7805.0,5743.0,22081.0,2580.0,0.0,73.0,64.0,173.0,27240.0,180.0,61.0,56.0,66.0,0.0,180.0
02.03.22,2,2,2,4771.0,3544.0,11640.0,1080.0,0.0,67.0,43.0,96.0,26400.0,120.0,60.0,55.0,66.0,0.0,120.0
03.03.22,3,2,2,5314.0,3980.0,8641.0,1800.0,0.0,67.0,58.0,140.0,25680.0,120.0,59.0,55.0,66.0,0.0,120.0
04.03.22,4,2,2,3952.0,2843.0,20040.0,300.0,0.0,68.0,61.0,79.0,29460.0,120.0,59.0,55.0,68.0,0.0,600.0
05.03.22,5,2,2,7995.0,6067.0,18300.0,2941.0,0.0,71.0,54.0,144.0,28080.0,120.0,58.0,54.0,66.0,0.0,480.0
06.03.22,6,2,2,10240.0,7509.0,16919.0,4020.0,0.0,76.0,52.0,157.0,27960.0,120.0,61.0,55.0,68.0,2.0,960.0
07.03.22,0,2,2,5075.0,3694.0,12300.0,1260.0,0.0,67.0,45.0,90.0,24480.0,120.0,60.0,55.0,66.0,0.0,120.0
08.03.22,1,2,2,6373.0,4635.0,12120.0,2280.0,0.0,70.0,48.0,159.0,24540.0,120.0,56.0,53.0,65.0,0.0,120.0
09.03.22,2,2,2,7271.0,5425.0,13740.0,1740.0,0.0,70.0,48.0,93.0,25740.0,120.0,56.0,52.0,62.0,0.0,120.0
10.03.22,3,2,2,6087.0,4612.0,13560.0,2100.0,0.0,72.0,55.0,161.0,23460.0,660.0,60.0,56.0,66.0,1.0,840.0
11.03.22,4,2,2,9712.0,7436.0,11821.0,3780.0,0.0,69.0,50.0,91.0,24900.0,120.0,57.0,54.0,68.0,0.0,120.0
12.03.22,5,2,2,14085.0,10464.0,21420.0,5400.0,0.0,75.0,49.0,156.0,28080.0,120.0,59.0,54.0,68.0,1.0,300.0
13.03.22,6,2,2,2446.0,1744.0,18300.0,0.0,0.0,70.0,56.0,91.0,27780.0,120.0,57.0,52.0,67.0,0.0,180.0
14.03.22,0,2,2,5789.0,4253.0,11580.0,1980.0,0.0,70.0,51.0,177.0,25800.0,180.0,58.0,54.0,70.0,0.0,180.0
15.03.22,1,2,2,11985.0,9335.0,12180.0,5220.0,0.0,79.0,63.0,148.0,26340.0,120.0,59.0,54.0,68.0,0.0,180.0
16.03.22,2,2,2,6123.0,4354.0,13080.0,1200.0,0.0,76.0,51.0,169.0,16080.0,120.0,59.0,54.0,61.0,0.0,120.0
17.03.22,3,2,2,6833.0,4975.0,15962.0,1140.0,0.0,,,,23580.0,120.0,57.0,54.0,63.0,0.0,120.0
18.03.22,4,2,2,9829.0,7258.0,22920.0,1740.0,60.0,75.0,51.0,127.0,,,,,,,
19.03.22,5,2,2,7576.0,5939.0,21420.0,2880.0,0.0,72.0,48.0,131.0,30420.0,180.0,60.0,55.0,71.0,1.0,780.0
20.03.22,6,2,3,1414.0,1012.0,11160.0,0.0,0.0,74.0,49.0,96.0,25440.0,120.0,58.0,54.0,69.0,0.0,600.0
21.03.22,0,2,3,5871.0,4369.0,11640.0,1860.0,0.0,75.0,57.0,132.0,23880.0,120.0,60.0,56.0,69.0,0.0,120.0
22.03.22,1,2,3,6747.0,5097.0,10801.0,3000.0,0.0,72.0,53.0,104.0,,,,,,,
23.03.22,2,2,3,6114.0,4725.0,9120.0,2280.0,0.0,76.0,56.0,155.0,25260.0,120.0,59.0,56.0,66.0,0.0,120.0
24.03.22,3,2,3,6793.0,5068.0,14760.0,2640.0,0.0,69.0,52.0,133.0,19680.0,900.0,59.0,54.0,68.0,0.0,900.0
25.03.22,4,2,3,16308.0,12247.0,23160.0,6000.0,0.0,76.0,61.0,150.0,25620.0,120.0,59.0,55.0,65.0,0.0,120.0
26.03.22,5,2,3,8826.0,6360.0,30900.0,1740.0,0.0,83.0,65.0,149.0,27540.0,120.0,59.0,55.0,64.0,0.0,240.0
27.03.22,6,2,3,7752.0,5336.0,23761.0,2220.0,0.0,74.0,58.0,140.0,21240.0,120.0,59.0,56.0,64.0,1.0,720.0
28.03.22,0,2,3,6777.0,4980.0,11640.0,2700.0,0.0,73.0,48.0,149.0,22380.0,120.0,61.0,55.0,70.0,0.0,120.0
29.03.22,1,2,3,7184.0,5309.0,12418.0,3062.0,0.0,72.0,50.0,178.0,25740.0,120.0,57.0,52.0,68.0,0.0,180.0
30.03.22,2,2,3,8882.0,6697.0,12061.0,3600.0,0.0,77.0,40.0,162.0,25260.0,120.0,59.0,54.0,71.0,0.0,120.0
31.03.22,3,2,3,7428.0,5516.0,12002.0,3060.0,0.0,71.0,45.0,132.0,23760.0,120.0,61.0,57.0,71.0,0.0,120.0
01.04.22,4,3,3,10523.0,7741.0,21841.0,2219.0,0.0,81.0,45.0,162.0,24480.0,120.0,63.0,56.0,71.0,2.0,480.0
02.04.22,5,3,3,5560.0,3925.0,22080.0,540.0,0.0,75.0,50.0,129.0,32640.0,120.0,61.0,53.0,69.0,1.0,2520.0
03.04.22,6,3,3,6749.0,4754.0,20641.0,1380.0,1860.0,79.0,54.0,160.0,30360.0,720.0,64.0,59.0,72.0,1.0,1140.0
04.04.22,0,3,3,6754.0,5091.0,12120.0,2340.0,0.0,72.0,47.0,103.0,21780.0,120.0,67.0,61.0,74.0,0.0,120.0
05.04.22,1,3,3,6838.0,5050.0,12241.0,2339.0,0.0,72.0,52.0,147.0,25020.0,120.0,64.0,60.0,69.0,0.0,120.0
06.04.22,2,3,3,7487.0,5418.0,15781.0,1440.0,0.0,76.0,61.0,99.0,24600.0,180.0,65.0,60.0,78.0,0.0,180.0
07.04.22,3,3,3,17543.0,12428.0,25980.0,5160.0,60.0,74.0,45.0,167.0,21300.0,120.0,62.0,60.0,69.0,0.0,120.0
08.04.22,4,3,3,18416.0,13356.0,22320.0,4920.0,0.0,79.0,49.0,168.0,27240.0,120.0,62.0,58.0,70.0,1.0,660.0
09.04.22,5,3,3,14933.0,10386.0,25561.0,1620.0,0.0,72.0,45.0,107.0,25560.0,120.0,62.0,57.0,70.0,0.0,120.0
10.04.22,6,3,3,7776.0,5620.0,19200.0,2280.0,0.0,71.0,57.0,206.0,14760.0,120.0,59.0,55.0,64.0,0.0,120.0
11.04.22,0,3,3,6205.0,4627.0,12361.0,2099.0,0.0,70.0,55.0,157.0,23880.0,120.0,61.0,56.0,68.0,1.0,300.0
12.04.22,1,3,3,6511.0,5145.0,9781.0,3480.0,0.0,71.0,58.0,114.0,23700.0,120.0,61.0,56.0,72.0,1.0,480.0
13.04.22,2,3,3,9432.0,6823.0,15541.0,2639.0,0.0,87.0,82.0,94.0,25620.0,120.0,59.0,54.0,67.0,0.0,180.0
14.04.22,3,3,3,7260.0,5541.0,11820.0,2701.0,0.0,,,,23400.0,120.0,59.0,52.0,67.0,0.0,120.0
15.04.22,4,3,3,11699.0,9069.0,15121.0,6360.0,0.0,74.0,49.0,144.0,31500.0,120.0,61.0,55.0,73.0,1.0,720.0
16.04.22,5,3,3,6524.0,4842.0,23460.0,1200.0,0.0,75.0,63.0,155.0,25740.0,120.0,64.0,58.0,68.0,0.0,240.0
17.04.22,6,3,3,4723.0,3361.0,17700.0,480.0,0.0,73.0,49.0,177.0,32760.0,120.0,60.0,55.0,66.0,0.0,240.0
18.04.22,0,3,3,8302.0,5994.0,21720.0,1740.0,0.0,76.0,56.0,121.0,32940.0,120.0,66.0,60.0,76.0,1.0,1620.0
19.04.22,1,3,3,6809.0,5140.0,14160.0,2220.0,0.0,71.0,51.0,147.0,24540.0,120.0,62.0,55.0,69.0,0.0,120.0
20.04.22,2,3,3,5221.0,3952.0,10619.0,2101.0,0.0,88.0,88.0,88.0,25380.0,120.0,60.0,56.0,66.0,0.0,180.0
21.04.22,3,3,3,5168.0,3743.0,12182.0,1020.0,0.0,75.0,62.0,139.0,25260.0,120.0,62.0,56.0,71.0,0.0,240.0
06.07.21,1,6,0,5578.0,4725.0,11040.0,2700.0,0.0,82.0,54.0,178.0,29640.0,120.0,59.0,50.0,99.0,2.0,3300.0
07.07.21,2,6,0,1892.0,1502.0,8220.0,180.0,0.0,80.0,59.0,192.0,32580.0,120.0,53.0,46.0,89.0,1.0,600.0
08.07.21,3,6,0,1518.0,1254.0,10381.0,0.0,0.0,78.0,45.0,163.0,25440.0,120.0,56.0,48.0,92.0,1.0,960.0
09.07.21,4,6,0,10640.0,10054.0,9001.0,600.0,12300.0,88.0,48.0,160.0,36180.0,2100.0,53.0,37.0,86.0,11.0,6540.0
10.07.21,5,6,0,6862.0,5518.0,22201.0,1500.0,900.0,80.0,43.0,125.0,24480.0,720.0,66.0,53.0,107.0,1.0,2640.0
11.07.21,6,6,0,7473.0,6231.0,16260.0,1500.0,2040.0,82.0,44.0,170.0,24180.0,120.0,55.0,48.0,95.0,0.0,120.0
12.07.21,0,6,0,8988.0,8508.0,11941.0,240.0,9000.0,94.0,61.0,174.0,,,,,,,
13.07.21,1,6,0,3347.0,2698.0,13501.0,419.0,0.0,83.0,51.0,193.0,,,,,,,
14.07.21,2,6,0,3991.0,3210.0,14581.0,720.0,2100.0,,,,24660.0,120.0,59.0,51.0,107.0,1.0,540.0
15.07.21,3,6,0,3232.0,2618.0,9001.0,1080.0,0.0,68.0,45.0,187.0,21420.0,120.0,59.0,50.0,99.0,5.0,2640.0
16.07.21,4,6,0,7180.0,5699.0,27122.0,1080.0,1080.0,77.0,37.0,122.0,23640.0,1380.0,52.0,48.0,69.0,0.0,1500.0
17.07.21,5,6,0,7336.0,6135.0,16742.0,1200.0,2100.0,81.0,40.0,186.0,,,,,,,
18.07.21,6,6,0,11799.0,9918.0,17222.0,1200.0,8400.0,83.0,48.0,169.0,24120.0,240.0,58.0,49.0,135.0,1.0,900.0
19.07.21,0,6,0,7368.0,5954.0,19202.0,1560.0,3360.0,81.0,43.0,181.0,23400.0,120.0,53.0,45.0,64.0,0.0,120.0
20.07.21,1,6,0,6902.0,5753.0,14223.0,1620.0,1980.0,90.0,45.0,169.0,24660.0,120.0,84.0,36.0,157.0,1.0,960.0
21.07.21,2,6,0,3003.0,2813.0,11040.0,0.0,7440.0,,,,18720.0,120.0,76.0,69.0,84.0,2.0,960.0
22.07.21,3,6,0,2574.0,2362.0,7020.0,360.0,5160.0,77.0,47.0,191.0,,,,,,,
23.07.21,4,6,0,8839.0,7385.0,18662.0,1500.0,5820.0,78.0,49.0,194.0,23220.0,540.0,57.0,48.0,73.0,2.0,1380.0
24.07.21,5,6,0,10165.0,8410.0,17403.0,4139.0,0.0,97.0,45.0,200.0,,,,,,,
25.07.21,6,6,0,9697.0,8076.0,18720.0,2400.0,3840.0,83.0,52.0,131.0,28140.0,120.0,61.0,50.0,91.0,1.0,780.0
26.07.21,0,6,0,6782.0,5375.0,20039.0,480.0,0.0,93.0,48.0,193.0,19020.0,240.0,64.0,56.0,72.0,1.0,480.0
27.07.21,1,6,0,7067.0,5677.0,13320.0,1140.0,0.0,86.0,45.0,179.0,24720.0,120.0,61.0,52.0,76.0,1.0,660.0
28.07.21,2,6,0,6310.0,5303.0,15901.0,1379.0,540.0,90.0,39.0,137.0,,,,,,,
29.07.21,3,6,0,1155.0,928.0,4081.0,0.0,0.0,80.0,52.0,106.0,26760.0,240.0,68.0,56.0,93.0,2.0,960.0
30.07.21,4,6,0,3008.0,2334.0,10141.0,120.0,0.0,100.0,73.0,136.0,,,,,,,
31.07.21,5,6,0,9329.0,7468.0,23641.0,1740.0,1860.0,91.0,45.0,184.0,13980.0,120.0,89.0,79.0,112.0,5.0,3720.0
01.08.21,6,7,0,3375.0,2655.0,11280.0,360.0,480.0,,,,16380.0,120.0,,,,0.0,3120.0
02.08.21,0,7,0,5213.0,4530.0,16741.0,1620.0,2940.0,79.0,46.0,116.0,17520.0,180.0,,,,1.0,360.0
03.08.21,1,7,0,12123.0,9690.0,28259.0,1020.0,2941.0,87.0,48.0,143.0,10380.0,120.0,78.0,69.0,88.0,1.0,1200.0
04.08.21,2,7,0,4171.0,3426.0,16381.0,240.0,2100.0,73.0,37.0,113.0,22380.0,120.0,75.0,62.0,90.0,3.0,2280.0
05.08.21,3,7,0,7714.0,6487.0,13741.0,1920.0,3480.0,84.0,45.0,207.0,21600.0,180.0,63.0,51.0,86.0,1.0,1920.0
06.08.21,4,7,0,6826.0,5696.0,19860.0,1020.0,2700.0,91.0,42.0,202.0,22140.0,120.0,62.0,51.0,82.0,1.0,540.0
07.08.21,5,7,0,11293.0,9608.0,23162.0,4440.0,0.0,87.0,47.0,181.0,,,,,,,
08.08.21,6,7,0,2623.0,2225.0,13562.0,180.0,1680.0,,,,18000.0,120.0,73.0,40.0,89.0,3.0,1680.0
09.08.21,0,7,0,8235.0,7503.0,12603.0,539.0,8700.0,83.0,53.0,127.0,17640.0,120.0,66.0,44.0,96.0,1.0,1380.0
10.08.21,1,7,0,10078.0,9167.0,15782.0,1201.0,8160.0,85.0,50.0,189.0,,,,,,,
11.08.21,2,7,0,5972.0,5307.0,15781.0,300.0,5219.0,83.0,41.0,148.0,28260.0,2880.0,66.0,44.0,123.0,5.0,4800.0
12.08.21,3,7,0,8959.0,8080.0,17701.0,300.0,11280.0,83.0,48.0,138.0,28800.0,120.0,65.0,51.0,99.0,1.0,1380.0
13.08.21,4,7,0,8183.0,6624.0,16081.0,1380.0,1980.0,79.0,41.0,148.0,26100.0,120.0,65.0,60.0,86.0,2.0,720.0
14.08.21,5,7,0,7153.0,5784.0,24600.0,180.0,2160.0,78.0,48.0,133.0,23161.0,1440.0,64.0,55.0,95.0,2.0,3299.0
15.08.21,6,7,0,14140.0,11262.0,34622.0,1680.0,1140.0,79.0,43.0,135.0,12780.0,120.0,66.0,52.0,78.0,0.0,120.0
16.08.21,0,7,0,7848.0,7003.0,13922.0,899.0,9539.0,83.0,55.0,198.0,23160.0,300.0,60.0,50.0,77.0,0.0,300.0
17.08.21,1,7,0,7343.0,6071.0,21124.0,240.0,7678.0,82.0,58.0,102.0,,,,,,,
18.08.21,2,7,0,6839.0,5802.0,19921.0,1260.0,5880.0,,,,20400.0,120.0,67.0,55.0,80.0,0.0,2100.0
19.08.21,3,7,0,7326.0,6004.0,20702.0,240.0,2220.0,80.0,37.0,195.0,30960.0,120.0,65.0,52.0,97.0,2.0,540.0
20.08.21,4,7,0,9434.0,8122.0,19321.0,1080.0,5640.0,81.0,49.0,181.0,17400.0,600.0,60.0,54.0,74.0,0.0,660.0
21.08.21,5,7,0,7641.0,6097.0,23340.0,300.0,4800.0,84.0,54.0,198.0,24960.0,2040.0,63.0,53.0,81.0,1.0,2580.0
22.08.21,6,7,0,7237.0,6144.0,17520.0,600.0,3720.0,79.0,58.0,123.0,24240.0,120.0,71.0,49.0,100.0,2.0,720.0
23.08.21,0,7,0,6552.0,5356.0,22500.0,541.0,1020.0,88.0,46.0,201.0,36420.0,120.0,60.0,49.0,87.0,3.0,3840.0
24.08.21,1,7,0,2178.0,1821.0,8821.0,120.0,1259.0,72.0,43.0,94.0,31800.0,120.0,67.0,53.0,99.0,4.0,6720.0
25.08.21,2,7,0,2600.0,2141.0,15061.0,0.0,2040.0,,,,22440.0,120.0,63.0,53.0,96.0,4.0,3660.0
26.08.21,3,7,0,2910.0,2719.0,3540.0,1800.0,0.0,81.0,52.0,102.0,29640.0,120.0,65.0,53.0,108.0,2.0,900.0
27.08.21,4,7,0,10199.0,8518.0,16139.0,3300.0,5820.0,83.0,46.0,150.0,20341.0,120.0,76.0,47.0,96.0,3.0,779.0
28.08.21,5,7,0,8483.0,6571.0,26101.0,180.0,0.0,80.0,46.0,189.0,22980.0,120.0,62.0,54.0,72.0,0.0,180.0
29.08.21,6,7,0,8866.0,7255.0,23641.0,480.0,2040.0,74.0,48.0,128.0,19980.0,120.0,60.0,47.0,94.0,1.0,300.0
30.08.21,0,7,0,2723.0,2401.0,10620.0,120.0,4500.0,77.0,46.0,126.0,35880.0,240.0,60.0,47.0,83.0,0.0,2880.0
31.08.21,1,7,0,2336.0,1967.0,11820.0,0.0,2880.0,,,,26340.0,120.0,57.0,47.0,83.0,2.0,1320.0
01.09.21,2,8,0,5659.0,4768.0,18599.0,180.0,5521.0,74.0,41.0,117.0,26580.0,120.0,56.0,49.0,73.0,2.0,1020.0
02.09.21,3,8,0,5299.0,4356.0,16261.0,180.0,3301.0,74.0,44.0,130.0,30480.0,120.0,58.0,49.0,86.0,4.0,1020.0
03.09.21,4,8,0,2286.0,1875.0,11581.0,60.0,1200.0,81.0,49.0,176.0,26340.0,120.0,62.0,48.0,75.0,1.0,360.0
04.09.21,5,8,0,4435.0,3665.0,12180.0,480.0,2220.0,91.0,55.0,181.0,24300.0,180.0,69.0,54.0,95.0,1.0,720.0
05.09.21,6,8,0,6785.0,5676.0,16142.0,1920.0,5461.0,81.0,51.0,114.0,24540.0,120.0,66.0,53.0,87.0,0.0,240.0
06.09.21,0,8,0,6358.0,5142.0,16979.0,420.0,2160.0,,,,27900.0,120.0,60.0,50.0,79.0,5.0,3300.0
07.09.21,1,8,0,7151.0,5596.0,16681.0,780.0,0.0,77.0,41.0,145.0,28920.0,180.0,62.0,49.0,113.0,3.0,2340.0
08.09.21,2,8,0,6339.0,4977.0,15599.0,361.0,1620.0,78.0,42.0,161.0,17220.0,360.0,57.0,50.0,65.0,1.0,7440.0
09.09.21,3,8,0,5889.0,4600.0,15783.0,959.0,0.0,80.0,42.0,144.0,28080.0,240.0,62.0,50.0,94.0,1.0,1381.0
10.09.21,4,8,0,4886.0,3910.0,14523.0,359.0,0.0,,,,37920.0,120.0,63.0,52.0,95.0,2.0,1441.0
11.09.21,5,8,0,6478.0,5359.0,12961.0,779.0,1740.0,84.0,46.0,122.0,33720.0,120.0,62.0,51.0,104.0,9.0,4860.0
12.09.21,6,8,0,2434.0,2156.0,8281.0,419.0,3900.0,81.0,55.0,169.0,13980.0,1380.0,64.0,53.0,103.0,3.0,2460.0
13.09.21,0,8,0,8184.0,6601.0,22561.0,240.0,1140.0,92.0,51.0,188.0,13500.0,120.0,59.0,51.0,69.0,2.0,480.0
14.09.21,1,8,0,5733.0,4501.0,18540.0,121.0,540.0,83.0,42.0,173.0,22860.0,120.0,66.0,54.0,127.0,4.0,1560.0
15.09.21,2,8,0,8222.0,6627.0,24063.0,778.0,2100.0,85.0,46.0,175.0,22500.0,120.0,63.0,53.0,83.0,3.0,1740.0
16.09.21,3,8,0,5968.0,4609.0,18781.0,181.0,0.0,79.0,45.0,119.0,19380.0,120.0,58.0,51.0,71.0,0.0,120.0
17.09.21,4,8,0,7761.0,6307.0,22981.0,180.0,1140.0,,,,25680.0,120.0,59.0,47.0,94.0,1.0,1500.0
18.09.21,5,8,0,11553.0,9245.0,23401.0,2400.0,5580.0,88.0,55.0,202.0,22740.0,120.0,68.0,55.0,108.0,1.0,1440.0
19.09.21,6,8,0,963.0,837.0,4441.0,0.0,3960.0,79.0,47.0,128.0,12120.0,120.0,64.0,54.0,106.0,0.0,180.0
20.09.21,0,8,0,7211.0,5628.0,20883.0,479.0,780.0,77.0,44.0,120.0,19680.0,120.0,57.0,52.0,72.0,0.0,120.0
21.09.21,1,8,0,5154.0,4081.0,16922.0,240.0,1860.0,66.0,38.0,134.0,25560.0,120.0,58.0,49.0,89.0,2.0,1440.0
22.09.21,2,8,1,5986.0,4945.0,24722.0,181.0,2580.0,78.0,45.0,160.0,,,,,,,
23.09.21,3,8,1,13617.0,11311.0,25500.0,3360.0,4260.0,90.0,52.0,153.0,25260.0,120.0,62.0,55.0,75.0,3.0,960.0
24.09.21,4,8,1,6556.0,5205.0,19560.0,601.0,60.0,72.0,47.0,112.0,21660.0,120.0,56.0,40.0,68.0,0.0,120.0
25.09.21,5,8,1,6036.0,5198.0,18543.0,480.0,7920.0,75.0,45.0,132.0,28260.0,120.0,59.0,51.0,107.0,2.0,720.0
26.09.21,6,8,1,6942.0,5488.0,20461.0,1620.0,540.0,76.0,53.0,104.0,22740.0,120.0,65.0,53.0,99.0,0.0,180.0
27.09.21,0,8,1,5225.0,4342.0,19082.0,180.0,2580.0,72.0,39.0,115.0,19020.0,120.0,62.0,54.0,85.0,5.0,2220.0
28.09.21,1,8,1,7948.0,6362.0,17883.0,1139.0,4140.0,84.0,62.0,194.0,19380.0,120.0,72.0,63.0,103.0,2.0,900.0
29.09.21,2,8,1,8821.0,7179.0,23161.0,1441.0,1920.0,75.0,62.0,89.0,25740.0,120.0,60.0,52.0,93.0,2.0,1080.0
30.09.21,3,8,1,8310.0,6884.0,23221.0,780.0,4140.0,,,,21720.0,120.0,65.0,57.0,94.0,1.0,300.0
01.10.21,4,9,1,8632.0,7476.0,18599.0,721.0,9960.0,91.0,47.0,195.0,27060.0,120.0,64.0,53.0,91.0,1.0,300.0
02.10.21,5,9,1,8654.0,7049.0,21120.0,721.0,3300.0,87.0,42.0,200.0,15000.0,120.0,80.0,69.0,112.0,1.0,300.0
03.10.21,6,9,1,4794.0,3875.0,7680.0,960.0,540.0,62.0,41.0,78.0,19080.0,180.0,67.0,52.0,83.0,4.0,2880.0
04.10.21,0,9,1,,,,,,,,,,,,,,,
05.10.21,1,9,1,,,,,,,,,,,,,,,
06.10.21,2,9,1,609.0,491.0,4680.0,0.0,0.0,80.0,63.0,119.0,,,,,,,
07.10.21,3,9,1,13612.0,12481.0,20219.0,3481.0,2520.0,87.0,49.0,203.0,,,,,,,
08.10.21,4,9,1,5132.0,4181.0,16681.0,0.0,1740.0,70.0,39.0,141.0,27420.0,120.0,68.0,57.0,89.0,0.0,180.0
09.10.21,5,9,1,4933.0,4039.0,17102.0,540.0,1380.0,79.0,43.0,113.0,22200.0,120.0,73.0,56.0,86.0,2.0,1140.0
10.10.21,6,9,1,12219.0,10215.0,14700.0,4261.0,600.0,,,,19080.0,120.0,74.0,60.0,107.0,2.0,600.0
11.10.21,0,9,1,5796.0,4839.0,24361.0,60.0,4300.0,86.0,45.0,185.0,31140.0,120.0,62.0,52.0,91.0,4.0,1800.0
12.10.21,1,9,1,4228.0,3645.0,17521.0,0.0,3019.0,77.0,37.0,191.0,20640.0,120.0,67.0,58.0,89.0,3.0,2340.0
13.10.21,2,9,1,6785.0,5388.0,11040.0,1561.0,0.0,77.0,44.0,143.0,,,,,,,
14.10.21,3,9,1,5957.0,4817.0,9421.0,1800.0,540.0,76.0,49.0,121.0,28500.0,120.0,68.0,60.0,108.0,4.0,1260.0
15.10.21,4,9,1,4919.0,3897.0,7862.0,1439.0,0.0,80.0,48.0,131.0,,,,,,,
16.10.21,5,9,1,,,,,,,,,,,,,,,
17.10.21,6,9,1,,,,,,,,,,,,,,,
18.10.21,0,9,1,,,,,,,,,,,,,,,
19.10.21,1,9,1,5182.0,4095.0,21963.0,180.0,0.0,71.0,43.0,112.0,23760.0,120.0,62.0,55.0,73.0,2.0,1260.0
20.10.21,2,9,1,5718.0,4919.0,18301.0,360.0,2706.0,84.0,45.0,159.0,29520.0,120.0,62.0,51.0,78.0,1.0,360.0
21.10.21,3,9,1,5653.0,4682.0,21902.0,180.0,2400.0,81.0,42.0,137.0,,,,,,,
22.10.21,4,9,1,6550.0,5763.0,16921.0,1080.0,5373.0,89.0,49.0,173.0,24600.0,120.0,66.0,59.0,85.0,2.0,540.0
23.10.21,5,9,1,10338.0,8483.0,28621.0,360.0,4138.0,86.0,41.0,111.0,27660.0,120.0,69.0,57.0,92.0,2.0,1260.0
24.10.21,6,9,1,11411.0,9017.0,27601.0,1800.0,1414.0,82.0,45.0,195.0,,,,,,,
25.10.21,0,9,1,5363.0,4302.0,20280.0,180.0,1001.0,71.0,48.0,147.0,22680.0,120.0,65.0,56.0,76.0,0.0,600.0
26.10.21,1,9,1,5489.0,4508.0,22200.0,360.0,346.0,82.0,46.0,157.0,25800.0,120.0,62.0,52.0,79.0,1.0,540.0
27.10.21,2,9,1,5522.0,4512.0,16740.0,300.0,2140.0,74.0,37.0,158.0,22740.0,180.0,63.0,53.0,97.0,3.0,1140.0
28.10.21,3,9,1,7975.0,6423.0,17463.0,1500.0,1381.0,87.0,47.0,165.0,22620.0,960.0,70.0,42.0,95.0,2.0,2400.0
29.10.21,4,9,1,4214.0,3440.0,11700.0,480.0,769.0,89.0,40.0,191.0,27420.0,120.0,66.0,55.0,94.0,2.0,1080.0
30.10.21,5,9,1,4128.0,3165.0,7861.0,959.0,0.0,90.0,45.0,172.0,,,,,,,
31.10.21,6,9,1,2346.0,2017.0,12181.0,180.0,60.0,80.0,42.0,113.0,40080.0,120.0,60.0,50.0,90.0,1.0,1080.0
01.11.21,0,10,1,7564.0,6332.0,17700.0,1620.0,1052.0,75.0,43.0,145.0,31920.0,120.0,61.0,54.0,73.0,1.0,780.0
02.11.21,1,10,1,5360.0,4342.0,17100.0,960.0,600.0,79.0,50.0,112.0,29460.0,120.0,63.0,53.0,90.0,1.0,840.0
03.11.21,2,10,1,5158.0,4094.0,17160.0,720.0,540.0,82.0,45.0,190.0,22560.0,120.0,64.0,54.0,83.0,1.0,600.0
04.11.21,3,10,1,7175.0,5765.0,22919.0,300.0,2940.0,73.0,41.0,127.0,24600.0,120.0,63.0,54.0,108.0,2.0,1860.0
05.11.21,4,10,1,12618.0,10936.0,13681.0,4019.0,3360.0,80.0,47.0,133.0,29340.0,120.0,57.0,49.0,71.0,1.0,780.0
06.11.21,5,10,1,6331.0,5631.0,8280.0,840.0,4700.0,,,,31140.0,480.0,74.0,62.0,94.0,3.0,1740.0
07.11.21,6,10,1,3033.0,2771.0,8402.0,1140.0,3606.0,78.0,43.0,160.0,23700.0,240.0,76.0,59.0,89.0,2.0,900.0
08.11.21,0,10,1,8139.0,6805.0,19141.0,600.0,3360.0,77.0,45.0,112.0,28440.0,120.0,60.0,51.0,93.0,2.0,1680.0
09.11.21,1,10,1,4103.0,3641.0,21420.0,0.0,6878.0,75.0,41.0,158.0,,,,,,,
10.11.21,2,10,1,6780.0,5719.0,21120.0,2100.0,2400.0,73.0,47.0,167.0,23460.0,120.0,59.0,52.0,80.0,8.0,3600.0
11.11.21,3,10,1,6813.0,5530.0,18360.0,840.0,1200.0,78.0,44.0,201.0,22680.0,120.0,60.0,52.0,88.0,2.0,660.0
12.11.21,4,10,1,9168.0,7392.0,24840.0,840.0,1620.0,80.0,44.0,177.0,25560.0,120.0,58.0,51.0,73.0,2.0,1860.0
13.11.21,5,10,1,9350.0,7606.0,21540.0,1440.0,1320.0,79.0,45.0,140.0,32700.0,120.0,57.0,48.0,87.0,1.0,300.0
14.11.21,6,10,1,6201.0,4962.0,21480.0,300.0,540.0,84.0,57.0,124.0,32580.0,120.0,73.0,59.0,88.0,4.0,960.0
15.11.21,0,10,1,6077.0,5042.0,18241.0,300.0,2940.0,79.0,46.0,141.0,23160.0,120.0,61.0,50.0,79.0,3.0,1860.0
16.11.21,1,10,1,5434.0,4326.0,24300.0,60.0,0.0,69.0,48.0,106.0,26160.0,120.0,62.0,50.0,97.0,0.0,120.0
17.11.21,2,10,1,6820.0,5439.0,20580.0,120.0,1080.0,71.0,40.0,103.0,22020.0,120.0,65.0,53.0,85.0,1.0,660.0
18.11.21,3,10,1,7001.0,5524.0,17821.0,540.0,720.0,69.0,42.0,126.0,25260.0,120.0,62.0,51.0,72.0,0.0,660.0
19.11.21,4,10,1,4116.0,3261.0,13801.0,0.0,0.0,70.0,48.0,104.0,26880.0,120.0,59.0,49.0,97.0,5.0,2160.0
20.11.21,5,10,1,5563.0,4508.0,19742.0,300.0,1140.0,92.0,42.0,183.0,28560.0,120.0,61.0,51.0,77.0,0.0,240.0
21.11.21,6,10,1,6571.0,5491.0,15361.0,2400.0,600.0,82.0,38.0,173.0,25920.0,120.0,64.0,52.0,102.0,1.0,540.0
22.11.21,0,10,1,6888.0,5897.0,18660.0,660.0,3230.0,74.0,45.0,144.0,26940.0,120.0,64.0,52.0,101.0,2.0,1140.0
23.11.21,1,10,1,5225.0,5174.0,12180.0,120.0,16260.0,72.0,44.0,186.0,31140.0,120.0,62.0,55.0,84.0,3.0,1320.0
24.11.21,2,10,1,6365.0,5752.0,20282.0,0.0,8040.0,,,,27900.0,120.0,58.0,50.0,72.0,0.0,120.0
25.11.21,3,10,1,5570.0,4426.0,20038.0,241.0,720.0,,,,24960.0,120.0,66.0,53.0,90.0,2.0,960.0
26.11.21,4,10,1,5492.0,4545.0,21300.0,60.0,2160.0,79.0,44.0,167.0,19800.0,120.0,58.0,51.0,77.0,1.0,300.0
27.11.21,5,10,1,5126.0,4164.0,6481.0,1560.0,0.0,84.0,44.0,132.0,19740.0,120.0,65.0,56.0,93.0,1.0,360.0
28.11.21,6,10,1,2138.0,1772.0,10140.0,180.0,0.0,75.0,46.0,137.0,22080.0,120.0,64.0,57.0,75.0,0.0,120.0
29.11.21,0,10,1,8530.0,7125.0,12479.0,3661.0,0.0,,,,35100.0,120.0,62.0,54.0,86.0,2.0,900.0
30.11.21,1,10,1,11601.0,9902.0,18690.0,4861.0,0.0,76.0,46.0,155.0,20760.0,120.0,59.0,51.0,72.0,1.0,420.0
01.12.21,2,11,1,10547.0,8390.0,19919.0,2822.0,0.0,,,,25800.0,120.0,63.0,57.0,87.0,1.0,720.0
02.12.21,3,11,1,6752.0,5327.0,19802.0,840.0,1463.0,78.0,40.0,152.0,21780.0,120.0,62.0,56.0,87.0,1.0,840.0
03.12.21,4,11,1,7363.0,6225.0,18125.0,960.0,2063.0,80.0,42.0,164.0,18360.0,7020.0,60.0,52.0,69.0,0.0,7020.0
04.12.21,5,11,1,8282.0,6705.0,17039.0,1320.0,1740.0,89.0,53.0,201.0,,,,,,,
05.12.21,6,11,1,1769.0,1431.0,10322.0,120.0,0.0,81.0,53.0,185.0,30600.0,120.0,59.0,44.0,76.0,5.0,2280.0
06.12.21,0,11,1,9119.0,8082.0,12240.0,2520.0,2160.0,79.0,47.0,181.0,22980.0,180.0,59.0,53.0,85.0,1.0,360.0
07.12.21,1,11,1,7064.0,5723.0,18542.0,1200.0,2160.0,93.0,68.0,104.0,18240.0,120.0,72.0,54.0,101.0,5.0,600.0
08.12.21,2,11,1,5889.0,4750.0,17041.0,299.0,2700.0,74.0,43.0,122.0,24120.0,240.0,65.0,55.0,85.0,1.0,900.0
09.12.21,3,11,1,4753.0,3772.0,20880.0,180.0,0.0,82.0,46.0,140.0,15540.0,120.0,77.0,66.0,99.0,3.0,2340.0
10.12.21,4,11,1,5267.0,4277.0,15961.0,660.0,1800.0,74.0,36.0,168.0,29460.0,120.0,70.0,44.0,98.0,2.0,2040.0
11.12.21,5,11,1,7729.0,6256.0,10020.0,3840.0,1560.0,,,,22860.0,180.0,62.0,57.0,73.0,1.0,600.0
12.12.21,6,11,1,2312.0,1904.0,12420.0,180.0,0.0,74.0,42.0,102.0,34080.0,120.0,59.0,51.0,86.0,3.0,1680.0
13.12.21,0,11,1,3844.0,3074.0,12781.0,120.0,0.0,69.0,36.0,152.0,,,,,,,
14.12.21,1,11,1,1498.0,1229.0,7920.0,0.0,1080.0,86.0,48.0,144.0,41820.0,240.0,60.0,53.0,79.0,3.0,1440.0
15.12.21,2,11,1,4140.0,3419.0,11340.0,360.0,1380.0,79.0,48.0,155.0,,,,,,,
16.12.21,3,11,1,6558.0,5206.0,18600.0,900.0,1140.0,78.0,47.0,186.0,24720.0,120.0,67.0,41.0,90.0,1.0,3240.0
17.12.21,4,11,1,8717.0,6934.0,19920.0,1560.0,540.0,85.0,51.0,189.0,,,,,,,
18.12.21,5,11,1,6002.0,4830.0,11100.0,960.0,1860.0,88.0,50.0,194.0,18480.0,120.0,83.0,76.0,98.0,2.0,960.0
19.12.21,6,11,1,3067.0,2398.0,7680.0,540.0,0.0,84.0,36.0,115.0,,,,,,,
20.12.21,0,11,1,13294.0,10879.0,18960.0,4620.0,0.0,81.0,49.0,140.0,10500.0,120.0,57.0,52.0,69.0,0.0,360.0
21.12.21,1,11,2,8934.0,6998.0,18420.0,1320.0,0.0,79.0,44.0,192.0,13740.0,120.0,66.0,61.0,72.0,0.0,120.0
22.12.21,2,11,2,11391.0,9038.0,26640.0,2280.0,0.0,84.0,43.0,196.0,15480.0,120.0,67.0,59.0,76.0,1.0,300.0
23.12.21,3,11,2,2842.0,2283.0,9421.0,300.0,0.0,73.0,49.0,119.0,,,,,,,
24.12.21,4,11,2,4167.0,3387.0,17101.0,179.0,0.0,77.0,43.0,180.0,,,,,,,
25.12.21,5,11,2,3191.0,2669.0,17160.0,60.0,0.0,84.0,50.0,183.0,,,,,,,
26.12.21,6,11,2,4503.0,3702.0,18060.0,120.0,3060.0,90.0,54.0,133.0,37200.0,900.0,67.0,54.0,99.0,4.0,2340.0
27.12.21,0,11,2,1558.0,1302.0,6660.0,120.0,720.0,80.0,53.0,141.0,22140.0,120.0,64.0,56.0,123.0,3.0,1380.0
28.12.21,1,11,2,6845.0,5587.0,13980.0,1800.0,0.0,86.0,39.0,198.0,,,,,,,
29.12.21,2,11,2,13134.0,10614.0,19622.0,5940.0,0.0,76.0,40.0,115.0,18360.0,120.0,65.0,57.0,81.0,1.0,960.0
30.12.21,3,11,2,6843.0,6232.0,16500.0,60.0,9900.0,,,,30420.0,120.0,57.0,49.0,85.0,2.0,1380.0
31.12.21,4,11,2,1212.0,968.0,3780.0,60.0,0.0,85.0,48.0,97.0,,,,,,,
01.01.22,5,0,2,7140.0,5854.0,19380.0,0.0,2220.0,91.0,46.0,137.0,33420.0,120.0,72.0,54.0,87.0,0.0,120.0
02.01.22,6,0,2,11328.0,8836.0,18000.0,2642.0,0.0,76.0,41.0,128.0,24360.0,180.0,66.0,56.0,75.0,0.0,180.0
03.01.22,0,0,2,4598.0,4220.0,11520.0,60.0,6780.0,77.0,37.0,118.0,32400.0,120.0,61.0,47.0,73.0,4.0,1920.0
04.01.22,1,0,2,3009.0,2472.0,18119.0,0.0,720.0,68.0,46.0,101.0,38460.0,120.0,65.0,55.0,113.0,4.0,3900.0
05.01.22,2,0,2,5417.0,4310.0,20702.0,180.0,0.0,78.0,47.0,116.0,30540.0,120.0,64.0,46.0,90.0,2.0,960.0
06.01.22,3,0,2,4825.0,3852.0,15362.0,180.0,0.0,83.0,48.0,161.0,30060.0,120.0,68.0,59.0,110.0,3.0,2700.0
07.01.22,4,0,2,3683.0,2922.0,13200.0,360.0,0.0,79.0,49.0,155.0,,,,,,,
08.01.22,5,0,2,2150.0,1737.0,10501.0,120.0,780.0,84.0,51.0,184.0,34200.0,120.0,72.0,62.0,93.0,2.0,2760.0
09.01.22,6,0,2,1667.0,1386.0,10501.0,0.0,0.0,74.0,40.0,106.0,28500.0,120.0,64.0,52.0,74.0,2.0,1320.0
10.01.22,0,0,2,7364.0,5960.0,25620.0,120.0,1980.0,85.0,45.0,191.0,18480.0,120.0,69.0,60.0,87.0,2.0,1140.0
11.01.22,1,0,2,4543.0,3658.0,18421.0,60.0,540.0,71.0,44.0,124.0,24840.0,120.0,66.0,56.0,83.0,0.0,120.0
12.01.22,2,0,2,6738.0,5375.0,21300.0,120.0,600.0,78.0,48.0,134.0,,,,,,,
13.01.22,3,0,2,1837.0,1515.0,9480.0,0.0,764.0,79.0,44.0,176.0,26220.0,2160.0,63.0,58.0,72.0,0.0,2400.0
14.01.22,4,0,2,11575.0,9227.0,20520.0,2340.0,0.0,89.0,45.0,200.0,18000.0,120.0,69.0,43.0,88.0,1.0,360.0
15.01.22,5,0,2,7091.0,5682.0,14580.0,2640.0,2220.0,84.0,46.0,196.0,28620.0,120.0,69.0,62.0,98.0,3.0,1920.0
16.01.22,6,0,2,,,,,,,,,33600.0,180.0,72.0,59.0,95.0,4.0,2280.0
17.01.22,0,0,2,8024.0,6935.0,10620.0,2760.0,60.0,70.0,42.0,170.0,23460.0,120.0,63.0,57.0,69.0,2.0,1200.0
18.01.22,1,0,2,12317.0,10516.0,21120.0,3960.0,0.0,63.0,38.0,137.0,20820.0,120.0,65.0,49.0,76.0,0.0,120.0
19.01.22,2,0,2,12005.0,9766.0,20880.0,2460.0,0.0,73.0,46.0,146.0,20160.0,120.0,67.0,38.0,98.0,3.0,2400.0
20.01.22,3,0,2,10980.0,8644.0,28439.0,1020.0,600.0,80.0,42.0,150.0,18540.0,240.0,71.0,65.0,80.0,0.0,240.0
21.01.22,4,0,2,9108.0,7528.0,18719.0,1920.0,0.0,71.0,42.0,107.0,20100.0,120.0,67.0,59.0,98.0,1.0,420.0
22.01.22,5,0,2,8486.0,7024.0,20520.0,900.0,0.0,81.0,43.0,152.0,22260.0,120.0,60.0,49.0,78.0,0.0,600.0
23.01.22,6,0,2,3805.0,3058.0,8880.0,720.0,0.0,77.0,48.0,193.0,29700.0,5340.0,69.0,58.0,101.0,0.0,5340.0
24.01.22,0,0,2,8888.0,7283.0,24600.0,600.0,2700.0,75.0,42.0,124.0,24480.0,120.0,66.0,57.0,91.0,0.0,180.0
25.01.22,1,0,2,9055.0,7230.0,26339.0,1200.0,0.0,86.0,48.0,134.0,19080.0,120.0,60.0,38.0,72.0,0.0,480.0
26.01.22,2,0,2,8689.0,7019.0,22380.0,1680.0,540.0,76.0,38.0,162.0,21240.0,120.0,66.0,57.0,76.0,0.0,120.0
27.01.22,3,0,2,11444.0,9199.0,26639.0,1741.0,0.0,72.0,42.0,102.0,20520.0,600.0,70.0,62.0,82.0,2.0,1140.0
28.01.22,4,0,2,10710.0,8480.0,20820.0,1260.0,0.0,86.0,54.0,169.0,19860.0,120.0,69.0,56.0,101.0,1.0,1440.0
29.01.22,5,0,2,2076.0,1665.0,2700.0,180.0,960.0,91.0,78.0,117.0,,,,,,,
30.01.22,6,0,2,7124.0,5686.0,19681.0,780.0,1260.0,72.0,38.0,155.0,29640.0,1140.0,70.0,38.0,105.0,1.0,2040.0
31.01.22,0,0,2,12600.0,10940.0,21360.0,3780.0,660.0,85.0,46.0,186.0,21360.0,120.0,70.0,55.0,101.0,1.0,660.0
01.02.22,1,1,2,8419.0,7062.0,17220.0,2460.0,0.0,62.0,43.0,124.0,18960.0,120.0,64.0,62.0,67.0,0.0,540.0
02.02.22,2,1,2,10034.0,8434.0,24300.0,2040.0,0.0,77.0,40.0,176.0,21000.0,120.0,63.0,53.0,99.0,2.0,1980.0
03.02.22,3,1,2,7915.0,6358.0,16260.0,2280.0,0.0,62.0,38.0,104.0,25320.0,120.0,67.0,55.0,81.0,1.0,600.0
04.02.22,4,1,2,9220.0,7638.0,15001.0,2520.0,540.0,74.0,40.0,163.0,21240.0,360.0,68.0,48.0,102.0,1.0,660.0
05.02.22,5,1,2,23531.0,20075.0,17040.0,11708.0,0.0,85.0,38.0,174.0,24480.0,120.0,63.0,48.0,80.0,0.0,1260.0
06.02.22,6,1,2,6032.0,4847.0,13320.0,1140.0,1140.0,83.0,49.0,185.0,36480.0,120.0,66.0,36.0,81.0,3.0,1680.0
07.02.22,0,1,2,12021.0,10465.0,13862.0,5160.0,1560.0,81.0,45.0,158.0,19560.0,120.0,65.0,44.0,91.0,2.0,480.0
08.02.22,1,1,2,7191.0,5807.0,16440.0,780.0,0.0,79.0,52.0,105.0,20280.0,120.0,59.0,47.0,72.0,2.0,1020.0
09.02.22,2,1,2,10378.0,8670.0,17824.0,2999.0,0.0,76.0,42.0,144.0,19200.0,120.0,66.0,57.0,92.0,1.0,660.0
10.02.22,3,1,2,14044.0,11789.0,28500.0,2100.0,420.0,83.0,38.0,201.0,20340.0,120.0,65.0,57.0,93.0,1.0,360.0
11.02.22,4,1,2,8150.0,6575.0,18900.0,1020.0,3360.0,79.0,35.0,153.0,19500.0,120.0,69.0,44.0,77.0,0.0,120.0
12.02.22,5,1,2,3164.0,2531.0,12179.0,360.0,1140.0,70.0,37.0,96.0,30300.0,120.0,76.0,65.0,112.0,2.0,1620.0
13.02.22,6,1,2,6841.0,5720.0,15360.0,2520.0,540.0,78.0,42.0,121.0,23220.0,120.0,63.0,38.0,95.0,1.0,480.0
14.02.22,0,1,2,3655.0,2859.0,8520.0,240.0,0.0,69.0,41.0,122.0,18540.0,120.0,62.0,39.0,74.0,2.0,1200.0
15.02.22,1,1,2,6959.0,5404.0,19320.0,780.0,0.0,66.0,42.0,128.0,20460.0,120.0,79.0,63.0,116.0,0.0,1980.0
16.02.22,2,1,2,11569.0,11586.0,14039.0,2520.0,1560.0,84.0,41.0,195.0,16980.0,300.0,70.0,65.0,90.0,0.0,300.0
17.02.22,3,1,2,8418.0,6838.0,19080.0,1680.0,0.0,68.0,40.0,162.0,19080.0,120.0,66.0,58.0,72.0,1.0,300.0
18.02.22,4,1,2,11203.0,8856.0,23640.0,1200.0,0.0,72.0,43.0,204.0,18900.0,120.0,68.0,41.0,101.0,0.0,1200.0
19.02.22,5,1,2,4146.0,3440.0,13380.0,420.0,1980.0,73.0,43.0,126.0,13440.0,120.0,64.0,58.0,73.0,1.0,300.0
20.02.22,6,1,2,1436.0,1193.0,21001.0,60.0,1620.0,80.0,58.0,105.0,,,,,,,
21.02.22,0,1,2,6515.0,5232.0,17100.0,720.0,600.0,74.0,44.0,148.0,18720.0,120.0,66.0,59.0,88.0,0.0,120.0
22.02.22,1,1,2,17281.0,16915.0,16561.0,4259.0,2280.0,86.0,36.0,195.0,16740.0,120.0,63.0,59.0,71.0,1.0,540.0
23.02.22,2,1,2,9182.0,7481.0,16320.0,2460.0,0.0,73.0,40.0,116.0,21060.0,120.0,66.0,62.0,78.0,2.0,540.0
24.02.22,3,1,2,7455.0,6026.0,15060.0,1260.0,0.0,68.0,43.0,119.0,19560.0,180.0,70.0,66.0,79.0,0.0,300.0
25.02.22,4,1,2,6153.0,4891.0,15480.0,720.0,0.0,64.0,40.0,128.0,18900.0,240.0,84.0,67.0,113.0,2.0,2580.0
26.02.22,5,1,2,3270.0,2690.0,10080.0,480.0,3000.0,70.0,45.0,118.0,15300.0,120.0,65.0,56.0,74.0,0.0,180.0
27.02.22,6,1,2,2553.0,2303.0,8280.0,420.0,660.0,84.0,44.0,192.0,38940.0,120.0,62.0,41.0,81.0,2.0,1380.0
28.02.22,0,1,2,10226.0,8160.0,18480.0,1860.0,0.0,75.0,40.0,126.0,18420.0,120.0,59.0,39.0,80.0,1.0,720.0
01.03.22,1,2,2,6971.0,5756.0,11280.0,2160.0,0.0,72.0,42.0,131.0,18660.0,120.0,75.0,62.0,118.0,2.0,2940.0
02.03.22,2,2,2,12516.0,13235.0,12299.0,3000.0,2040.0,78.0,42.0,196.0,20220.0,120.0,69.0,62.0,95.0,1.0,300.0
03.03.22,3,2,2,9334.0,7370.0,20281.0,1320.0,0.0,74.0,38.0,120.0,21420.0,120.0,68.0,62.0,91.0,1.0,780.0
04.03.22,4,2,2,10604.0,8523.0,11760.0,4200.0,1320.0,70.0,39.0,158.0,,,,,,,
05.03.22,5,2,2,7692.0,6295.0,21542.0,359.0,2880.0,78.0,42.0,135.0,16200.0,120.0,67.0,62.0,75.0,0.0,180.0
06.03.22,6,2,2,4206.0,3624.0,7800.0,1020.0,3840.0,83.0,40.0,129.0,24660.0,120.0,74.0,66.0,91.0,2.0,780.0
07.03.22,0,2,2,9780.0,8193.0,19261.0,2520.0,600.0,74.0,42.0,131.0,20940.0,120.0,66.0,59.0,78.0,1.0,900.0
08.03.22,1,2,2,12991.0,11204.0,21061.0,2820.0,420.0,86.0,53.0,190.0,29100.0,120.0,73.0,47.0,88.0,4.0,1860.0
09.03.22,2,2,2,7438.0,6508.0,10500.0,2760.0,60.0,64.0,39.0,145.0,22080.0,120.0,72.0,59.0,97.0,1.0,2940.0
10.03.22,3,2,2,13698.0,13544.0,14100.0,2820.0,1860.0,80.0,46.0,197.0,18780.0,120.0,64.0,37.0,113.0,0.0,960.0
11.03.22,4,2,2,14567.0,11941.0,23161.0,3780.0,0.0,79.0,45.0,129.0,19440.0,120.0,65.0,60.0,75.0,1.0,2040.0
12.03.22,5,2,2,1986.0,1683.0,7920.0,60.0,1980.0,70.0,36.0,107.0,10800.0,120.0,74.0,67.0,97.0,2.0,1020.0
13.03.22,6,2,2,6510.0,5332.0,12301.0,2820.0,0.0,70.0,43.0,119.0,26520.0,120.0,73.0,55.0,100.0,2.0,900.0
14.03.22,0,2,2,12118.0,9867.0,20700.0,2880.0,780.0,83.0,43.0,137.0,22680.0,420.0,69.0,61.0,94.0,1.0,1260.0
15.03.22,1,2,2,15823.0,14016.0,13920.0,7380.0,60.0,89.0,44.0,130.0,14160.0,660.0,67.0,60.0,74.0,0.0,660.0
16.03.22,2,2,2,5731.0,4517.0,13320.0,780.0,0.0,84.0,43.0,191.0,23280.0,120.0,83.0,76.0,111.0,2.0,1140.0
17.03.22,3,2,2,2007.0,1561.0,6480.0,120.0,0.0,75.0,49.0,108.0,33300.0,120.0,,,,1.0,1080.0
18.03.22,4,2,2,11487.0,8975.0,25200.0,1200.0,0.0,83.0,43.0,205.0,18840.0,120.0,63.0,46.0,77.0,3.0,660.0
19.03.22,5,2,2,1303.0,1044.0,7919.0,0.0,0.0,87.0,41.0,202.0,,,,,,,
20.03.22,6,2,3,2706.0,2129.0,11460.0,240.0,0.0,69.0,43.0,128.0,20220.0,120.0,68.0,59.0,72.0,3.0,2160.0
21.03.22,0,2,3,9950.0,7793.0,22140.0,1320.0,0.0,70.0,47.0,105.0,18420.0,120.0,57.0,53.0,67.0,1.0,1260.0
22.03.22,1,2,3,12379.0,9883.0,23160.0,2880.0,0.0,81.0,45.0,119.0,23220.0,120.0,68.0,60.0,83.0,1.0,900.0
23.03.22,2,2,3,9908.0,8032.0,18300.0,1320.0,600.0,69.0,40.0,138.0,21300.0,120.0,65.0,55.0,78.0,1.0,1020.0
24.03.22,3,2,3,10131.0,8146.0,16139.0,1560.0,1740.0,74.0,40.0,171.0,18300.0,120.0,62.0,57.0,71.0,0.0,1260.0
25.03.22,4,2,3,7424.0,5942.0,15002.0,1020.0,0.0,77.0,44.0,111.0,15540.0,120.0,68.0,59.0,71.0,0.0,120.0
26.03.22,5,2,3,5441.0,4506.0,15360.0,660.0,2580.0,79.0,43.0,133.0,19440.0,120.0,63.0,38.0,74.0,1.0,360.0
27.03.22,6,2,3,1482.0,1286.0,2880.0,240.0,1020.0,69.0,48.0,90.0,,,,,,,
28.03.22,0,2,3,12851.0,10942.0,21480.0,3660.0,720.0,76.0,44.0,152.0,17760.0,120.0,61.0,48.0,68.0,0.0,1020.0
29.03.22,1,2,3,6768.0,5531.0,12720.0,1620.0,0.0,75.0,45.0,189.0,20820.0,120.0,64.0,62.0,70.0,0.0,120.0
30.03.22,2,2,3,4907.0,3979.0,12300.0,720.0,60.0,78.0,42.0,159.0,19560.0,120.0,68.0,61.0,88.0,0.0,120.0
31.03.22,3,2,3,8077.0,6392.0,19080.0,1020.0,0.0,73.0,44.0,127.0,16980.0,120.0,67.0,58.0,98.0,0.0,1380.0
01.04.22,4,3,3,10241.0,8522.0,18480.0,3600.0,0.0,78.0,45.0,120.0,21240.0,120.0,65.0,60.0,72.0,0.0,120.0
02.04.22,5,3,3,1957.0,1570.0,5580.0,420.0,0.0,90.0,49.0,193.0,,,,,,,
03.04.22,6,3,3,5301.0,4367.0,7260.0,2340.0,0.0,79.0,41.0,196.0,17220.0,120.0,70.0,52.0,91.0,1.0,1080.0
04.04.22,0,3,3,7559.0,6107.0,13861.0,1560.0,0.0,77.0,41.0,123.0,21360.0,120.0,65.0,61.0,79.0,1.0,1380.0
05.04.22,1,3,3,9998.0,8463.0,11880.0,4020.0,600.0,74.0,44.0,147.0,20100.0,120.0,68.0,60.0,98.0,1.0,1920.0
06.04.22,2,3,3,8277.0,6535.0,22980.0,900.0,0.0,71.0,40.0,122.0,22080.0,120.0,73.0,61.0,98.0,1.0,300.0
07.04.22,3,3,3,7882.0,6399.0,8400.0,480.0,4200.0,82.0,49.0,168.0,18420.0,120.0,69.0,48.0,103.0,1.0,1560.0
08.04.22,4,3,3,9343.0,7608.0,10380.0,540.0,6060.0,98.0,45.0,161.0,15780.0,120.0,74.0,41.0,100.0,1.0,1500.0
09.04.22,5,3,3,11974.0,9905.0,13919.0,4681.0,1020.0,77.0,36.0,114.0,,,,,,,
10.04.22,6,3,3,4872.0,3924.0,13620.0,1200.0,0.0,76.0,40.0,200.0,,,,,,,
11.04.22,0,3,3,6358.0,5051.0,16380.0,1080.0,0.0,72.0,42.0,111.0,17040.0,120.0,67.0,55.0,79.0,1.0,1380.0
12.04.22,1,3,3,6345.0,4972.0,17160.0,360.0,0.0,71.0,42.0,113.0,20280.0,120.0,61.0,58.0,68.0,3.0,2400.0
13.04.22,2,3,3,2892.0,2274.0,8641.0,180.0,0.0,82.0,49.0,118.0,,,,,,,
14.04.22,3,3,3,11152.0,9176.0,20002.0,3420.0,1440.0,84.0,46.0,137.0,19080.0,120.0,69.0,60.0,95.0,0.0,1440.0
15.04.22,4,3,3,4367.0,3630.0,16743.0,480.0,1680.0,76.0,43.0,122.0,,,,,,,
16.04.22,5,3,3,7034.0,5484.0,16320.0,900.0,0.0,80.0,40.0,187.0,19320.0,120.0,66.0,58.0,95.0,1.0,420.0
17.04.22,6,3,3,3058.0,2450.0,9841.0,180.0,0.0,71.0,45.0,108.0,34260.0,120.0,62.0,41.0,84.0,1.0,600.0
18.04.22,0,3,3,4781.0,3925.0,12540.0,1020.0,1140.0,77.0,46.0,139.0,17460.0,120.0,73.0,61.0,86.0,2.0,1140.0
19.04.22,1,3,3,12241.0,9765.0,22260.0,1800.0,0.0,83.0,57.0,197.0,15960.0,180.0,67.0,60.0,82.0,1.0,420.0
20.04.22,2,3,3,13761.0,10932.0,19680.0,4200.0,0.0,78.0,48.0,118.0,24840.0,120.0,67.0,58.0,92.0,4.0,1560.0
21.04.22,3,3,3,7429.0,5955.0,21480.0,240.0,1620.0,81.0,46.0,162.0,20760.0,180.0,66.0,58.0,73.0,7.0,3120.0
06.07.21,1,6,0,977.0,782.0,4622.0,0.0,0.0,65.0,57.0,87.0,26340.0,120.0,62.0,57.0,79.0,4.0,1560.0
07.07.21,2,6,0,9221.0,8721.0,5760.0,4380.0,2520.0,89.0,48.0,176.0,17820.0,120.0,65.0,58.0,81.0,0.0,1380.0
08.07.21,3,6,0,11351.0,10458.0,6840.0,4800.0,2940.0,94.0,45.0,178.0,21720.0,1380.0,65.0,43.0,93.0,1.0,3600.0
09.07.21,4,6,0,16521.0,14920.0,13620.0,4622.0,5100.0,94.0,45.0,169.0,21000.0,900.0,66.0,60.0,73.0,0.0,0.0
10.07.21,5,6,0,9342.0,8112.0,14700.0,3660.0,179.0,84.0,57.0,116.0,21360.0,480.0,62.0,55.0,78.0,3.0,1500.0
11.07.21,6,6,0,20598.0,18171.0,11340.0,13380.0,0.0,86.0,48.0,117.0,25440.0,120.0,62.0,53.0,72.0,1.0,960.0
12.07.21,0,6,0,3541.0,2971.0,6901.0,1439.0,0.0,73.0,48.0,109.0,24720.0,540.0,62.0,55.0,93.0,3.0,1920.0
13.07.21,1,6,0,10292.0,9305.0,4980.0,4620.0,0.0,79.0,46.0,124.0,26100.0,120.0,60.0,54.0,68.0,1.0,1440.0
14.07.21,2,6,0,8091.0,7610.0,5820.0,3840.0,0.0,77.0,50.0,112.0,21120.0,120.0,73.0,45.0,186.0,1.0,1500.0
15.07.21,3,6,0,6162.0,5720.0,7260.0,2760.0,0.0,79.0,52.0,115.0,21900.0,120.0,61.0,34.0,76.0,2.0,2160.0
16.07.21,4,6,0,9580.0,7645.0,17291.0,2340.0,0.0,83.0,52.0,107.0,26100.0,120.0,61.0,51.0,82.0,2.0,1320.0
17.07.21,5,6,0,13581.0,11157.0,20642.0,3060.0,240.0,70.0,60.0,82.0,23820.0,120.0,67.0,60.0,73.0,0.0,120.0
18.07.21,6,6,0,17328.0,14059.0,24961.0,4800.0,0.0,88.0,62.0,178.0,23100.0,180.0,64.0,55.0,74.0,0.0,180.0
19.07.21,0,6,0,4338.0,3657.0,8582.0,1560.0,0.0,75.0,54.0,111.0,18420.0,840.0,63.0,55.0,99.0,1.0,1140.0
20.07.21,1,6,0,6657.0,5853.0,6300.0,2940.0,0.0,84.0,59.0,186.0,34260.0,120.0,60.0,54.0,78.0,2.0,1860.0
21.07.21,2,6,0,12412.0,11458.0,5581.0,7441.0,0.0,81.0,47.0,129.0,17100.0,2040.0,63.0,56.0,88.0,1.0,1080.0
22.07.21,3,6,0,10874.0,10008.0,6720.0,5340.0,0.0,83.0,41.0,126.0,23700.0,1500.0,62.0,55.0,83.0,1.0,1440.0
23.07.21,4,6,0,11078.0,9959.0,8583.0,4920.0,0.0,81.0,54.0,127.0,17820.0,120.0,60.0,56.0,71.0,1.0,1860.0
24.07.21,5,6,0,24488.0,20995.0,29040.0,6900.0,60.0,90.0,48.0,149.0,13260.0,2040.0,68.0,59.0,77.0,1.0,480.0
25.07.21,6,6,0,13262.0,10922.0,12000.0,5700.0,600.0,81.0,49.0,139.0,31020.0,120.0,63.0,54.0,72.0,0.0,120.0
26.07.21,0,6,0,5610.0,5213.0,6001.0,2940.0,0.0,79.0,56.0,125.0,22980.0,120.0,61.0,55.0,83.0,2.0,660.0
27.07.21,1,6,0,4723.0,4172.0,8641.0,1320.0,240.0,77.0,44.0,170.0,24120.0,480.0,61.0,52.0,80.0,1.0,540.0
28.07.21,2,6,0,6276.0,5499.0,6662.0,2519.0,0.0,76.0,44.0,116.0,23160.0,120.0,61.0,53.0,70.0,0.0,1440.0
29.07.21,3,6,0,7739.0,6801.0,7380.0,3240.0,0.0,79.0,44.0,133.0,20520.0,120.0,60.0,53.0,75.0,1.0,1080.0
30.07.21,4,6,0,11379.0,9956.0,11040.0,4620.0,0.0,78.0,44.0,126.0,22320.0,240.0,61.0,53.0,91.0,0.0,900.0
31.07.21,5,6,0,23268.0,21381.0,13261.0,14401.0,600.0,87.0,51.0,129.0,15000.0,480.0,63.0,53.0,80.0,0.0,1380.0
01.08.21,6,7,0,23643.0,20977.0,15662.0,12840.0,0.0,,,,30540.0,120.0,65.0,57.0,84.0,1.0,1080.0
02.08.21,0,7,0,32302.0,29484.0,10801.0,21960.0,0.0,87.0,63.0,120.0,28980.0,120.0,62.0,55.0,87.0,1.0,1380.0
03.08.21,1,7,0,24216.0,21431.0,13444.0,12119.0,0.0,85.0,47.0,162.0,31981.0,1260.0,63.0,54.0,88.0,4.0,5399.0
04.08.21,2,7,0,20851.0,18030.0,16322.0,10018.0,0.0,80.0,44.0,181.0,13680.0,120.0,64.0,56.0,71.0,2.0,960.0
05.08.21,3,7,0,19313.0,16203.0,13981.0,9481.0,0.0,79.0,54.0,119.0,30840.0,120.0,61.0,55.0,71.0,2.0,960.0
06.08.21,4,7,0,23307.0,20922.0,12481.0,14220.0,0.0,83.0,43.0,128.0,22800.0,120.0,58.0,53.0,65.0,2.0,1140.0
07.08.21,5,7,0,21375.0,17784.0,18722.0,8700.0,780.0,80.0,44.0,123.0,15660.0,120.0,63.0,57.0,72.0,0.0,300.0
08.08.21,6,7,0,13839.0,11674.0,13263.0,5759.0,0.0,81.0,52.0,191.0,27180.0,120.0,60.0,52.0,72.0,0.0,300.0
09.08.21,0,7,0,12586.0,11052.0,13140.0,5520.0,0.0,83.0,53.0,123.0,22800.0,120.0,59.0,52.0,67.0,1.0,600.0
10.08.21,1,7,0,4127.0,3533.0,9300.0,1380.0,0.0,75.0,48.0,101.0,29700.0,180.0,61.0,53.0,101.0,1.0,780.0
11.08.21,2,7,0,8291.0,7215.0,9001.0,3000.0,0.0,87.0,50.0,126.0,29100.0,120.0,58.0,50.0,88.0,2.0,2640.0
12.08.21,3,7,0,10114.0,9011.0,10022.0,4560.0,600.0,81.0,50.0,124.0,22560.0,120.0,63.0,55.0,88.0,1.0,1380.0
13.08.21,4,7,0,6631.0,5745.0,12119.0,1862.0,0.0,77.0,50.0,129.0,,,,,,,
14.08.21,5,7,0,24168.0,20358.0,27542.0,10200.0,0.0,98.0,60.0,144.0,21480.0,180.0,63.0,54.0,109.0,0.0,180.0
15.08.21,6,7,0,8576.0,6946.0,25021.0,540.0,1260.0,83.0,40.0,143.0,13620.0,120.0,65.0,60.0,78.0,1.0,1080.0
16.08.21,0,7,0,7020.0,6186.0,8280.0,2580.0,0.0,73.0,55.0,111.0,27240.0,120.0,57.0,50.0,85.0,2.0,2400.0
17.08.21,1,7,0,7543.0,6663.0,6900.0,2520.0,0.0,76.0,43.0,168.0,19680.0,120.0,57.0,53.0,61.0,1.0,1740.0
18.08.21,2,7,0,10589.0,9338.0,8162.0,4680.0,0.0,82.0,45.0,137.0,,,,,,,
19.08.21,3,7,0,1399.0,1142.0,7862.0,0.0,301.0,80.0,54.0,105.0,26400.0,240.0,63.0,55.0,92.0,2.0,1800.0
20.08.21,4,7,0,9649.0,8242.0,11520.0,4680.0,0.0,83.0,61.0,112.0,27000.0,240.0,62.0,55.0,80.0,0.0,1080.0
21.08.21,5,7,0,10877.0,8833.0,18182.0,3000.0,0.0,86.0,67.0,166.0,15780.0,120.0,64.0,57.0,77.0,1.0,4140.0
22.08.21,6,7,0,14516.0,12382.0,8281.0,9120.0,0.0,85.0,51.0,110.0,29760.0,120.0,61.0,54.0,75.0,2.0,1920.0
23.08.21,0,7,0,2921.0,2360.0,10380.0,300.0,0.0,83.0,64.0,168.0,27060.0,120.0,61.0,55.0,74.0,0.0,480.0
24.08.21,1,7,0,2822.0,2703.0,5520.0,360.0,900.0,86.0,52.0,138.0,,,,,,,
25.08.21,2,7,0,7084.0,6311.0,10320.0,1980.0,1680.0,89.0,67.0,175.0,23160.0,120.0,66.0,55.0,81.0,2.0,1080.0
26.08.21,3,7,0,6416.0,5589.0,10680.0,1740.0,840.0,82.0,40.0,181.0,,,,,,,
27.08.21,4,7,0,10146.0,9198.0,9121.0,4139.0,2340.0,95.0,48.0,188.0,22020.0,120.0,63.0,52.0,87.0,0.0,1020.0
28.08.21,5,7,0,12894.0,11571.0,11460.0,7440.0,0.0,88.0,44.0,184.0,25380.0,120.0,64.0,53.0,74.0,2.0,1560.0
29.08.21,6,7,0,17808.0,15983.0,8041.0,10680.0,0.0,81.0,52.0,137.0,19560.0,0.0,64.0,56.0,75.0,1.0,840.0
30.08.21,0,7,0,5065.0,4168.0,9540.0,1020.0,0.0,77.0,47.0,100.0,32580.0,120.0,62.0,55.0,74.0,2.0,1020.0
31.08.21,1,7,0,2127.0,1749.0,7380.0,300.0,0.0,78.0,46.0,121.0,18900.0,120.0,61.0,56.0,99.0,1.0,660.0
01.09.21,2,8,0,7871.0,7174.0,6960.0,3180.0,2220.0,86.0,50.0,189.0,23460.0,120.0,61.0,53.0,77.0,0.0,840.0
02.09.21,3,8,0,6630.0,5742.0,7979.0,1860.0,2340.0,84.0,44.0,170.0,15420.0,120.0,65.0,60.0,80.0,0.0,1261.0
03.09.21,4,8,0,8610.0,7955.0,11281.0,3179.0,2580.0,85.0,45.0,163.0,,,,,,,
04.09.21,5,8,0,3016.0,2476.0,9301.0,360.0,660.0,78.0,49.0,106.0,21360.0,120.0,66.0,61.0,84.0,3.0,2040.0
05.09.21,6,8,0,4351.0,3872.0,11100.0,1560.0,0.0,78.0,68.0,75.0,31920.0,120.0,63.0,53.0,76.0,4.0,2340.0
06.09.21,0,8,0,1403.0,1180.0,7382.0,59.0,960.0,76.0,46.0,101.0,28560.0,120.0,60.0,55.0,77.0,4.0,2700.0
07.09.21,1,8,0,1296.0,1040.0,6000.0,0.0,0.0,79.0,64.0,107.0,18840.0,120.0,64.0,57.0,70.0,1.0,720.0
08.09.21,2,8,0,5836.0,5530.0,6721.0,1680.0,2640.0,90.0,63.0,193.0,24480.0,120.0,63.0,57.0,75.0,2.0,1560.0
09.09.21,3,8,0,4331.0,3661.0,6960.0,1380.0,0.0,79.0,61.0,151.0,21300.0,120.0,64.0,58.0,75.0,0.0,240.0
10.09.21,4,8,0,9450.0,8868.0,8339.0,5101.0,0.0,81.0,51.0,132.0,29400.0,120.0,64.0,55.0,75.0,1.0,720.0
11.09.21,5,8,0,17060.0,15562.0,9662.0,12120.0,0.0,81.0,48.0,132.0,21480.0,240.0,63.0,55.0,74.0,0.0,300.0
12.09.21,6,8,0,15081.0,12941.0,10441.0,7680.0,0.0,89.0,52.0,140.0,31800.0,120.0,64.0,55.0,77.0,4.0,3360.0
13.09.21,0,8,0,13950.0,12866.0,7079.0,6301.0,2133.0,87.0,41.0,192.0,22320.0,120.0,62.0,55.0,83.0,1.0,1680.0
14.09.21,1,8,0,7017.0,6186.0,8280.0,1980.0,1772.0,81.0,53.0,179.0,26700.0,0.0,61.0,55.0,77.0,1.0,1020.0
15.09.21,2,8,0,7007.0,6363.0,6360.0,2400.0,1380.0,81.0,45.0,128.0,20820.0,120.0,65.0,57.0,77.0,2.0,2520.0
16.09.21,3,8,0,11235.0,10238.0,9720.0,5281.0,180.0,91.0,67.0,195.0,23820.0,120.0,62.0,57.0,81.0,2.0,1620.0
17.09.21,4,8,0,28581.0,24890.0,10560.0,17040.0,0.0,87.0,56.0,125.0,27900.0,120.0,63.0,55.0,78.0,0.0,420.0
18.09.21,5,8,0,24560.0,22212.0,10800.0,15480.0,2940.0,79.0,54.0,108.0,22800.0,120.0,61.0,57.0,70.0,1.0,1320.0
19.09.21,6,8,0,17833.0,15796.0,9542.0,11160.0,0.0,80.0,35.0,103.0,31740.0,120.0,58.0,52.0,75.0,3.0,2340.0
20.09.21,0,8,0,11858.0,10251.0,10801.0,5040.0,720.0,80.0,57.0,170.0,27780.0,120.0,62.0,54.0,76.0,0.0,420.0
21.09.21,1,8,0,7846.0,6947.0,11940.0,2940.0,0.0,83.0,63.0,163.0,19740.0,120.0,63.0,54.0,71.0,0.0,900.0
22.09.21,2,8,1,10026.0,9808.0,7980.0,4320.0,2520.0,87.0,56.0,143.0,24480.0,240.0,62.0,55.0,87.0,0.0,1260.0
23.09.21,3,8,1,7519.0,6679.0,9781.0,2580.0,1037.0,78.0,52.0,167.0,,,,,,,
24.09.21,4,8,1,8301.0,7549.0,10560.0,2460.0,2470.0,87.0,56.0,191.0,20760.0,120.0,65.0,59.0,90.0,1.0,1020.0
25.09.21,5,8,1,12234.0,11251.0,13381.0,6720.0,0.0,81.0,53.0,120.0,20220.0,120.0,65.0,57.0,73.0,1.0,900.0
26.09.21,6,8,1,4377.0,3616.0,9961.0,2160.0,0.0,74.0,50.0,93.0,26700.0,120.0,62.0,52.0,77.0,2.0,1080.0
27.09.21,0,8,1,9684.0,8430.0,8881.0,4140.0,0.0,78.0,42.0,112.0,28800.0,120.0,61.0,52.0,102.0,0.0,660.0
28.09.21,1,8,1,9569.0,8911.0,6120.0,4860.0,1388.0,86.0,53.0,185.0,27240.0,120.0,60.0,54.0,81.0,0.0,840.0
29.09.21,2,8,1,2627.0,2103.0,10379.0,300.0,0.0,74.0,50.0,97.0,20580.0,120.0,63.0,57.0,88.0,1.0,300.0
30.09.21,3,8,1,5408.0,5134.0,6659.0,1381.0,2944.0,79.0,51.0,166.0,23220.0,120.0,62.0,53.0,75.0,1.0,1620.0
01.10.21,4,9,1,6102.0,5199.0,13561.0,1200.0,120.0,74.0,62.0,91.0,27360.0,120.0,61.0,54.0,73.0,0.0,240.0
02.10.21,5,9,1,5882.0,4776.0,18060.0,660.0,0.0,78.0,44.0,131.0,,,,,,,
03.10.21,6,9,1,2979.0,2407.0,15362.0,120.0,540.0,80.0,60.0,104.0,23760.0,120.0,60.0,53.0,76.0,1.0,1200.0
04.10.21,0,9,1,6935.0,6122.0,12179.0,1681.0,3567.0,84.0,47.0,176.0,26460.0,120.0,59.0,52.0,70.0,4.0,1620.0
05.10.21,1,9,1,6705.0,6214.0,11701.0,1800.0,3826.0,79.0,45.0,177.0,10800.0,120.0,63.0,55.0,89.0,3.0,3900.0
06.10.21,2,9,1,5712.0,5215.0,6481.0,2160.0,60.0,74.0,43.0,129.0,30600.0,120.0,60.0,53.0,71.0,2.0,1020.0
07.10.21,3,9,1,6539.0,5886.0,8282.0,1980.0,3240.0,86.0,49.0,165.0,22560.0,120.0,60.0,54.0,72.0,1.0,1500.0
08.10.21,4,9,1,3843.0,3271.0,11281.0,900.0,780.0,79.0,51.0,129.0,24300.0,120.0,61.0,54.0,68.0,1.0,300.0
09.10.21,5,9,1,12704.0,10458.0,20038.0,3121.0,0.0,83.0,57.0,139.0,23460.0,120.0,61.0,54.0,86.0,2.0,2880.0
10.10.21,6,9,1,9008.0,7898.0,20223.0,3000.0,120.0,81.0,46.0,145.0,20280.0,180.0,62.0,54.0,72.0,2.0,1920.0
11.10.21,0,9,1,10457.0,9118.0,12781.0,3900.0,2100.0,78.0,50.0,138.0,24180.0,120.0,61.0,49.0,72.0,1.0,1440.0
12.10.21,1,9,1,9950.0,8379.0,12662.0,2520.0,2520.0,79.0,43.0,162.0,22200.0,120.0,57.0,51.0,68.0,1.0,960.0
13.10.21,2,9,1,13638.0,12169.0,9121.0,6840.0,60.0,82.0,61.0,128.0,26460.0,120.0,59.0,50.0,71.0,2.0,1440.0
14.10.21,3,9,1,6314.0,6082.0,8761.0,2340.0,1260.0,77.0,47.0,113.0,23880.0,240.0,61.0,55.0,82.0,4.0,4080.0
15.10.21,4,9,1,10566.0,8968.0,11459.0,5100.0,0.0,75.0,54.0,108.0,30240.0,120.0,59.0,51.0,84.0,1.0,1140.0
16.10.21,5,9,1,12263.0,10214.0,16142.0,4380.0,0.0,77.0,49.0,125.0,30780.0,120.0,63.0,52.0,84.0,3.0,2040.0
17.10.21,6,9,1,14834.0,12280.0,14341.0,6540.0,0.0,77.0,46.0,114.0,29220.0,120.0,59.0,51.0,87.0,4.0,2220.0
18.10.21,0,9,1,17758.0,15206.0,9841.0,9659.0,0.0,75.0,47.0,113.0,27960.0,120.0,57.0,53.0,73.0,0.0,960.0
19.10.21,1,9,1,6475.0,5616.0,6962.0,1560.0,2880.0,80.0,48.0,158.0,26640.0,120.0,56.0,52.0,66.0,1.0,2220.0
20.10.21,2,9,1,8129.0,7804.0,8040.0,3900.0,2340.0,81.0,63.0,139.0,22140.0,120.0,62.0,55.0,76.0,1.0,1500.0
21.10.21,3,9,1,8127.0,7683.0,8042.0,3480.0,3420.0,82.0,53.0,144.0,24600.0,120.0,62.0,53.0,93.0,3.0,2580.0
22.10.21,4,9,1,9485.0,8521.0,11820.0,4200.0,0.0,,,,21780.0,120.0,61.0,55.0,71.0,2.0,1260.0
23.10.21,5,9,1,22720.0,20415.0,9839.0,13981.0,0.0,80.0,52.0,126.0,23340.0,120.0,58.0,53.0,64.0,1.0,900.0
24.10.21,6,9,1,17083.0,14320.0,14103.0,8940.0,0.0,83.0,62.0,128.0,30840.0,120.0,59.0,50.0,91.0,3.0,1800.0
25.10.21,0,9,1,7416.0,7214.0,7441.0,3600.0,2824.0,80.0,55.0,167.0,21900.0,120.0,59.0,50.0,107.0,1.0,2100.0
26.10.21,1,9,1,7366.0,6548.0,9241.0,3120.0,0.0,79.0,68.0,120.0,,,,,,,
27.10.21,2,9,1,6399.0,5892.0,8100.0,3540.0,0.0,,,,26340.0,180.0,62.0,57.0,69.0,0.0,600.0
28.10.21,3,9,1,7300.0,6850.0,9180.0,2220.0,2400.0,78.0,51.0,194.0,18300.0,120.0,59.0,50.0,91.0,1.0,1380.0
29.10.21,4,9,1,5852.0,4721.0,15000.0,900.0,780.0,79.0,47.0,117.0,21540.0,120.0,60.0,53.0,73.0,1.0,1260.0
30.10.21,5,9,1,12544.0,10966.0,17761.0,5161.0,0.0,,,,27720.0,120.0,61.0,52.0,71.0,1.0,1320.0
31.10.21,6,9,1,10301.0,8170.0,17880.0,2040.0,0.0,80.0,57.0,125.0,24000.0,120.0,60.0,54.0,92.0,0.0,180.0
01.11.21,0,10,1,9526.0,8436.0,10260.0,4140.0,0.0,85.0,67.0,173.0,36900.0,120.0,58.0,51.0,74.0,3.0,1800.0
02.11.21,1,10,1,4967.0,4121.0,13441.0,1379.0,0.0,74.0,57.0,107.0,23640.0,120.0,60.0,54.0,75.0,2.0,780.0
03.11.21,2,10,1,8786.0,7301.0,9601.0,3300.0,0.0,77.0,50.0,173.0,29340.0,120.0,61.0,54.0,73.0,4.0,4260.0
04.11.21,3,10,1,1926.0,1561.0,7501.0,239.0,0.0,80.0,47.0,129.0,30480.0,120.0,65.0,60.0,72.0,2.0,720.0
05.11.21,4,10,1,6637.0,5570.0,12541.0,1320.0,0.0,84.0,45.0,138.0,27480.0,120.0,68.0,61.0,95.0,2.0,2160.0
06.11.21,5,10,1,7893.0,6897.0,16621.0,2220.0,0.0,79.0,47.0,177.0,29100.0,120.0,62.0,54.0,89.0,0.0,720.0
07.11.21,6,10,1,13027.0,10448.0,19741.0,3599.0,60.0,,,,21240.0,120.0,58.0,53.0,69.0,2.0,1740.0
08.11.21,0,10,1,7033.0,6090.0,11641.0,2220.0,0.0,78.0,50.0,99.0,21600.0,120.0,61.0,53.0,81.0,1.0,1560.0
09.11.21,1,10,1,8567.0,7892.0,8580.0,3000.0,1380.0,80.0,65.0,185.0,16800.0,120.0,62.0,55.0,71.0,1.0,1860.0
10.11.21,2,10,1,9601.0,8176.0,13561.0,3060.0,456.0,80.0,52.0,126.0,26940.0,120.0,63.0,53.0,85.0,1.0,960.0
11.11.21,3,10,1,1842.0,1465.0,8100.0,60.0,146.0,65.0,54.0,108.0,27900.0,120.0,65.0,54.0,108.0,1.0,540.0
12.11.21,4,10,1,6732.0,5916.0,14100.0,1440.0,60.0,75.0,47.0,105.0,27120.0,120.0,61.0,52.0,72.0,0.0,240.0
13.11.21,5,10,1,17097.0,13960.0,21120.0,6060.0,0.0,83.0,53.0,188.0,20520.0,120.0,60.0,55.0,68.0,1.0,1500.0
14.11.21,6,10,1,6674.0,5548.0,15180.0,2160.0,0.0,81.0,46.0,115.0,21120.0,120.0,61.0,53.0,71.0,1.0,1200.0
15.11.21,0,10,1,6016.0,5075.0,11041.0,1440.0,0.0,77.0,47.0,135.0,27480.0,120.0,61.0,54.0,75.0,2.0,2760.0
16.11.21,1,10,1,4525.0,3887.0,12839.0,720.0,1140.0,80.0,61.0,127.0,22320.0,120.0,63.0,55.0,85.0,0.0,1020.0
17.11.21,2,10,1,7933.0,7094.0,13142.0,2641.0,60.0,90.0,53.0,196.0,28260.0,120.0,65.0,58.0,96.0,2.0,1920.0
18.11.21,3,10,1,6479.0,5465.0,15601.0,1380.0,0.0,83.0,47.0,188.0,19140.0,120.0,63.0,56.0,72.0,2.0,1320.0
19.11.21,4,10,1,11029.0,9050.0,15840.0,3120.0,0.0,80.0,48.0,133.0,23040.0,120.0,60.0,53.0,67.0,1.0,480.0
20.11.21,5,10,1,10784.0,8830.0,18720.0,2700.0,0.0,83.0,46.0,116.0,,,,,,,
21.11.21,6,10,1,6595.0,5769.0,11580.0,2520.0,0.0,84.0,53.0,190.0,26820.0,180.0,68.0,58.0,104.0,3.0,3060.0
22.11.21,0,10,1,8644.0,8489.0,5760.0,4321.0,0.0,,,,22800.0,120.0,64.0,55.0,90.0,2.0,1980.0
23.11.21,1,10,1,7625.0,6900.0,10622.0,2099.0,2763.0,90.0,49.0,203.0,26700.0,120.0,69.0,58.0,84.0,2.0,2340.0
24.11.21,2,10,1,1156.0,935.0,4681.0,0.0,1804.0,79.0,48.0,184.0,27840.0,120.0,64.0,56.0,80.0,3.0,960.0
25.11.21,3,10,1,9186.0,8440.0,7740.0,4200.0,120.0,87.0,41.0,138.0,20220.0,120.0,66.0,59.0,74.0,0.0,1680.0
26.11.21,4,10,1,5679.0,5059.0,9721.0,1979.0,0.0,79.0,48.0,126.0,26700.0,120.0,62.0,56.0,73.0,1.0,720.0
27.11.21,5,10,1,12569.0,10793.0,12906.0,5460.0,0.0,80.0,46.0,120.0,23580.0,120.0,64.0,55.0,72.0,0.0,240.0
28.11.21,6,10,1,2487.0,2014.0,12481.0,120.0,0.0,79.0,45.0,143.0,31020.0,120.0,63.0,57.0,74.0,1.0,900.0
29.11.21,0,10,1,7604.0,6679.0,9840.0,2460.0,0.0,84.0,45.0,179.0,21000.0,120.0,63.0,56.0,74.0,1.0,1320.0
30.11.21,1,10,1,1004.0,799.0,6241.0,0.0,0.0,77.0,46.0,103.0,23940.0,120.0,61.0,57.0,70.0,0.0,540.0
01.12.21,2,11,1,7367.0,6630.0,7200.0,3240.0,0.0,80.0,42.0,151.0,17700.0,120.0,67.0,60.0,105.0,0.0,180.0
02.12.21,3,11,1,9106.0,8136.0,7740.0,3540.0,0.0,86.0,64.0,196.0,18780.0,120.0,62.0,52.0,96.0,1.0,1800.0
03.12.21,4,11,1,8833.0,7911.0,11341.0,2820.0,240.0,80.0,41.0,181.0,,,,,,,
04.12.21,5,11,1,11782.0,9912.0,17700.0,3540.0,0.0,89.0,68.0,130.0,32640.0,120.0,63.0,56.0,80.0,2.0,1200.0
05.12.21,6,11,1,3299.0,2661.0,14220.0,360.0,0.0,80.0,50.0,112.0,21180.0,120.0,61.0,55.0,75.0,2.0,1380.0
06.12.21,0,11,1,2584.0,2233.0,7801.0,600.0,0.0,73.0,55.0,95.0,17640.0,120.0,65.0,52.0,89.0,2.0,2760.0
07.12.21,1,11,1,6693.0,6182.0,6481.0,2760.0,0.0,83.0,49.0,119.0,32100.0,120.0,62.0,54.0,75.0,2.0,1380.0
08.12.21,2,11,1,6087.0,6020.0,6960.0,2879.0,1806.0,75.0,50.0,139.0,22020.0,120.0,62.0,54.0,77.0,1.0,600.0
09.12.21,3,11,1,6810.0,6200.0,7324.0,2939.0,956.0,78.0,45.0,114.0,19860.0,120.0,63.0,55.0,76.0,1.0,2040.0
10.12.21,4,11,1,5221.0,4623.0,12782.0,1439.0,60.0,91.0,45.0,139.0,22020.0,120.0,62.0,56.0,74.0,1.0,540.0
11.12.21,5,11,1,7377.0,6052.0,14520.0,1620.0,0.0,80.0,46.0,118.0,25080.0,120.0,65.0,60.0,72.0,2.0,840.0
12.12.21,6,11,1,10054.0,8854.0,11760.0,5520.0,0.0,78.0,50.0,97.0,24960.0,120.0,66.0,58.0,76.0,1.0,1140.0
13.12.21,0,11,1,7333.0,6390.0,11819.0,2581.0,0.0,79.0,62.0,137.0,18180.0,120.0,68.0,54.0,186.0,1.0,1140.0
14.12.21,1,11,1,8229.0,7178.0,9539.0,2400.0,61.0,,,,31680.0,120.0,62.0,52.0,85.0,5.0,1800.0
15.12.21,2,11,1,7705.0,7297.0,7982.0,2880.0,120.0,86.0,46.0,198.0,21780.0,120.0,65.0,58.0,105.0,3.0,2340.0
16.12.21,3,11,1,4601.0,4052.0,6540.0,1680.0,0.0,77.0,50.0,144.0,16620.0,120.0,64.0,53.0,73.0,0.0,180.0
17.12.21,4,11,1,8523.0,7927.0,7681.0,3299.0,240.0,90.0,44.0,145.0,19140.0,120.0,67.0,63.0,73.0,1.0,1201.0
18.12.21,5,11,1,11629.0,9984.0,15180.0,4440.0,0.0,81.0,47.0,125.0,15600.0,120.0,64.0,58.0,75.0,1.0,1260.0
19.12.21,6,11,1,4161.0,3781.0,8160.0,1799.0,540.0,73.0,52.0,83.0,31200.0,120.0,63.0,55.0,83.0,2.0,1560.0
20.12.21,0,11,1,9480.0,8287.0,11821.0,3240.0,0.0,75.0,51.0,147.0,,,,,,,
21.12.21,1,11,2,17093.0,16491.0,7320.0,6840.0,1380.0,94.0,58.0,186.0,21120.0,120.0,60.0,52.0,84.0,2.0,1860.0
22.12.21,2,11,2,4628.0,2787.0,8521.0,840.0,60.0,81.0,52.0,181.0,21240.0,120.0,61.0,55.0,76.0,0.0,540.0
23.12.21,3,11,2,8244.0,6581.0,15601.0,1980.0,0.0,85.0,51.0,122.0,15960.0,120.0,66.0,57.0,78.0,1.0,1800.0
24.12.21,4,11,2,3896.0,3136.0,14821.0,300.0,0.0,94.0,87.0,101.0,21120.0,120.0,68.0,60.0,87.0,0.0,120.0
25.12.21,5,11,2,4849.0,4349.0,12360.0,2040.0,0.0,89.0,55.0,128.0,28500.0,120.0,67.0,59.0,85.0,2.0,1080.0
26.12.21,6,11,2,3959.0,3240.0,11645.0,780.0,0.0,89.0,57.0,145.0,32160.0,120.0,64.0,57.0,78.0,3.0,2160.0
27.12.21,0,11,2,6481.0,5614.0,10742.0,2459.0,0.0,85.0,42.0,125.0,30900.0,120.0,64.0,57.0,75.0,2.0,1740.0
28.12.21,1,11,2,5738.0,4598.0,13680.0,900.0,0.0,90.0,73.0,112.0,32520.0,1080.0,65.0,55.0,106.0,1.0,1980.0
29.12.21,2,11,2,3821.0,3086.0,11520.0,360.0,0.0,,,,27180.0,240.0,,,,1.0,1440.0
30.12.21,3,11,2,13002.0,11010.0,12120.0,7200.0,0.0,,,,30600.0,120.0,,,,1.0,780.0
31.12.21,4,11,2,3419.0,2757.0,13080.0,120.0,0.0,,,,26940.0,120.0,,,,2.0,2040.0
01.01.22,5,0,2,5974.0,4778.0,13500.0,1020.0,0.0,,,,29460.0,180.0,,,,4.0,2100.0
02.01.22,6,0,2,4779.0,3836.0,13500.0,600.0,0.0,,,,31080.0,120.0,,,,1.0,1320.0
03.01.22,0,0,2,834.0,665.0,3060.0,0.0,0.0,,,,28020.0,120.0,,,,4.0,2160.0
04.01.22,1,0,2,,,,,,,,,,,,,,,
05.01.22,2,0,2,,,,,,,,,,,,,,,
06.01.22,3,0,2,,,,,,,,,,,,,,,
07.01.22,4,0,2,,,,,,,,,,,,,,,
08.01.22,5,0,2,,,,,,,,,,,,,,,
09.01.22,6,0,2,4994.0,3670.0,14101.0,480.0,0.0,94.0,48.0,197.0,27300.0,120.0,71.0,56.0,93.0,1.0,1380.0
10.01.22,0,0,2,3946.0,3240.0,9900.0,960.0,0.0,81.0,44.0,119.0,23820.0,240.0,67.0,59.0,78.0,1.0,480.0
11.01.22,1,0,2,9306.0,7567.0,19681.0,2160.0,0.0,97.0,51.0,136.0,18900.0,120.0,68.0,63.0,77.0,2.0,1740.0
12.01.22,2,0,2,7660.0,6294.0,9602.0,3420.0,0.0,84.0,51.0,155.0,13740.0,180.0,73.0,60.0,82.0,0.0,240.0
13.01.22,3,0,2,1051.0,844.0,6180.0,0.0,0.0,73.0,44.0,104.0,25920.0,180.0,66.0,58.0,77.0,0.0,780.0
14.01.22,4,0,2,7563.0,6643.0,9180.0,2520.0,60.0,80.0,46.0,124.0,13320.0,120.0,67.0,61.0,74.0,0.0,300.0
15.01.22,5,0,2,1667.0,1350.0,8460.0,0.0,0.0,83.0,41.0,116.0,27780.0,120.0,67.0,55.0,106.0,2.0,2040.0
16.01.22,6,0,2,6661.0,5765.0,6599.0,2521.0,60.0,96.0,70.0,145.0,,,,,,,
17.01.22,0,0,2,2535.0,2130.0,7439.0,481.0,0.0,78.0,46.0,99.0,19860.0,120.0,64.0,57.0,74.0,0.0,120.0
18.01.22,1,0,2,1084.0,862.0,4620.0,0.0,0.0,77.0,50.0,116.0,17820.0,180.0,65.0,59.0,80.0,1.0,1560.0
19.01.22,2,0,2,5727.0,4863.0,8341.0,1920.0,0.0,83.0,48.0,148.0,19380.0,120.0,65.0,58.0,84.0,1.0,1080.0
20.01.22,3,0,2,8869.0,8364.0,8820.0,4200.0,0.0,88.0,42.0,196.0,18900.0,120.0,64.0,56.0,71.0,0.0,600.0
21.01.22,4,0,2,8040.0,6754.0,12720.0,2101.0,60.0,79.0,46.0,111.0,16920.0,180.0,64.0,60.0,72.0,0.0,180.0
22.01.22,5,0,2,10627.0,9040.0,12180.0,3960.0,60.0,88.0,45.0,129.0,24600.0,120.0,65.0,57.0,79.0,1.0,1800.0
23.01.22,6,0,2,9582.0,7745.0,23703.0,1321.0,0.0,92.0,42.0,148.0,18540.0,120.0,65.0,56.0,74.0,1.0,600.0
24.01.22,0,0,2,912.0,737.0,5703.0,0.0,0.0,76.0,51.0,102.0,29040.0,120.0,66.0,54.0,79.0,1.0,1560.0
25.01.22,1,0,2,9710.0,9420.0,7080.0,5340.0,0.0,81.0,44.0,126.0,,,,,,,
26.01.22,2,0,2,7066.0,6304.0,8101.0,2820.0,0.0,80.0,46.0,128.0,28080.0,120.0,65.0,56.0,92.0,2.0,840.0
27.01.22,3,0,2,2388.0,2002.0,7740.0,480.0,0.0,,,,27180.0,120.0,65.0,58.0,75.0,0.0,120.0
28.01.22,4,0,2,748.0,608.0,3480.0,60.0,0.0,,,,22980.0,120.0,66.0,60.0,75.0,1.0,540.0
29.01.22,5,0,2,8413.0,108.0,840.0,0.0,0.0,,,,23880.0,120.0,65.0,57.0,75.0,3.0,1140.0
30.01.22,6,0,2,15529.0,13572.0,8821.0,8820.0,0.0,83.0,55.0,129.0,21300.0,120.0,66.0,58.0,76.0,0.0,840.0
31.01.22,0,0,2,1849.0,1525.0,8400.0,0.0,0.0,77.0,44.0,113.0,15540.0,120.0,64.0,54.0,94.0,4.0,1440.0
01.02.22,1,1,2,5175.0,5282.0,5340.0,2760.0,0.0,87.0,59.0,197.0,28680.0,120.0,60.0,53.0,73.0,3.0,3780.0
02.02.22,2,1,2,8585.0,7833.0,8219.0,2700.0,840.0,96.0,53.0,157.0,23640.0,120.0,65.0,59.0,87.0,0.0,1020.0
03.02.22,3,1,2,7151.0,6083.0,7801.0,2760.0,0.0,78.0,44.0,94.0,15780.0,120.0,69.0,62.0,88.0,1.0,1440.0
04.02.22,4,1,2,9567.0,8382.0,6959.0,4441.0,0.0,81.0,49.0,123.0,25620.0,120.0,65.0,56.0,108.0,3.0,2100.0
05.02.22,5,1,2,11758.0,9824.0,15781.0,2400.0,2159.0,91.0,46.0,149.0,26700.0,120.0,65.0,60.0,79.0,3.0,2940.0
06.02.22,6,1,2,17440.0,15084.0,8700.0,9000.0,0.0,85.0,53.0,122.0,25320.0,180.0,64.0,54.0,85.0,1.0,1800.0
07.02.22,0,1,2,11962.0,11065.0,9361.0,5280.0,0.0,84.0,49.0,133.0,22080.0,120.0,62.0,52.0,81.0,2.0,1560.0
08.02.22,1,1,2,11526.0,11107.0,7562.0,4739.0,480.0,,,,16260.0,120.0,63.0,56.0,87.0,0.0,900.0
09.02.22,2,1,2,7795.0,7290.0,11520.0,2880.0,0.0,84.0,45.0,119.0,39000.0,1020.0,67.0,58.0,89.0,4.0,3300.0
10.02.22,3,1,2,14861.0,13991.0,6361.0,6839.0,60.0,88.0,68.0,180.0,24480.0,120.0,62.0,53.0,77.0,2.0,2400.0
11.02.22,4,1,2,16510.0,14482.0,6241.0,7260.0,60.0,83.0,56.0,203.0,15360.0,120.0,63.0,57.0,71.0,1.0,420.0
12.02.22,5,1,2,11892.0,10098.0,11402.0,4379.0,2459.0,87.0,50.0,176.0,36840.0,120.0,66.0,51.0,95.0,3.0,960.0
13.02.22,6,1,2,17520.0,15450.0,13323.0,9000.0,0.0,88.0,62.0,186.0,30960.0,240.0,64.0,55.0,79.0,2.0,2880.0
14.02.22,0,1,2,19394.0,17179.0,8280.0,8700.0,0.0,85.0,64.0,128.0,27840.0,120.0,60.0,54.0,79.0,3.0,1800.0
15.02.22,1,1,2,14898.0,14387.0,11220.0,5640.0,780.0,85.0,53.0,192.0,24420.0,240.0,61.0,53.0,81.0,0.0,1440.0
16.02.22,2,1,2,8317.0,7171.0,7260.0,3660.0,0.0,75.0,48.0,136.0,21180.0,120.0,61.0,56.0,70.0,2.0,780.0
17.02.22,3,1,2,13258.0,12386.0,10140.0,6000.0,151.0,80.0,48.0,118.0,20460.0,120.0,58.0,51.0,65.0,1.0,1260.0
18.02.22,4,1,2,13504.0,11628.0,5400.0,6420.0,0.0,79.0,42.0,159.0,25980.0,120.0,60.0,53.0,69.0,0.0,120.0
19.02.22,5,1,2,16296.0,14650.0,11580.0,7200.0,240.0,87.0,49.0,188.0,19680.0,120.0,60.0,55.0,78.0,1.0,1320.0
20.02.22,6,1,2,20726.0,18117.0,6360.0,11040.0,0.0,80.0,49.0,186.0,12600.0,240.0,62.0,56.0,72.0,0.0,240.0
21.02.22,0,1,2,14779.0,13807.0,5400.0,7320.0,0.0,88.0,47.0,135.0,30720.0,120.0,62.0,55.0,92.0,2.0,2880.0
22.02.22,1,1,2,19364.0,18662.0,7199.0,9720.0,1506.0,87.0,57.0,142.0,17460.0,120.0,63.0,55.0,90.0,1.0,3360.0
23.02.22,2,1,2,5455.0,5115.0,5100.0,3060.0,0.0,76.0,59.0,89.0,19800.0,120.0,61.0,55.0,70.0,2.0,1200.0
24.02.22,3,1,2,1369.0,1092.0,6900.0,60.0,0.0,76.0,42.0,111.0,12540.0,120.0,68.0,59.0,90.0,2.0,1920.0
25.02.22,4,1,2,8310.0,6914.0,10740.0,2400.0,0.0,82.0,43.0,149.0,27420.0,120.0,61.0,54.0,71.0,0.0,180.0
26.02.22,5,1,2,10003.0,8303.0,17102.0,2160.0,0.0,88.0,60.0,115.0,23220.0,120.0,60.0,51.0,69.0,1.0,900.0
27.02.22,6,1,2,8636.0,6968.0,23042.0,960.0,0.0,95.0,50.0,194.0,21900.0,120.0,63.0,56.0,71.0,1.0,1020.0
28.02.22,0,1,2,8261.0,7504.0,11640.0,3660.0,0.0,80.0,64.0,118.0,23520.0,120.0,68.0,61.0,78.0,1.0,900.0
01.03.22,1,2,2,9701.0,8589.0,9059.0,4321.0,0.0,89.0,45.0,185.0,19500.0,120.0,61.0,55.0,76.0,0.0,120.0
02.03.22,2,2,2,7763.0,7030.0,6539.0,3900.0,0.0,84.0,57.0,187.0,23760.0,120.0,60.0,55.0,76.0,2.0,2760.0
03.03.22,3,2,2,1332.0,1095.0,5220.0,120.0,0.0,75.0,47.0,155.0,16020.0,120.0,63.0,57.0,109.0,1.0,1020.0
04.03.22,4,2,2,1406.0,1184.0,6480.0,180.0,0.0,78.0,60.0,103.0,25140.0,120.0,62.0,55.0,93.0,2.0,1140.0
05.03.22,5,2,2,6662.0,5797.0,13981.0,1620.0,0.0,77.0,53.0,107.0,17100.0,120.0,64.0,57.0,71.0,0.0,660.0
06.03.22,6,2,2,1375.0,1086.0,4800.0,0.0,0.0,74.0,49.0,92.0,,,,,,,
07.03.22,0,2,2,10000.0,10104.0,5700.0,4740.0,480.0,81.0,42.0,166.0,16860.0,120.0,63.0,57.0,88.0,0.0,1200.0
08.03.22,1,2,2,10974.0,10194.0,9901.0,4979.0,0.0,86.0,53.0,164.0,22560.0,180.0,62.0,55.0,73.0,1.0,1680.0
09.03.22,2,2,2,3622.0,3030.0,6001.0,1440.0,0.0,76.0,48.0,115.0,19320.0,600.0,61.0,47.0,72.0,1.0,1260.0
10.03.22,3,2,2,1603.0,1341.0,6541.0,240.0,540.0,72.0,49.0,105.0,17160.0,120.0,64.0,57.0,76.0,1.0,660.0
11.03.22,4,2,2,4527.0,3723.0,8700.0,961.0,3603.0,83.0,45.0,164.0,27240.0,120.0,63.0,54.0,71.0,0.0,600.0
12.03.22,5,2,2,20160.0,17529.0,14640.0,12001.0,60.0,86.0,55.0,139.0,24660.0,120.0,64.0,57.0,75.0,1.0,1500.0
13.03.22,6,2,2,8906.0,7563.0,10321.0,4320.0,0.0,,,,30180.0,120.0,61.0,53.0,77.0,2.0,1080.0
14.03.22,0,2,2,6950.0,6274.0,7859.0,3000.0,0.0,,,,31080.0,120.0,60.0,51.0,74.0,2.0,2461.0
15.03.22,1,2,2,14734.0,13352.0,10322.0,6780.0,60.0,,,,22200.0,120.0,62.0,54.0,77.0,0.0,1080.0
16.03.22,2,2,2,8041.0,7168.0,6840.0,3421.0,0.0,80.0,50.0,133.0,24300.0,120.0,61.0,43.0,71.0,1.0,2400.0
17.03.22,3,2,2,1576.0,1286.0,7621.0,60.0,0.0,77.0,42.0,100.0,20040.0,120.0,62.0,43.0,78.0,1.0,480.0
18.03.22,4,2,2,8086.0,7187.0,9178.0,3240.0,0.0,80.0,45.0,136.0,21360.0,120.0,63.0,56.0,72.0,0.0,600.0
19.03.22,5,2,2,13821.0,11624.0,18959.0,4740.0,0.0,81.0,53.0,200.0,20460.0,120.0,67.0,58.0,76.0,1.0,900.0
20.03.22,6,2,3,8006.0,6420.0,15960.0,2700.0,0.0,78.0,38.0,155.0,21360.0,120.0,60.0,55.0,69.0,0.0,480.0
21.03.22,0,2,3,10774.0,9956.0,6841.0,6240.0,0.0,78.0,46.0,118.0,29880.0,180.0,62.0,56.0,90.0,2.0,2700.0
22.03.22,1,2,3,7879.0,7775.0,4920.0,4200.0,0.0,86.0,50.0,137.0,27600.0,120.0,63.0,54.0,75.0,4.0,2820.0
23.03.22,2,2,3,13008.0,12005.0,9060.0,6720.0,60.0,79.0,45.0,121.0,21600.0,120.0,65.0,55.0,97.0,0.0,1080.0
24.03.22,3,2,3,10582.0,9589.0,8100.0,5400.0,0.0,76.0,41.0,179.0,18780.0,120.0,64.0,56.0,75.0,2.0,1620.0
25.03.22,4,2,3,9574.0,8017.0,13260.0,3841.0,0.0,81.0,42.0,162.0,22380.0,660.0,62.0,55.0,71.0,2.0,1800.0
26.03.22,5,2,3,9079.0,7335.0,24782.0,1140.0,0.0,87.0,39.0,137.0,20940.0,180.0,64.0,54.0,100.0,0.0,300.0
27.03.22,6,2,3,15481.0,12077.0,10200.0,8100.0,2400.0,78.0,49.0,113.0,28680.0,120.0,64.0,49.0,80.0,0.0,540.0
28.03.22,0,2,3,6266.0,5625.0,7863.0,2398.0,0.0,,,,26340.0,120.0,62.0,47.0,74.0,2.0,1500.0
29.03.22,1,2,3,10173.0,9327.0,6240.0,5461.0,0.0,81.0,47.0,197.0,23940.0,120.0,63.0,55.0,72.0,0.0,660.0
30.03.22,2,2,3,11062.0,10323.0,7202.0,5220.0,240.0,86.0,56.0,160.0,27180.0,120.0,65.0,54.0,80.0,4.0,3960.0
31.03.22,3,2,3,8919.0,8343.0,9420.0,3180.0,180.0,86.0,55.0,179.0,25800.0,120.0,63.0,52.0,80.0,1.0,1500.0
01.04.22,4,3,3,9939.0,9446.0,8761.0,4380.0,60.0,85.0,44.0,175.0,19860.0,120.0,65.0,56.0,84.0,1.0,1620.0
02.04.22,5,3,3,8365.0,6926.0,16260.0,2100.0,0.0,81.0,44.0,133.0,24240.0,120.0,65.0,57.0,100.0,2.0,1800.0
03.04.22,6,3,3,14867.0,14086.0,3300.0,10740.0,0.0,83.0,52.0,132.0,28800.0,120.0,66.0,57.0,76.0,0.0,1020.0
04.04.22,0,3,3,948.0,750.0,5220.0,0.0,1823.0,77.0,48.0,102.0,29520.0,120.0,62.0,56.0,90.0,2.0,1500.0
05.04.22,1,3,3,585.0,319.0,1860.0,0.0,0.0,74.0,59.0,90.0,23040.0,120.0,64.0,54.0,75.0,0.0,360.0
06.04.22,2,3,3,9903.0,9384.0,6901.0,4080.0,299.0,82.0,48.0,155.0,18360.0,120.0,67.0,56.0,144.0,1.0,1560.0
07.04.22,3,3,3,9472.0,8707.0,7560.0,3480.0,60.0,81.0,52.0,142.0,20700.0,120.0,63.0,53.0,94.0,0.0,1020.0
08.04.22,4,3,3,12607.0,10258.0,11280.0,5520.0,1804.0,79.0,51.0,146.0,17100.0,120.0,61.0,50.0,78.0,2.0,1680.0
09.04.22,5,3,3,7994.0,6843.0,10081.0,3300.0,0.0,,,,31080.0,120.0,63.0,56.0,93.0,0.0,180.0
10.04.22,6,3,3,6755.0,5534.0,8161.0,2760.0,0.0,74.0,44.0,130.0,21660.0,120.0,59.0,51.0,73.0,2.0,840.0
11.04.22,0,3,3,3163.0,2889.0,4741.0,1379.0,0.0,75.0,43.0,124.0,31560.0,120.0,59.0,53.0,74.0,2.0,2040.0
12.04.22,1,3,3,18933.0,17158.0,6840.0,9840.0,60.0,83.0,57.0,166.0,18720.0,120.0,64.0,60.0,80.0,0.0,1500.0
13.04.22,2,3,3,11922.0,10415.0,8324.0,4756.0,0.0,82.0,50.0,121.0,26460.0,1260.0,61.0,55.0,73.0,1.0,2700.0
14.04.22,3,3,3,8826.0,8880.0,10742.0,3599.0,660.0,85.0,43.0,163.0,25320.0,120.0,60.0,54.0,70.0,1.0,1080.0
15.04.22,4,3,3,23621.0,20353.0,15900.0,11040.0,60.0,80.0,50.0,176.0,17340.0,120.0,,,,3.0,2400.0
16.04.22,5,3,3,14198.0,11721.0,16678.0,4502.0,0.0,74.0,45.0,126.0,,,,,,,
17.04.22,6,3,3,26574.0,22943.0,17402.0,12540.0,1740.0,80.0,49.0,122.0,26280.0,120.0,62.0,53.0,95.0,0.0,420.0
18.04.22,0,3,3,24019.0,21413.0,10560.0,14520.0,0.0,85.0,51.0,145.0,28920.0,120.0,64.0,55.0,77.0,4.0,3420.0
19.04.22,1,3,3,7992.0,7022.0,12541.0,3480.0,0.0,79.0,48.0,129.0,31020.0,120.0,62.0,42.0,77.0,1.0,960.0
20.04.22,2,3,3,13622.0,11816.0,9540.0,6661.0,0.0,79.0,47.0,129.0,20580.0,180.0,60.0,50.0,75.0,0.0,300.0
21.04.22,3,3,3,24084.0,22699.0,6661.0,9420.0,1140.0,,,,29940.0,120.0,62.0,53.0,83.0,4.0,2700.0
06.07.21,1,6,0,7989.0,6778.0,14641.0,2880.0,600.0,71.0,48.0,102.0,25440.0,120.0,66.0,55.0,88.0,4.0,1380.0
07.07.21,2,6,0,5269.0,4366.0,10981.0,1380.0,1622.0,74.0,44.0,149.0,30600.0,120.0,59.0,53.0,67.0,3.0,1320.0
08.07.21,3,6,0,8033.0,7424.0,10740.0,4020.0,3300.0,75.0,56.0,178.0,29160.0,120.0,62.0,55.0,75.0,2.0,1200.0
09.07.21,4,6,0,10278.0,9107.0,11039.0,5161.0,4501.0,77.0,50.0,185.0,30360.0,120.0,63.0,58.0,72.0,0.0,120.0
10.07.21,5,6,0,3822.0,4219.0,8700.0,180.0,10921.0,95.0,55.0,182.0,33120.0,120.0,60.0,50.0,74.0,2.0,1260.0
11.07.21,6,6,0,8550.0,8207.0,6841.0,3840.0,5281.0,78.0,51.0,134.0,32460.0,180.0,66.0,59.0,134.0,3.0,720.0
12.07.21,0,6,0,6950.0,6681.0,6899.0,2701.0,4440.0,70.0,43.0,177.0,18600.0,120.0,58.0,55.0,84.0,0.0,120.0
13.07.21,1,6,0,2372.0,2507.0,5760.0,240.0,3780.0,73.0,46.0,157.0,25440.0,120.0,60.0,54.0,69.0,1.0,420.0
14.07.21,2,6,0,6614.0,6005.0,8339.0,3242.0,660.0,70.0,49.0,127.0,24660.0,120.0,69.0,34.0,162.0,0.0,180.0
15.07.21,3,6,0,5321.0,5360.0,5641.0,1800.0,3960.0,71.0,48.0,122.0,22500.0,120.0,57.0,51.0,70.0,1.0,780.0
16.07.21,4,6,0,7731.0,6923.0,6601.0,3840.0,601.0,118.0,68.0,193.0,21600.0,240.0,64.0,56.0,74.0,0.0,300.0
17.07.21,5,6,0,16655.0,15109.0,7683.0,11100.0,2160.0,75.0,41.0,177.0,28680.0,180.0,60.0,50.0,78.0,0.0,180.0
18.07.21,6,6,0,13040.0,12235.0,4561.0,4380.0,11640.0,100.0,56.0,186.0,37440.0,240.0,59.0,52.0,162.0,3.0,3660.0
19.07.21,0,6,0,2301.0,2076.0,8523.0,420.0,2340.0,65.0,50.0,91.0,24240.0,120.0,62.0,46.0,162.0,3.0,1500.0
20.07.21,1,6,0,6914.0,6010.0,11537.0,3480.0,1320.0,74.0,45.0,133.0,29280.0,420.0,52.0,47.0,62.0,4.0,1200.0
21.07.21,2,6,0,1147.0,1083.0,8101.0,0.0,3480.0,71.0,45.0,132.0,26400.0,120.0,54.0,49.0,67.0,0.0,120.0
22.07.21,3,6,0,6510.0,6198.0,7740.0,2520.0,5640.0,72.0,40.0,140.0,27780.0,120.0,58.0,50.0,73.0,1.0,720.0
23.07.21,4,6,0,6055.0,5875.0,9361.0,2760.0,4320.0,75.0,61.0,198.0,25200.0,240.0,64.0,55.0,79.0,0.0,240.0
24.07.21,5,6,0,7353.0,6434.0,9240.0,4440.0,1140.0,72.0,49.0,137.0,42180.0,120.0,55.0,47.0,74.0,1.0,600.0
25.07.21,6,6,0,4379.0,5045.0,6841.0,660.0,15300.0,90.0,43.0,175.0,31260.0,120.0,58.0,51.0,69.0,0.0,480.0
26.07.21,0,6,0,4111.0,4169.0,11820.0,420.0,5520.0,70.0,53.0,109.0,20760.0,240.0,56.0,47.0,71.0,1.0,660.0
27.07.21,1,6,0,8316.0,7207.0,11162.0,4020.0,2580.0,67.0,50.0,142.0,28020.0,120.0,58.0,51.0,75.0,1.0,660.0
28.07.21,2,6,0,5553.0,4942.0,7920.0,3120.0,840.0,65.0,45.0,101.0,26880.0,120.0,59.0,53.0,70.0,3.0,1320.0
29.07.21,3,6,0,4257.0,3847.0,9481.0,1260.0,3060.0,72.0,47.0,133.0,24120.0,120.0,51.0,46.0,57.0,2.0,840.0
30.07.21,4,6,0,3218.0,3159.0,13201.0,540.0,5700.0,70.0,45.0,135.0,28980.0,120.0,55.0,47.0,65.0,3.0,1440.0
31.07.21,5,6,0,11337.0,9829.0,14101.0,5160.0,2760.0,72.0,51.0,114.0,23280.0,120.0,53.0,48.0,59.0,1.0,660.0
01.08.21,6,7,0,9372.0,8095.0,13620.0,3420.0,1500.0,70.0,48.0,91.0,33120.0,120.0,56.0,50.0,63.0,3.0,2220.0
02.08.21,0,7,0,3848.0,3137.0,14102.0,540.0,1320.0,64.0,45.0,119.0,23760.0,120.0,57.0,49.0,70.0,0.0,420.0
03.08.21,1,7,0,3973.0,3295.0,9300.0,1440.0,840.0,66.0,49.0,88.0,35760.0,240.0,54.0,48.0,69.0,3.0,1320.0
04.08.21,2,7,0,4308.0,3832.0,13560.0,1140.0,1380.0,68.0,47.0,101.0,39000.0,120.0,54.0,47.0,68.0,2.0,1080.0
05.08.21,3,7,0,3613.0,2911.0,9900.0,600.0,0.0,66.0,49.0,93.0,37620.0,120.0,54.0,49.0,64.0,2.0,840.0
06.08.21,4,7,0,10174.0,9056.0,10680.0,4921.0,2520.0,75.0,42.0,139.0,31140.0,720.0,57.0,48.0,68.0,2.0,1560.0
07.08.21,5,7,0,3386.0,3101.0,4320.0,1500.0,0.0,67.0,51.0,91.0,33300.0,120.0,66.0,57.0,83.0,1.0,1140.0
08.08.21,6,7,0,851.0,714.0,4561.0,0.0,0.0,71.0,53.0,99.0,36480.0,120.0,57.0,51.0,70.0,2.0,660.0
09.08.21,0,7,0,2507.0,2152.0,7440.0,780.0,900.0,75.0,44.0,167.0,34440.0,120.0,61.0,53.0,75.0,5.0,2760.0
10.08.21,1,7,0,8212.0,7832.0,4560.0,5160.0,0.0,78.0,44.0,122.0,38160.0,180.0,67.0,54.0,95.0,2.0,3360.0
11.08.21,2,7,0,6698.0,6277.0,6299.0,3420.0,1740.0,76.0,49.0,114.0,33600.0,600.0,66.0,60.0,77.0,1.0,1560.0
12.08.21,3,7,0,3672.0,3414.0,2521.0,1920.0,480.0,77.0,45.0,108.0,38340.0,120.0,74.0,63.0,92.0,3.0,2580.0
13.08.21,4,7,0,6234.0,6007.0,8521.0,2400.0,4260.0,68.0,51.0,95.0,28620.0,120.0,60.0,53.0,70.0,2.0,780.0
14.08.21,5,7,0,4438.0,3717.0,9001.0,899.0,2100.0,75.0,58.0,180.0,37920.0,120.0,59.0,51.0,78.0,1.0,420.0
15.08.21,6,7,0,11171.0,10426.0,8762.0,7139.0,2400.0,77.0,48.0,173.0,35580.0,120.0,59.0,55.0,67.0,1.0,540.0
16.08.21,0,7,0,1355.0,1297.0,7200.0,60.0,3240.0,68.0,51.0,85.0,38400.0,120.0,58.0,51.0,73.0,3.0,1260.0
17.08.21,1,7,0,2208.0,1973.0,9181.0,120.0,660.0,66.0,48.0,177.0,36780.0,180.0,55.0,50.0,66.0,1.0,780.0
18.08.21,2,7,0,10978.0,10094.0,7019.0,5881.0,4140.0,86.0,45.0,146.0,38280.0,120.0,54.0,45.0,60.0,0.0,420.0
19.08.21,3,7,0,7160.0,6586.0,5700.0,3720.0,5640.0,86.0,45.0,170.0,36420.0,120.0,72.0,56.0,90.0,2.0,2760.0
20.08.21,4,7,0,5237.0,4816.0,7261.0,2039.0,1200.0,71.0,54.0,117.0,34020.0,120.0,58.0,50.0,69.0,0.0,180.0
21.08.21,5,7,0,8977.0,8255.0,7679.0,5520.0,1560.0,77.0,39.0,196.0,34200.0,180.0,59.0,53.0,75.0,2.0,1140.0
22.08.21,6,7,0,9620.0,7970.0,7319.0,4201.0,2460.0,73.0,46.0,140.0,34080.0,120.0,58.0,51.0,66.0,2.0,840.0
23.08.21,0,7,0,5860.0,5019.0,10800.0,3000.0,1080.0,72.0,46.0,173.0,14820.0,120.0,61.0,50.0,76.0,3.0,1920.0
24.08.21,1,7,0,5962.0,5099.0,6479.0,3060.0,960.0,65.0,47.0,103.0,40980.0,120.0,56.0,49.0,76.0,3.0,1320.0
25.08.21,2,7,0,3740.0,4586.0,3121.0,1800.0,3360.0,66.0,48.0,137.0,37680.0,120.0,51.0,46.0,66.0,2.0,1200.0
26.08.21,3,7,0,3238.0,3106.0,7381.0,1080.0,3840.0,70.0,44.0,197.0,27240.0,120.0,53.0,45.0,70.0,0.0,360.0
27.08.21,4,7,0,2594.0,2831.0,6300.0,360.0,8460.0,60.0,57.0,66.0,37380.0,120.0,52.0,46.0,63.0,2.0,1320.0
28.08.21,5,7,0,9809.0,9030.0,7262.0,5040.0,4200.0,71.0,47.0,173.0,34260.0,240.0,55.0,46.0,72.0,2.0,960.0
29.08.21,6,7,0,1677.0,1839.0,3901.0,60.0,6540.0,62.0,43.0,80.0,41220.0,120.0,50.0,46.0,63.0,1.0,420.0
30.08.21,0,7,0,3837.0,3807.0,9119.0,781.0,3720.0,72.0,40.0,169.0,34980.0,120.0,50.0,44.0,78.0,2.0,1500.0
31.08.21,1,7,0,1531.0,1486.0,6840.0,60.0,2700.0,71.0,46.0,163.0,39060.0,300.0,51.0,46.0,68.0,2.0,1380.0
01.09.21,2,8,0,7814.0,6978.0,7920.0,4200.0,5340.0,73.0,44.0,163.0,32820.0,120.0,50.0,46.0,64.0,0.0,120.0
02.09.21,3,8,0,6727.0,5813.0,8520.0,3720.0,1320.0,72.0,50.0,110.0,37920.0,120.0,54.0,44.0,69.0,4.0,1560.0
03.09.21,4,8,0,10380.0,8718.0,7321.0,4920.0,1500.0,68.0,39.0,96.0,30000.0,120.0,55.0,50.0,70.0,1.0,780.0
04.09.21,5,8,0,3332.0,3029.0,8761.0,1080.0,900.0,72.0,49.0,178.0,33660.0,120.0,52.0,48.0,62.0,3.0,1860.0
05.09.21,6,8,0,4263.0,3615.0,9780.0,1320.0,2280.0,67.0,44.0,99.0,34140.0,120.0,52.0,48.0,61.0,1.0,360.0
06.09.21,0,8,0,6316.0,5456.0,10320.0,3540.0,660.0,66.0,48.0,102.0,20580.0,120.0,52.0,47.0,62.0,4.0,360.0
07.09.21,1,8,0,5598.0,5021.0,8340.0,2460.0,4140.0,,,,20580.0,540.0,55.0,51.0,68.0,0.0,540.0
08.09.21,2,8,0,7764.0,6993.0,11222.0,2880.0,5820.0,78.0,51.0,150.0,31980.0,120.0,55.0,46.0,77.0,3.0,1740.0
09.09.21,3,8,0,11463.0,10824.0,5520.0,8400.0,3120.0,73.0,51.0,174.0,34560.0,120.0,55.0,47.0,68.0,1.0,300.0
10.09.21,4,8,0,1290.0,1316.0,6420.0,0.0,3720.0,69.0,50.0,84.0,38700.0,180.0,53.0,49.0,70.0,0.0,240.0
11.09.21,5,8,0,17662.0,15687.0,10260.0,10441.0,5160.0,87.0,51.0,142.0,33720.0,120.0,51.0,46.0,58.0,2.0,1140.0
12.09.21,6,8,0,13307.0,11351.0,16020.0,5460.0,5460.0,81.0,45.0,138.0,18480.0,120.0,59.0,50.0,73.0,2.0,1140.0
13.09.21,0,8,0,17392.0,15381.0,7500.0,10620.0,2940.0,81.0,55.0,123.0,30540.0,120.0,60.0,54.0,69.0,0.0,180.0
14.09.21,1,8,0,5158.0,4422.0,10860.0,1800.0,1860.0,70.0,51.0,105.0,32580.0,120.0,55.0,50.0,64.0,2.0,1560.0
15.09.21,2,8,0,8172.0,7657.0,11760.0,2760.0,7920.0,74.0,45.0,107.0,26820.0,120.0,59.0,54.0,74.0,2.0,600.0
16.09.21,3,8,0,5121.0,4624.0,5820.0,2700.0,0.0,74.0,50.0,137.0,40380.0,240.0,57.0,49.0,78.0,4.0,3300.0
17.09.21,4,8,0,11108.0,9464.0,11521.0,4320.0,3540.0,67.0,48.0,110.0,20040.0,120.0,50.0,46.0,60.0,0.0,180.0
18.09.21,5,8,0,9746.0,9395.0,7020.0,4920.0,4440.0,67.0,48.0,100.0,33900.0,120.0,54.0,48.0,79.0,2.0,780.0
19.09.21,6,8,0,4424.0,3974.0,7561.0,1919.0,720.0,79.0,43.0,194.0,24780.0,120.0,70.0,60.0,88.0,2.0,1200.0
20.09.21,0,8,0,3207.0,3068.0,4441.0,1920.0,0.0,77.0,47.0,94.0,30480.0,480.0,60.0,54.0,82.0,1.0,840.0
21.09.21,1,8,0,3894.0,3287.0,6780.0,1440.0,540.0,74.0,50.0,108.0,34020.0,120.0,62.0,54.0,78.0,0.0,420.0
22.09.21,2,8,1,10981.0,9956.0,6421.0,5399.0,2503.0,83.0,42.0,154.0,31680.0,120.0,69.0,56.0,79.0,2.0,1140.0
23.09.21,3,8,1,7320.0,7029.0,4741.0,2580.0,12240.0,74.0,50.0,130.0,29400.0,120.0,65.0,57.0,125.0,1.0,1020.0
24.09.21,4,8,1,12695.0,11635.0,9360.0,8460.0,1620.0,77.0,45.0,134.0,38460.0,120.0,58.0,49.0,67.0,3.0,2760.0
25.09.21,5,8,1,7785.0,6720.0,17822.0,3240.0,2220.0,72.0,43.0,172.0,19020.0,120.0,57.0,52.0,67.0,0.0,240.0
26.09.21,6,8,1,9499.0,8754.0,12179.0,4141.0,5940.0,81.0,44.0,182.0,21600.0,120.0,59.0,53.0,70.0,3.0,1200.0
27.09.21,0,8,1,5473.0,5190.0,9780.0,1320.0,4020.0,66.0,50.0,163.0,25860.0,120.0,56.0,50.0,69.0,3.0,2160.0
28.09.21,1,8,1,8353.0,8420.0,8521.0,3060.0,10380.0,70.0,53.0,114.0,28800.0,120.0,52.0,46.0,59.0,5.0,2340.0
29.09.21,2,8,1,8990.0,8135.0,11882.0,4320.0,4081.0,79.0,51.0,132.0,27900.0,120.0,53.0,48.0,63.0,3.0,1020.0
30.09.21,3,8,1,15208.0,14668.0,7501.0,8578.0,13508.0,83.0,45.0,142.0,21600.0,120.0,58.0,52.0,68.0,1.0,480.0
01.10.21,4,9,1,9035.0,8389.0,9841.0,5520.0,1560.0,63.0,52.0,118.0,30480.0,120.0,58.0,52.0,68.0,6.0,3300.0
02.10.21,5,9,1,7315.0,7445.0,9420.0,2867.0,7834.0,100.0,54.0,191.0,26940.0,120.0,56.0,50.0,71.0,0.0,300.0
03.10.21,6,9,1,7303.0,6972.0,11760.0,3240.0,1620.0,73.0,46.0,106.0,25980.0,120.0,59.0,52.0,74.0,0.0,180.0
04.10.21,0,9,1,751.0,729.0,5820.0,0.0,3180.0,69.0,48.0,177.0,26160.0,240.0,54.0,49.0,62.0,3.0,1560.0
05.10.21,1,9,1,5069.0,5314.0,11401.0,1620.0,7800.0,73.0,48.0,144.0,24360.0,120.0,57.0,52.0,70.0,3.0,1740.0
06.10.21,2,9,1,18880.0,18747.0,5220.0,10620.0,10834.0,76.0,42.0,192.0,25680.0,120.0,58.0,50.0,79.0,0.0,720.0
07.10.21,3,9,1,8003.0,7749.0,12000.0,4200.0,5160.0,75.0,48.0,158.0,27060.0,180.0,59.0,53.0,75.0,3.0,1020.0
08.10.21,4,9,1,7188.0,7035.0,15722.0,2520.0,9360.0,71.0,49.0,127.0,18480.0,120.0,59.0,54.0,70.0,2.0,1620.0
09.10.21,5,9,1,6012.0,5272.0,8461.0,2340.0,720.0,69.0,48.0,110.0,36420.0,120.0,54.0,47.0,73.0,6.0,2760.0
10.10.21,6,9,1,1744.0,1920.0,7261.0,0.0,7500.0,66.0,45.0,120.0,34320.0,120.0,53.0,48.0,62.0,2.0,900.0
11.10.21,0,9,1,5048.0,5018.0,6480.0,2220.0,8521.0,70.0,47.0,113.0,26160.0,120.0,54.0,51.0,66.0,1.0,420.0
12.10.21,1,9,1,6778.0,6250.0,6301.0,3480.0,1680.0,71.0,42.0,129.0,28980.0,180.0,58.0,51.0,72.0,2.0,1560.0
13.10.21,2,9,1,5603.0,5504.0,7800.0,2220.0,2881.0,66.0,45.0,96.0,27480.0,120.0,57.0,51.0,98.0,1.0,900.0
14.10.21,3,9,1,7323.0,7614.0,5640.0,4482.0,7203.0,78.0,41.0,166.0,23880.0,120.0,59.0,53.0,68.0,2.0,2280.0
15.10.21,4,9,1,2791.0,3170.0,6900.0,420.0,3060.0,78.0,59.0,120.0,29040.0,120.0,58.0,48.0,76.0,1.0,960.0
16.10.21,5,9,1,10969.0,10095.0,13862.0,4440.0,2940.0,80.0,45.0,120.0,29160.0,120.0,60.0,52.0,89.0,2.0,1260.0
17.10.21,6,9,1,8167.0,8328.0,4921.0,5014.0,3179.0,74.0,39.0,180.0,28020.0,120.0,56.0,53.0,67.0,3.0,2160.0
18.10.21,0,9,1,4388.0,5157.0,5160.0,3721.0,4860.0,82.0,41.0,189.0,32460.0,120.0,64.0,57.0,81.0,0.0,720.0
19.10.21,1,9,1,2395.0,2212.0,6841.0,0.0,6391.0,72.0,54.0,168.0,27360.0,120.0,57.0,52.0,71.0,1.0,780.0
20.10.21,2,9,1,650.0,636.0,6060.0,60.0,1020.0,68.0,49.0,204.0,28200.0,120.0,56.0,49.0,66.0,2.0,1440.0
21.10.21,3,9,1,16267.0,15278.0,3541.0,9420.0,11472.0,75.0,48.0,155.0,27060.0,120.0,53.0,48.0,70.0,5.0,3120.0
22.10.21,4,9,1,11274.0,10024.0,8221.0,5340.0,5579.0,75.0,41.0,159.0,34860.0,120.0,58.0,52.0,77.0,6.0,1860.0
23.10.21,5,9,1,14846.0,12759.0,7320.0,7620.0,4860.0,89.0,45.0,203.0,13080.0,120.0,,,,3.0,1980.0
24.10.21,6,9,1,7105.0,6057.0,9001.0,3420.0,780.0,68.0,46.0,108.0,37620.0,120.0,57.0,49.0,75.0,3.0,1200.0
25.10.21,0,9,1,2171.0,2172.0,8163.0,60.0,4860.0,71.0,44.0,155.0,33120.0,120.0,56.0,48.0,71.0,3.0,3720.0
26.10.21,1,9,1,2452.0,2425.0,6721.0,300.0,4003.0,66.0,37.0,132.0,25320.0,120.0,52.0,49.0,57.0,0.0,120.0
27.10.21,2,9,1,8354.0,8313.0,7801.0,3421.0,13620.0,74.0,57.0,139.0,28860.0,120.0,54.0,49.0,64.0,1.0,540.0
28.10.21,3,9,1,9678.0,8918.0,6721.0,4320.0,8938.0,74.0,40.0,171.0,23880.0,120.0,54.0,50.0,59.0,0.0,180.0
29.10.21,4,9,1,11398.0,11044.0,6180.0,5340.0,9121.0,71.0,42.0,139.0,35580.0,120.0,55.0,50.0,65.0,2.0,960.0
30.10.21,5,9,1,9174.0,8267.0,12299.0,3900.0,4500.0,73.0,53.0,110.0,26880.0,120.0,56.0,52.0,65.0,2.0,1620.0
31.10.21,6,9,1,6814.0,10302.0,8099.0,3420.0,4260.0,70.0,45.0,118.0,34920.0,420.0,55.0,49.0,75.0,5.0,1860.0
01.11.21,0,10,1,2506.0,2995.0,7380.0,0.0,5640.0,76.0,54.0,166.0,26160.0,120.0,57.0,52.0,71.0,5.0,2220.0
02.11.21,1,10,1,6753.0,7022.0,8100.0,3000.0,10016.0,85.0,43.0,154.0,31380.0,120.0,60.0,54.0,69.0,1.0,1140.0
03.11.21,2,10,1,3380.0,3560.0,7680.0,600.0,5940.0,77.0,44.0,138.0,27540.0,120.0,69.0,60.0,87.0,2.0,1860.0
04.11.21,3,10,1,2908.0,3283.0,6900.0,60.0,12735.0,84.0,48.0,152.0,25680.0,120.0,63.0,55.0,74.0,1.0,420.0
05.11.21,4,10,1,9353.0,9528.0,9661.0,5219.0,9240.0,84.0,47.0,189.0,29640.0,120.0,59.0,51.0,73.0,2.0,1140.0
06.11.21,5,10,1,16580.0,15480.0,12240.0,8880.0,3720.0,74.0,45.0,122.0,32760.0,120.0,61.0,51.0,87.0,1.0,660.0
07.11.21,6,10,1,11238.0,10545.0,9420.0,5760.0,7080.0,76.0,42.0,120.0,22140.0,120.0,57.0,52.0,73.0,3.0,1080.0
08.11.21,0,10,1,7191.0,6688.0,7140.0,2760.0,4020.0,68.0,41.0,167.0,12180.0,120.0,55.0,49.0,63.0,0.0,120.0
09.11.21,1,10,1,5085.0,4847.0,9060.0,1859.0,3840.0,75.0,43.0,169.0,40800.0,120.0,56.0,49.0,78.0,8.0,3960.0
10.11.21,2,10,1,2254.0,2246.0,8220.0,60.0,6211.0,75.0,48.0,205.0,30540.0,120.0,54.0,46.0,72.0,2.0,840.0
11.11.21,3,10,1,5211.0,8370.0,10260.0,1500.0,2340.0,65.0,40.0,174.0,19500.0,120.0,53.0,49.0,62.0,1.0,720.0
12.11.21,4,10,1,5562.0,7215.0,12060.0,480.0,6767.0,82.0,49.0,179.0,32040.0,180.0,53.0,48.0,68.0,3.0,1560.0
13.11.21,5,10,1,9500.0,8658.0,12721.0,4380.0,4920.0,70.0,49.0,183.0,20460.0,120.0,56.0,50.0,65.0,2.0,1200.0
14.11.21,6,10,1,7233.0,6721.0,9720.0,3060.0,5880.0,66.0,55.0,98.0,30660.0,120.0,56.0,49.0,65.0,1.0,660.0
15.11.21,0,10,1,5759.0,5051.0,7740.0,2400.0,780.0,79.0,59.0,159.0,20700.0,120.0,58.0,52.0,81.0,0.0,180.0
16.11.21,1,10,1,4550.0,4355.0,6060.0,2520.0,600.0,81.0,49.0,148.0,32100.0,120.0,62.0,53.0,136.0,1.0,840.0
17.11.21,2,10,1,2659.0,2573.0,6840.0,1020.0,2820.0,72.0,44.0,105.0,22860.0,120.0,59.0,49.0,72.0,2.0,480.0
18.11.21,3,10,1,10587.0,9669.0,9660.0,4740.0,8100.0,75.0,47.0,133.0,24480.0,120.0,55.0,49.0,62.0,4.0,2100.0
19.11.21,4,10,1,7817.0,7284.0,9926.0,4020.0,3720.0,68.0,52.0,106.0,33720.0,120.0,59.0,48.0,71.0,5.0,2040.0
20.11.21,5,10,1,5481.0,4737.0,11880.0,1860.0,1800.0,75.0,51.0,139.0,36360.0,120.0,59.0,52.0,69.0,4.0,1920.0
21.11.21,6,10,1,1928.0,1775.0,8880.0,480.0,1980.0,70.0,38.0,107.0,32940.0,120.0,53.0,49.0,68.0,0.0,180.0
22.11.21,0,10,1,10276.0,8821.0,11400.0,4440.0,660.0,69.0,46.0,130.0,19680.0,120.0,59.0,52.0,73.0,3.0,1500.0
23.11.21,1,10,1,7422.0,7033.0,9240.0,2400.0,5760.0,71.0,44.0,181.0,31380.0,120.0,55.0,50.0,69.0,2.0,1620.0
24.11.21,2,10,1,6644.0,6572.0,8880.0,1980.0,7980.0,74.0,51.0,178.0,23760.0,120.0,59.0,52.0,73.0,8.0,3720.0
25.11.21,3,10,1,10240.0,9458.0,9060.0,8706.0,4200.0,87.0,43.0,186.0,27420.0,120.0,58.0,49.0,73.0,4.0,2040.0
26.11.21,4,10,1,11809.0,10652.0,13141.0,5460.0,6840.0,83.0,48.0,136.0,32040.0,120.0,66.0,58.0,76.0,2.0,1380.0
27.11.21,5,10,1,5166.0,4512.0,8820.0,2100.0,2940.0,70.0,38.0,124.0,37260.0,120.0,57.0,48.0,71.0,1.0,1500.0
28.11.21,6,10,1,1737.0,1860.0,8460.0,0.0,7740.0,64.0,51.0,75.0,34200.0,120.0,56.0,50.0,73.0,3.0,1440.0
29.11.21,0,10,1,4810.0,4660.0,11280.0,1560.0,6960.0,75.0,53.0,178.0,26280.0,120.0,54.0,48.0,65.0,1.0,540.0
30.11.21,1,10,1,7806.0,7875.0,6540.0,4020.0,4020.0,69.0,46.0,146.0,29100.0,120.0,54.0,50.0,60.0,1.0,540.0
01.12.21,2,11,1,5718.0,5143.0,12060.0,1740.0,6840.0,71.0,55.0,185.0,23520.0,300.0,57.0,52.0,77.0,2.0,960.0
02.12.21,3,11,1,6912.0,6572.0,8880.0,6645.0,5340.0,84.0,47.0,178.0,28260.0,120.0,61.0,54.0,83.0,1.0,960.0
03.12.21,4,11,1,1628.0,1552.0,7499.0,360.0,600.0,73.0,45.0,124.0,28260.0,120.0,59.0,53.0,68.0,3.0,1860.0
04.12.21,5,11,1,3921.0,4675.0,5940.0,4760.0,1200.0,75.0,44.0,166.0,28740.0,120.0,59.0,52.0,75.0,3.0,1440.0
05.12.21,6,11,1,706.0,849.0,4261.0,0.0,2700.0,66.0,44.0,91.0,30420.0,120.0,58.0,50.0,68.0,3.0,1440.0
06.12.21,0,11,1,6621.0,6881.0,8220.0,8992.0,1620.0,80.0,45.0,169.0,27780.0,120.0,57.0,48.0,73.0,1.0,540.0
07.12.21,1,11,1,7293.0,6887.0,7440.0,3000.0,3660.0,76.0,53.0,95.0,30300.0,120.0,59.0,52.0,78.0,2.0,2160.0
08.12.21,2,11,1,2307.0,2460.0,6660.0,180.0,5040.0,75.0,49.0,109.0,29160.0,120.0,59.0,52.0,83.0,2.0,1500.0
09.12.21,3,11,1,7952.0,7700.0,7080.0,8552.0,2760.0,78.0,49.0,146.0,32640.0,120.0,57.0,50.0,73.0,2.0,900.0
10.12.21,4,11,1,5692.0,5645.0,9841.0,1800.0,7500.0,80.0,56.0,209.0,36180.0,120.0,60.0,53.0,74.0,3.0,2400.0
11.12.21,5,11,1,8646.0,7836.0,13560.0,3480.0,3600.0,70.0,54.0,115.0,20400.0,120.0,64.0,54.0,77.0,1.0,1140.0
12.12.21,6,11,1,8697.0,8388.0,10140.0,5160.0,3480.0,73.0,50.0,156.0,25560.0,120.0,56.0,51.0,66.0,3.0,1140.0
13.12.21,0,11,1,3280.0,2986.0,9540.0,540.0,3720.0,66.0,50.0,113.0,22560.0,120.0,57.0,51.0,71.0,4.0,2100.0
14.12.21,1,11,1,3443.0,3621.0,10561.0,600.0,7814.0,78.0,46.0,178.0,29700.0,120.0,53.0,47.0,68.0,5.0,1440.0
15.12.21,2,11,1,6893.0,6550.0,8460.0,2520.0,6540.0,81.0,47.0,183.0,32580.0,420.0,53.0,48.0,73.0,3.0,7260.0
16.12.21,3,11,1,7733.0,7626.0,10740.0,6909.0,1860.0,90.0,46.0,183.0,27780.0,120.0,54.0,52.0,59.0,4.0,2760.0
17.12.21,4,11,1,15982.0,15668.0,8519.0,11283.0,2280.0,86.0,53.0,191.0,18720.0,180.0,61.0,50.0,71.0,1.0,720.0
18.12.21,5,11,1,1890.0,2058.0,5820.0,120.0,6360.0,66.0,40.0,134.0,31380.0,120.0,55.0,47.0,89.0,4.0,2340.0
19.12.21,6,11,1,20288.0,18420.0,8940.0,8520.0,7080.0,81.0,48.0,175.0,21780.0,120.0,51.0,45.0,71.0,1.0,780.0
20.12.21,0,11,1,9621.0,9588.0,8100.0,5520.0,4560.0,62.0,39.0,143.0,22860.0,120.0,56.0,51.0,70.0,3.0,3600.0
21.12.21,1,11,2,6770.0,6212.0,8880.0,3540.0,2220.0,65.0,47.0,133.0,30660.0,120.0,50.0,44.0,60.0,0.0,120.0
22.12.21,2,11,2,10703.0,10132.0,8160.0,5580.0,4877.0,77.0,48.0,177.0,31860.0,120.0,50.0,43.0,73.0,3.0,1380.0
23.12.21,3,11,2,7716.0,7236.0,10680.0,3480.0,3360.0,71.0,44.0,143.0,28920.0,120.0,54.0,51.0,62.0,1.0,780.0
24.12.21,4,11,2,2041.0,2016.0,11279.0,60.0,4620.0,68.0,54.0,90.0,35580.0,120.0,56.0,51.0,67.0,0.0,120.0
25.12.21,5,11,2,8789.0,7778.0,7860.0,5460.0,0.0,67.0,49.0,134.0,33120.0,240.0,62.0,53.0,77.0,2.0,660.0
26.12.21,6,11,2,3704.0,187.0,2520.0,0.0,0.0,68.0,49.0,112.0,36540.0,120.0,51.0,47.0,60.0,1.0,780.0
27.12.21,0,11,2,8754.0,8235.0,15120.0,3540.0,300.0,74.0,45.0,149.0,32160.0,120.0,52.0,47.0,70.0,1.0,780.0
28.12.21,1,11,2,5821.0,4949.0,16800.0,1320.0,0.0,67.0,39.0,155.0,25860.0,120.0,55.0,52.0,70.0,1.0,480.0
29.12.21,2,11,2,10243.0,9119.0,7440.0,5700.0,0.0,70.0,39.0,109.0,33660.0,120.0,60.0,55.0,70.0,3.0,1320.0
30.12.21,3,11,2,4480.0,3766.0,14821.0,1200.0,0.0,68.0,43.0,98.0,28020.0,120.0,56.0,49.0,68.0,3.0,1860.0
31.12.21,4,11,2,4787.0,3921.0,12420.0,1140.0,0.0,76.0,51.0,132.0,34440.0,120.0,54.0,44.0,70.0,4.0,3540.0
01.01.22,5,0,2,6651.0,5868.0,6000.0,3120.0,4800.0,72.0,55.0,104.0,31680.0,180.0,58.0,50.0,68.0,1.0,540.0
02.01.22,6,0,2,2548.0,2376.0,5460.0,900.0,780.0,70.0,43.0,86.0,31980.0,180.0,53.0,48.0,65.0,4.0,3120.0
03.01.22,0,0,2,4210.0,4135.0,8880.0,1980.0,720.0,68.0,49.0,209.0,19740.0,120.0,54.0,46.0,61.0,2.0,660.0
04.01.22,1,0,2,7013.0,6090.0,7439.0,3240.0,2340.0,72.0,50.0,111.0,28320.0,120.0,54.0,49.0,59.0,1.0,360.0
05.01.22,2,0,2,7315.0,6822.0,9181.0,2580.0,7440.0,73.0,44.0,168.0,35520.0,120.0,56.0,50.0,61.0,3.0,1140.0
06.01.22,3,0,2,4233.0,3679.0,13200.0,420.0,4560.0,73.0,47.0,148.0,29700.0,120.0,58.0,51.0,71.0,4.0,1980.0
07.01.22,4,0,2,4783.0,4171.0,10440.0,1200.0,5940.0,73.0,44.0,200.0,30780.0,120.0,56.0,52.0,65.0,1.0,780.0
08.01.22,5,0,2,13769.0,13368.0,15480.0,6600.0,6660.0,85.0,44.0,182.0,19560.0,120.0,56.0,53.0,68.0,0.0,420.0
09.01.22,6,0,2,5816.0,5303.0,8640.0,2880.0,5940.0,67.0,49.0,108.0,23100.0,120.0,58.0,52.0,72.0,0.0,540.0
10.01.22,0,0,2,5902.0,5829.0,8581.0,2280.0,9300.0,67.0,52.0,141.0,19740.0,120.0,55.0,46.0,61.0,2.0,840.0
11.01.22,1,0,2,8424.0,8368.0,8340.0,5991.0,10169.0,87.0,47.0,182.0,28860.0,120.0,56.0,51.0,65.0,0.0,600.0
12.01.22,2,0,2,799.0,850.0,5700.0,0.0,2880.0,70.0,49.0,142.0,32280.0,120.0,65.0,53.0,78.0,4.0,2520.0
13.01.22,3,0,2,1663.0,1995.0,3720.0,840.0,3660.0,74.0,47.0,164.0,29160.0,120.0,63.0,52.0,88.0,3.0,1440.0
14.01.22,4,0,2,2026.0,1912.0,7140.0,360.0,1620.0,69.0,53.0,97.0,19920.0,120.0,61.0,57.0,75.0,0.0,720.0
15.01.22,5,0,2,,,,,,,,,33660.0,120.0,60.0,52.0,71.0,2.0,2220.0
16.01.22,6,0,2,1858.0,2633.0,5100.0,0.0,8040.0,81.0,46.0,187.0,36420.0,120.0,63.0,45.0,92.0,2.0,1260.0
17.01.22,0,0,2,6786.0,6786.0,10560.0,5964.0,9769.0,90.0,52.0,178.0,27120.0,180.0,59.0,48.0,78.0,2.0,1140.0
18.01.22,1,0,2,2352.0,2044.0,8939.0,660.0,0.0,65.0,45.0,129.0,25800.0,120.0,61.0,54.0,72.0,2.0,720.0
19.01.22,2,0,2,4570.0,3805.0,9240.0,1080.0,840.0,66.0,45.0,87.0,18600.0,120.0,52.0,44.0,66.0,5.0,3300.0
20.01.22,3,0,2,4328.0,4010.0,8040.0,960.0,5434.0,74.0,41.0,159.0,30600.0,120.0,55.0,47.0,76.0,2.0,660.0
21.01.22,4,0,2,1389.0,1456.0,5580.0,120.0,1980.0,70.0,50.0,89.0,37680.0,120.0,55.0,49.0,70.0,3.0,1860.0
22.01.22,5,0,2,8669.0,8009.0,9060.0,4380.0,4440.0,71.0,46.0,157.0,34620.0,120.0,54.0,46.0,74.0,3.0,1320.0
23.01.22,6,0,2,1592.0,1556.0,6660.0,600.0,1183.0,71.0,43.0,174.0,39720.0,120.0,54.0,48.0,66.0,3.0,1560.0
24.01.22,0,0,2,4582.0,4265.0,8100.0,2280.0,5880.0,66.0,44.0,152.0,29340.0,120.0,54.0,50.0,67.0,0.0,120.0
25.01.22,1,0,2,10273.0,9578.0,7500.0,5880.0,0.0,63.0,47.0,99.0,,,,,,,
26.01.22,2,0,2,8632.0,7712.0,9060.0,3720.0,660.0,65.0,49.0,90.0,31140.0,120.0,50.0,45.0,64.0,3.0,1560.0
27.01.22,3,0,2,1944.0,1937.0,9180.0,900.0,3540.0,69.0,51.0,173.0,28920.0,180.0,49.0,43.0,58.0,1.0,660.0
28.01.22,4,0,2,4516.0,4094.0,9180.0,1860.0,3900.0,65.0,45.0,183.0,21180.0,120.0,49.0,45.0,59.0,1.0,780.0
29.01.22,5,0,2,4941.0,4768.0,14101.0,840.0,3660.0,66.0,45.0,133.0,23700.0,120.0,53.0,47.0,61.0,2.0,1080.0
30.01.22,6,0,2,5094.0,4954.0,10500.0,2460.0,0.0,70.0,47.0,93.0,25200.0,120.0,54.0,47.0,63.0,2.0,660.0
31.01.22,0,0,2,6680.0,6353.0,12721.0,2580.0,5520.0,71.0,45.0,163.0,19200.0,120.0,55.0,49.0,66.0,1.0,720.0
01.02.22,1,1,2,2139.0,2244.0,7140.0,0.0,8100.0,69.0,46.0,85.0,32640.0,120.0,61.0,53.0,83.0,0.0,120.0
02.02.22,2,1,2,8829.0,9178.0,13681.0,1440.0,16200.0,73.0,47.0,142.0,19380.0,120.0,55.0,47.0,63.0,0.0,120.0
03.02.22,3,1,2,8579.0,9484.0,6419.0,5705.0,5040.0,77.0,47.0,175.0,30480.0,120.0,60.0,53.0,73.0,1.0,540.0
04.02.22,4,1,2,6239.0,5761.0,8340.0,3240.0,2520.0,68.0,46.0,117.0,23100.0,120.0,52.0,47.0,62.0,0.0,120.0
05.02.22,5,1,2,14224.0,12846.0,13740.0,10243.0,5520.0,85.0,54.0,203.0,21840.0,120.0,61.0,53.0,71.0,2.0,1020.0
06.02.22,6,1,2,4658.0,4695.0,10620.0,2160.0,4920.0,69.0,44.0,104.0,35280.0,120.0,60.0,49.0,89.0,3.0,2220.0
07.02.22,0,1,2,3888.0,3804.0,6600.0,1800.0,2460.0,67.0,50.0,126.0,24900.0,120.0,57.0,51.0,72.0,3.0,1860.0
08.02.22,1,1,2,12842.0,13642.0,7199.0,7440.0,10963.0,85.0,48.0,172.0,24840.0,120.0,57.0,53.0,76.0,1.0,780.0
09.02.22,2,1,2,16696.0,16198.0,8520.0,9240.0,8160.0,84.0,48.0,176.0,25620.0,120.0,61.0,50.0,73.0,1.0,720.0
10.02.22,3,1,2,16477.0,15651.0,6001.0,10140.0,5100.0,79.0,51.0,182.0,21000.0,240.0,70.0,60.0,88.0,2.0,960.0
11.02.22,4,1,2,5845.0,4942.0,10081.0,2400.0,2700.0,75.0,42.0,190.0,35400.0,180.0,58.0,47.0,79.0,4.0,1620.0
12.02.22,5,1,2,11562.0,11086.0,9300.0,6900.0,6540.0,75.0,48.0,151.0,32220.0,240.0,59.0,49.0,74.0,4.0,2940.0
13.02.22,6,1,2,17046.0,15491.0,7620.0,10800.0,1140.0,75.0,49.0,135.0,33720.0,120.0,56.0,51.0,90.0,3.0,1440.0
14.02.22,0,1,2,9881.0,8353.0,15060.0,3540.0,1320.0,76.0,51.0,171.0,24360.0,120.0,59.0,53.0,75.0,3.0,1500.0
15.02.22,1,1,2,12417.0,11869.0,12000.0,6060.0,6480.0,76.0,48.0,120.0,26340.0,120.0,59.0,52.0,75.0,3.0,1020.0
16.02.22,2,1,2,12380.0,11356.0,9480.0,7380.0,9660.0,83.0,47.0,140.0,18840.0,240.0,64.0,59.0,72.0,1.0,1200.0
17.02.22,3,1,2,4249.0,4181.0,13681.0,1020.0,9720.0,90.0,83.0,93.0,24720.0,180.0,73.0,61.0,92.0,2.0,1200.0
18.02.22,4,1,2,8559.0,7522.0,13860.0,3600.0,4440.0,,,,22680.0,120.0,62.0,52.0,80.0,0.0,780.0
19.02.22,5,1,2,6881.0,6526.0,17760.0,1353.0,9960.0,,,,22260.0,120.0,57.0,50.0,73.0,1.0,480.0
20.02.22,6,1,2,11263.0,13585.0,4860.0,14869.0,1920.0,81.0,40.0,170.0,31080.0,180.0,60.0,52.0,72.0,7.0,3000.0
21.02.22,0,1,2,4737.0,4614.0,9000.0,2820.0,3420.0,65.0,45.0,114.0,21120.0,120.0,62.0,53.0,73.0,3.0,1560.0
22.02.22,1,1,2,2624.0,2681.0,8160.0,1440.0,4740.0,74.0,45.0,121.0,29460.0,120.0,57.0,51.0,68.0,3.0,1020.0
23.02.22,2,1,2,1165.0,1340.0,5700.0,0.0,2100.0,68.0,43.0,110.0,31140.0,120.0,61.0,52.0,116.0,3.0,1740.0
24.02.22,3,1,2,7379.0,7281.0,7380.0,2986.0,6960.0,83.0,47.0,172.0,34560.0,120.0,59.0,48.0,76.0,2.0,780.0
25.02.22,4,1,2,5469.0,5288.0,11220.0,1740.0,9720.0,76.0,45.0,119.0,30480.0,120.0,61.0,51.0,78.0,1.0,540.0
26.02.22,5,1,2,8207.0,7609.0,20040.0,1980.0,6600.0,78.0,51.0,175.0,22800.0,120.0,55.0,49.0,68.0,1.0,600.0
27.02.22,6,1,2,10694.0,9309.0,14160.0,6180.0,1680.0,77.0,47.0,203.0,29280.0,180.0,58.0,49.0,75.0,2.0,720.0
28.02.22,0,1,2,4911.0,4443.0,8220.0,2100.0,0.0,74.0,46.0,157.0,26760.0,180.0,55.0,48.0,65.0,1.0,600.0
01.03.22,1,2,2,773.0,721.0,6541.0,120.0,600.0,72.0,49.0,106.0,28200.0,120.0,64.0,57.0,74.0,3.0,1560.0
02.03.22,2,2,2,2080.0,2470.0,5281.0,3060.0,5220.0,75.0,51.0,191.0,31140.0,120.0,62.0,53.0,87.0,2.0,1320.0
03.03.22,3,2,2,6963.0,6799.0,8040.0,6604.0,1920.0,78.0,43.0,186.0,23220.0,240.0,63.0,57.0,84.0,2.0,660.0
04.03.22,4,2,2,11469.0,10391.0,9541.0,8222.0,3540.0,77.0,46.0,198.0,20100.0,120.0,67.0,60.0,76.0,1.0,660.0
05.03.22,5,2,2,7729.0,6654.0,8040.0,4140.0,840.0,69.0,47.0,107.0,42180.0,120.0,61.0,52.0,78.0,2.0,2460.0
06.03.22,6,2,2,9501.0,8422.0,9721.0,5400.0,1740.0,64.0,60.0,72.0,38040.0,120.0,54.0,48.0,66.0,3.0,1500.0
07.03.22,0,2,2,1944.0,2061.0,7201.0,60.0,6960.0,63.0,53.0,80.0,28260.0,120.0,52.0,47.0,67.0,1.0,300.0
08.03.22,1,2,2,12458.0,12040.0,11520.0,7500.0,4440.0,49.0,43.0,55.0,33420.0,120.0,51.0,43.0,64.0,7.0,3360.0
09.03.22,2,2,2,2295.0,2270.0,7860.0,240.0,4080.0,68.0,53.0,134.0,25320.0,120.0,58.0,50.0,93.0,6.0,2220.0
10.03.22,3,2,2,9603.0,9542.0,8341.0,4020.0,8220.0,72.0,49.0,181.0,30900.0,120.0,54.0,49.0,63.0,1.0,600.0
11.03.22,4,2,2,6828.0,6811.0,8400.0,9085.0,3600.0,80.0,42.0,142.0,19140.0,420.0,58.0,54.0,69.0,0.0,420.0
12.03.22,5,2,2,14168.0,12300.0,6720.0,7080.0,3660.0,81.0,52.0,136.0,31020.0,120.0,60.0,52.0,74.0,2.0,1500.0
13.03.22,6,2,2,935.0,873.0,6299.0,60.0,840.0,68.0,55.0,94.0,25020.0,120.0,58.0,53.0,68.0,3.0,1320.0
14.03.22,0,2,2,5640.0,5545.0,7742.0,2880.0,1619.0,,,,27420.0,120.0,60.0,53.0,76.0,3.0,1800.0
15.03.22,1,2,2,8832.0,8276.0,6059.0,4681.0,780.0,81.0,48.0,129.0,31200.0,120.0,65.0,53.0,78.0,4.0,2640.0
16.03.22,2,2,2,8765.0,9429.0,4020.0,9803.0,3840.0,86.0,43.0,176.0,30600.0,120.0,60.0,52.0,78.0,1.0,300.0
17.03.22,3,2,2,5985.0,6035.0,7380.0,4800.0,3360.0,77.0,54.0,180.0,30360.0,120.0,60.0,46.0,78.0,4.0,5580.0
18.03.22,4,2,2,4740.0,4429.0,8400.0,2760.0,0.0,67.0,47.0,86.0,17280.0,120.0,56.0,51.0,75.0,1.0,420.0
19.03.22,5,2,2,9084.0,8603.0,6601.0,7500.0,3660.0,74.0,56.0,134.0,37980.0,120.0,55.0,45.0,83.0,5.0,2460.0
20.03.22,6,2,3,8598.0,8175.0,10740.0,10200.0,4080.0,70.0,51.0,112.0,29880.0,120.0,53.0,47.0,71.0,0.0,120.0
21.03.22,0,2,3,6239.0,6033.0,7020.0,9060.0,4800.0,70.0,55.0,152.0,27180.0,120.0,56.0,50.0,74.0,3.0,840.0
22.03.22,1,2,3,3189.0,2990.0,7320.0,3120.0,2040.0,64.0,45.0,91.0,31020.0,120.0,54.0,48.0,90.0,1.0,360.0
23.03.22,2,2,3,7317.0,6319.0,13740.0,8460.0,5340.0,67.0,49.0,117.0,28440.0,120.0,55.0,50.0,73.0,1.0,420.0
24.03.22,3,2,3,4696.0,4497.0,10021.0,3060.0,7020.0,70.0,43.0,122.0,28020.0,180.0,53.0,48.0,60.0,0.0,180.0
25.03.22,4,2,3,9294.0,8865.0,10861.0,5700.0,9480.0,76.0,57.0,113.0,29040.0,240.0,56.0,50.0,75.0,2.0,1380.0
26.03.22,5,2,3,7200.0,6957.0,9601.0,11579.0,11964.0,87.0,45.0,168.0,33540.0,120.0,59.0,48.0,74.0,4.0,3060.0
27.03.22,6,2,3,2582.0,2511.0,10139.0,8100.0,5520.0,76.0,38.0,135.0,30060.0,120.0,57.0,50.0,72.0,4.0,1440.0
28.03.22,0,2,3,12450.0,11588.0,7980.0,16260.0,9360.0,69.0,54.0,124.0,26880.0,120.0,54.0,48.0,69.0,2.0,1440.0
29.03.22,1,2,3,7508.0,7542.0,6780.0,9446.0,4740.0,68.0,52.0,121.0,19740.0,120.0,55.0,50.0,65.0,3.0,1500.0
30.03.22,2,2,3,4522.0,4295.0,8760.0,3660.0,5340.0,73.0,47.0,112.0,31740.0,120.0,55.0,48.0,67.0,1.0,300.0
31.03.22,3,2,3,11843.0,11223.0,8340.0,12180.0,3840.0,76.0,53.0,177.0,29400.0,120.0,56.0,50.0,68.0,1.0,600.0
01.04.22,4,3,3,2165.0,2079.0,10680.0,960.0,0.0,69.0,45.0,118.0,26340.0,120.0,56.0,53.0,64.0,1.0,720.0
02.04.22,5,3,3,19484.0,17778.0,9600.0,14987.0,4680.0,85.0,40.0,184.0,33600.0,120.0,58.0,52.0,74.0,2.0,1140.0
03.04.22,6,3,3,741.0,705.0,7080.0,1440.0,0.0,74.0,50.0,103.0,29280.0,120.0,59.0,53.0,71.0,1.0,420.0
04.04.22,0,3,3,10391.0,9930.0,7560.0,8580.0,1140.0,72.0,43.0,89.0,32940.0,120.0,56.0,50.0,68.0,0.0,480.0
05.04.22,1,3,3,4908.0,4617.0,10258.0,2460.0,1200.0,68.0,47.0,126.0,22320.0,120.0,57.0,51.0,71.0,0.0,120.0
06.04.22,2,3,3,791.0,776.0,4979.0,180.0,0.0,71.0,45.0,103.0,,,,,,,
07.04.22,3,3,3,2718.0,3547.0,4200.0,12720.0,9840.0,73.0,51.0,104.0,,,,,,,
08.04.22,4,3,3,5840.0,5897.0,8460.0,14280.0,10620.0,74.0,43.0,104.0,29580.0,240.0,60.0,49.0,82.0,4.0,1860.0
09.04.22,5,3,3,3071.0,2830.0,6480.0,2940.0,1620.0,65.0,45.0,151.0,44700.0,120.0,58.0,49.0,163.0,7.0,3000.0
10.04.22,6,3,3,6169.0,5724.0,11340.0,8460.0,4380.0,73.0,51.0,167.0,33840.0,120.0,55.0,46.0,71.0,0.0,240.0
11.04.22,0,3,3,8892.0,7513.0,14640.0,6420.0,5225.0,69.0,46.0,166.0,26520.0,120.0,53.0,45.0,70.0,1.0,420.0
12.04.22,1,3,3,3942.0,3590.0,11340.0,6300.0,6960.0,69.0,53.0,101.0,22560.0,720.0,74.0,74.0,74.0,0.0,720.0
13.04.22,2,3,3,1159.0,1206.0,4920.0,3540.0,3180.0,96.0,65.0,196.0,32460.0,120.0,67.0,51.0,99.0,3.0,1620.0
14.04.22,3,3,3,11268.0,9917.0,9420.0,7260.0,1560.0,80.0,46.0,133.0,33720.0,120.0,85.0,72.0,111.0,1.0,1440.0
15.04.22,4,3,3,14864.0,12883.0,15970.0,13680.0,2760.0,77.0,46.0,154.0,31440.0,120.0,63.0,48.0,72.0,1.0,1260.0
16.04.22,5,3,3,7395.0,6051.0,17340.0,5100.0,1020.0,75.0,47.0,100.0,28320.0,120.0,69.0,59.0,78.0,2.0,540.0
17.04.22,6,3,3,6434.0,5732.0,6721.0,4800.0,0.0,83.0,58.0,95.0,35820.0,120.0,67.0,53.0,89.0,0.0,180.0
18.04.22,0,3,3,,,,,,,,,,,,,,,
19.04.22,1,3,3,,,,,,,,,,,,,,,
20.04.22,2,3,3,6484.0,5969.0,3001.0,8460.0,0.0,,,,22800.0,120.0,60.0,56.0,66.0,2.0,1140.0
21.04.22,3,3,3,,,,,,,,,45120.0,120.0,60.0,49.0,75.0,1.0,600.0
